run,model,lambda_boundary,seed,state_step,residual_loss,boundary_loss_unweighted,boundary_loss_weighted,total_loss,relative_l2_percent,gradient_component_cosine,gradient_composition_max_abs_error,total_quantum_parameters,total_quantum_l2,total_quantum_rms,total_quantum_unused_parameters,total_classical_parameters,total_classical_l2,total_classical_rms,total_classical_unused_parameters,total_all_parameters,total_all_l2,total_all_rms,total_all_unused_parameters,residual_quantum_parameters,residual_quantum_l2,residual_quantum_rms,residual_quantum_unused_parameters,residual_classical_parameters,residual_classical_l2,residual_classical_rms,residual_classical_unused_parameters,residual_all_parameters,residual_all_l2,residual_all_rms,residual_all_unused_parameters,boundary_unweighted_quantum_parameters,boundary_unweighted_quantum_l2,boundary_unweighted_quantum_rms,boundary_unweighted_quantum_unused_parameters,boundary_unweighted_classical_parameters,boundary_unweighted_classical_l2,boundary_unweighted_classical_rms,boundary_unweighted_classical_unused_parameters,boundary_unweighted_all_parameters,boundary_unweighted_all_l2,boundary_unweighted_all_rms,boundary_unweighted_all_unused_parameters
pinn_lambdaBC0.1_seed0,pinn,0.1,0,0,789.6327514648438,0.8046127557754517,0.08046127557754518,789.7131958007812,140.16181230545044,-0.044250441844649074,7.450580596923828e-09,0,0.0,0.0,0,76,27.53632898196889,3.158633560749806,0,76,27.53632898196889,3.158633560749806,0,0,0.0,0.0,0,76,27.54959329315287,3.160155081592086,1,76,27.54959329315287,3.160155081592086,1,0,0.0,0.0,0,76,3.4990767715226427,0.40137163270415155,0,76,3.4990767715226427,0.40137163270415155,0
pinn_lambdaBC0.1_seed0,pinn,0.1,0,100,86.94375610351562,11.064414978027344,1.1064414978027344,88.05020141601562,180.98585605621338,-0.7542176534464522,7.450580596923828e-09,0,0.0,0.0,0,76,180.36002610662126,20.688713875082097,0,76,180.36002610662126,20.688713875082097,0,0,0.0,0.0,0,76,181.73583307895652,20.846529758193363,1,76,181.73583307895652,20.846529758193363,1,0,0.0,0.0,0,76,18.29449163301382,2.0985221118883586,0,76,18.29449163301382,2.0985221118883586,0
pinn_lambdaBC0.1_seed0,pinn,0.1,0,200,7.188675403594971,21.270259857177734,2.1270259857177733,9.315701484680176,267.56432056427,-0.6782516103292707,2.384185791015625e-07,0,0.0,0.0,0,76,15.270567051153574,1.7516541733300086,0,76,15.270567051153574,1.7516541733300086,0,0,0.0,0.0,0,76,16.971479417675194,1.9467622027375444,1,76,16.971479417675194,1.9467622027375444,1,0,0.0,0.0,0,76,26.984038538794156,3.0952815020844913,0,76,26.984038538794156,3.0952815020844913,0
pinn_lambdaBC0.1_seed0,pinn,0.1,0,300,3.6625781059265137,23.56359100341797,2.356359100341797,6.018937110900879,281.3768148422241,-0.827721982679645,5.960464477539063e-08,0,0.0,0.0,0,76,5.388919929682621,0.6181515102189173,0,76,5.388919929682621,0.6181515102189173,0,0,0.0,0.0,0,76,7.48275720138174,0.8583311173651114,1,76,7.48275720138174,0.8583311173651114,1,0,0.0,0.0,0,76,28.157717605927523,3.22991172434195,0,76,28.157717605927523,3.22991172434195,0
pinn_lambdaBC0.1_seed0,pinn,0.1,0,400,2.585498571395874,24.62083625793457,2.4620836257934573,5.047582149505615,288.012433052063,-0.7440594579115529,1.1920928955078125e-07,0,0.0,0.0,0,76,3.2571302535504096,0.37361846371513807,0,76,3.2571302535504096,0.37361846371513807,0,0,0.0,0.0,0,76,4.7773321624141225,0.5479975819918368,1,76,4.7773321624141225,0.5479975819918368,1,0,0.0,0.0,0,76,29.05533407379899,3.332875394697467,0,76,29.05533407379899,3.332875394697467,0
pinn_lambdaBC0.1_seed0,pinn,0.1,0,500,2.1597540378570557,24.678668975830078,2.467866897583008,4.627620697021484,288.52686882019043,-0.780179709214555,1.1920928955078125e-07,0,0.0,0.0,0,76,2.124384014496462,0.24368355885429796,0,76,2.124384014496462,0.24368355885429796,0,0,0.0,0.0,0,76,3.3599137517383966,0.3854085395484284,1,76,3.3599137517383966,0.3854085395484284,1,0,0.0,0.0,0,76,29.301920599053,3.361160809024337,0,76,29.301920599053,3.361160809024337,0
pinn_lambdaBC0.1_seed0,pinn,0.1,0,600,1.9690419435501099,24.529651641845703,2.4529651641845707,4.422007083892822,287.6836061477661,-0.8053251112137357,1.1920928955078125e-07,0,0.0,0.0,0,76,1.9310420727711148,0.22150571712985803,0,76,1.9310420727711148,0.22150571712985803,0,0,0.0,0.0,0,76,3.20498679761466,0.36763719911011444,1,76,3.20498679761466,0.36763719911011444,1,0,0.0,0.0,0,76,29.257830200783616,3.3561032934865294,0,76,29.257830200783616,3.3561032934865294,0
pinn_lambdaBC0.1_seed0,pinn,0.1,0,700,1.7899872064590454,24.369003295898438,2.436900329589844,4.2268877029418945,286.74795627593994,-0.8245092031053597,1.1920928955078125e-07,0,0.0,0.0,0,76,1.8177449017127632,0.20850964030795285,0,76,1.8177449017127632,0.20850964030795285,0,0,0.0,0.0,0,76,3.1671354159686635,0.3632953478609489,1,76,3.1671354159686635,0.3632953478609489,1,0,0.0,0.0,0,76,29.154788883250067,3.344283643746055,0,76,29.154788883250067,3.344283643746055,0
pinn_lambdaBC0.1_seed0,pinn,0.1,0,800,1.6159141063690186,24.197612762451172,2.4197612762451173,4.035675525665283,285.7441186904907,-0.845482359179979,1.1920928955078125e-07,0,0.0,0.0,0,76,1.6897872625573107,0.19383189246235655,0,76,1.6897872625573107,0.19383189246235655,0,0,0.0,0.0,0,76,3.1267658427145655,0.3586646402238837,1,76,3.1267658427145655,0.3586646402238837,1,0,0.0,0.0,0,76,29.033799388409804,3.330405196871351,0,76,29.033799388409804,3.330405196871351,0
pinn_lambdaBC0.1_seed0,pinn,0.1,0,900,1.4515671730041504,24.009233474731445,2.4009233474731446,3.8524906635284424,284.63730812072754,-0.8650003102286676,1.1920928955078125e-07,0,0.0,0.0,0,76,1.562095413385128,0.17918463281879385,0,76,1.562095413385128,0.17918463281879385,0,0,0.0,0.0,0,76,3.08070464919189,0.3533810589664045,1,76,3.08070464919189,0.3533810589664045,1,0,0.0,0.0,0,76,28.89792499340798,3.3148193348495703,0,76,28.89792499340798,3.3148193348495703,0
pinn_lambdaBC0.1_seed0,pinn,0.1,0,1000,1.3016260862350464,23.7917537689209,2.37917537689209,3.6808013916015625,283.33191871643066,-0.40181567820659864,1.1920928955078125e-07,0,0.0,0.0,0,76,7.729597917295402,0.8866456893603453,0,76,7.729597917295402,0.8866456893603453,0,0,0.0,0.0,0,76,8.422606314364337,0.966139204356361,1,76,8.422606314364337,0.966139204356361,1,0,0.0,0.0,0,76,28.743239790946653,3.2970757252287792,0,76,28.743239790946653,3.2970757252287792,0
pinn_lambdaBC0.1_seed1,pinn,0.1,1,0,787.0150146484375,0.0005264449864625931,5.264449864625931e-05,787.0150756835938,99.63487386703491,0.0588274507777273,9.313225746154785e-10,0,0.0,0.0,0,76,2.6081194932170333,0.29917182377925167,0,76,2.6081194932170333,0.29917182377925167,0,0,0.0,0.0,0,76,2.6076872086982976,0.29912223734419835,1,76,2.6076872086982976,0.29912223734419835,1,0,0.0,0.0,0,76,0.0718166517702596,0.008237934935000342,0,76,0.0718166517702596,0.008237934935000342,0
pinn_lambdaBC0.1_seed1,pinn,0.1,1,100,52.09135818481445,21.05010986328125,2.105010986328125,54.19636917114258,254.73034381866455,-0.13128674800948892,2.421438694000244e-08,0,0.0,0.0,0,76,194.40060951130712,22.299279247960516,0,76,194.40060951130712,22.299279247960516,0,0,0.0,0.0,0,76,194.74615513895583,22.33891604983691,1,76,194.74615513895583,22.33891604983691,1,0,0.0,0.0,0,76,27.80875454402835,3.1898829158722917,0,76,27.80875454402835,3.1898829158722917,0
pinn_lambdaBC0.1_seed1,pinn,0.1,1,200,5.40110969543457,31.934425354003906,3.193442535400391,8.594552040100098,328.1134366989136,-0.20457846333983565,1.1920928955078125e-07,0,0.0,0.0,0,76,7.987108280074783,0.9161841537884984,0,76,7.987108280074783,0.9161841537884984,0,0,0.0,0.0,0,76,7.911812171448513,0.9075470977794516,1,76,7.911812171448513,0.9075470977794516,1,0,0.0,0.0,0,76,35.722871877718546,4.097694433895427,0,76,35.722871877718546,4.097694433895427,0
pinn_lambdaBC0.1_seed1,pinn,0.1,1,300,4.450381278991699,30.76380729675293,3.076380729675293,7.526762008666992,322.3073482513428,0.02604384822707966,2.384185791015625e-07,0,0.0,0.0,0,76,6.038991266789002,0.6927198066541561,0,76,6.038991266789002,0.6927198066541561,0,0,0.0,0.0,0,76,4.847936028914671,0.5560964009154982,1,76,4.847936028914671,0.5560964009154982,1,0,0.0,0.0,0,76,34.76916248786652,3.9882964641093523,0,76,34.76916248786652,3.9882964641093523,0
pinn_lambdaBC0.1_seed1,pinn,0.1,1,400,4.084786891937256,29.36958122253418,2.9369581222534182,7.021744728088379,314.7117853164673,-0.4853184974244151,1.1920928955078125e-07,0,0.0,0.0,0,76,3.2764052388069933,0.37582945615912977,0,76,3.2764052388069933,0.37582945615912977,0,0,0.0,0.0,0,76,3.058879501567601,0.35087754283687467,1,76,3.058879501567601,0.35087754283687467,1,0,0.0,0.0,0,76,33.77126695284466,3.8738299958627547,0,76,33.77126695284466,3.8738299958627547,0
pinn_lambdaBC0.1_seed1,pinn,0.1,1,500,3.8989381790161133,28.65277099609375,2.8652770996093753,6.764215469360352,310.7504367828369,-0.7339346366410012,1.1920928955078125e-07,0,0.0,0.0,0,76,2.3877704544115885,0.27389605555663965,0,76,2.3877704544115885,0.27389605555663965,0,0,0.0,0.0,0,76,3.21005924307591,0.36821904850911996,1,76,3.21005924307591,0.36821904850911996,1,0,0.0,0.0,0,76,33.29410787497204,3.8190960958511804,0,76,33.29410787497204,3.8190960958511804,0
pinn_lambdaBC0.1_seed1,pinn,0.1,1,600,3.6584808826446533,28.22771644592285,2.8227716445922852,6.481252670288086,308.4412097930908,-0.7127591260408083,1.1920928955078125e-07,0,0.0,0.0,0,76,2.5942093533447377,0.29757622130572925,0,76,2.5942093533447377,0.29757622130572925,0,0,0.0,0.0,0,76,3.5209896366375997,0.4038852107199288,1,76,3.5209896366375997,0.4038852107199288,1,0,0.0,0.0,0,76,33.03805205406535,3.789724478818612,0,76,33.03805205406535,3.789724478818612,0
pinn_lambdaBC0.1_seed1,pinn,0.1,1,700,3.254556894302368,27.772838592529297,2.77728385925293,6.031840801239014,306.0069799423218,-0.6051760785901179,1.1920928955078125e-07,0,0.0,0.0,0,76,3.2029322892102607,0.3674015308334452,0,76,3.2029322892102607,0.3674015308334452,0,0,0.0,0.0,0,76,3.8414066831197875,0.4406395666516033,1,76,3.8414066831197875,0.4406395666516033,1,0,0.0,0.0,0,76,32.76951054743861,3.7589206554098715,0,76,32.76951054743861,3.7589206554098715,0
pinn_lambdaBC0.1_seed1,pinn,0.1,1,800,2.7478997707366943,27.061969757080078,2.706196975708008,5.454096794128418,302.13963985443115,-0.5983304917321428,1.1920928955078125e-07,0,0.0,0.0,0,76,2.9645073238702895,0.34005231163517874,0,76,2.9645073238702895,0.34005231163517874,0,0,0.0,0.0,0,76,3.375018685452517,0.3871411942749739,1,76,3.375018685452517,0.3871411942749739,1,0,0.0,0.0,0,76,32.34051346735405,3.7097113154319077,0,76,32.34051346735405,3.7097113154319077,0
pinn_lambdaBC0.1_seed1,pinn,0.1,1,900,2.5436623096466064,26.304218292236328,2.630421829223633,5.174084186553955,297.8372573852539,-0.8404931565783376,1.1920928955078125e-07,0,0.0,0.0,0,76,1.7435223903027666,0.1999957343455326,0,76,1.7435223903027666,0.1999957343455326,0,0,0.0,0.0,0,76,2.9172632961764986,0.3346330499929927,1,76,2.9172632961764986,0.3346330499929927,1,0,0.0,0.0,0,76,31.877764421170177,3.6566303594178198,0,76,31.877764421170177,3.6566303594178198,0
pinn_lambdaBC0.1_seed1,pinn,0.1,1,1000,2.4403862953186035,25.940404891967773,2.5940404891967774,5.034426689147949,295.75068950653076,-0.8754978039822439,1.1920928955078125e-07,0,0.0,0.0,0,76,1.5597741394554532,0.1789183644377484,0,76,1.5597741394554532,0.1789183644377484,0,0,0.0,0.0,0,76,3.0757762921007274,0.3528157376369819,1,76,3.0757762921007274,0.3528157376369819,1,0,0.0,0.0,0,76,31.659719275195727,3.6316188658274986,0,76,31.659719275195727,3.6316188658274986,0
pinn_lambdaBC0.1_seed2,pinn,0.1,2,0,787.075927734375,0.10441043972969055,0.010441043972969057,787.0863647460938,105.99429607391357,0.13515487505851448,7.450580596923828e-09,0,0.0,0.0,0,76,0.5543546471285425,0.06358883909777545,0,76,0.5543546471285425,0.06358883909777545,0,0,0.0,0.0,0,76,0.5237433070441393,0.06007747757266308,1,76,0.5237433070441393,0.06007747757266308,1,0,0.0,0.0,0,76,1.2418212172533436,0.14244666294610508,0,76,1.2418212172533436,0.14244666294610508,0
pinn_lambdaBC0.1_seed2,pinn,0.1,2,100,458.3868713378906,7.34304141998291,0.7343041419982911,459.1211853027344,354.13222312927246,-0.37809364870474166,0.0,0,0.0,0.0,0,76,180.66976076829064,20.724242877438115,0,76,180.66976076829064,20.724242877438115,0,0,0.0,0.0,0,76,181.23313002377046,20.788865763031122,1,76,181.23313002377046,20.788865763031122,1,0,0.0,0.0,0,76,15.042221104247638,1.725461096837112,0,76,15.042221104247638,1.725461096837112,0
pinn_lambdaBC0.1_seed2,pinn,0.1,2,200,411.65545654296875,5.314518928527832,0.5314518928527833,412.1869201660156,284.20398235321045,-0.41146059441453786,2.384185791015625e-07,0,0.0,0.0,0,76,12.937881971591143,1.4840768436216463,0,76,12.937881971591143,1.4840768436216463,0,0,0.0,0.0,0,76,13.879668472794041,1.592107164283072,1,76,13.879668472794041,1.592107164283072,1,0,0.0,0.0,0,76,29.983015322805596,3.439287731966872,0,76,29.983015322805596,3.439287731966872,0
pinn_lambdaBC0.1_seed2,pinn,0.1,2,300,405.4616394042969,5.113504409790039,0.511350440979004,405.9729919433594,269.7197437286377,-0.46426969665830753,2.384185791015625e-07,0,0.0,0.0,0,76,11.493548702638266,1.3184004551964006,0,76,11.493548702638266,1.3184004551964006,0,0,0.0,0.0,0,76,12.650156089324824,1.451072421404805,1,76,12.650156089324824,1.451072421404805,1,0,0.0,0.0,0,76,33.1020924982889,3.7970704215730824,0,76,33.1020924982889,3.7970704215730824,0
pinn_lambdaBC0.1_seed2,pinn,0.1,2,400,400.1785888671875,5.028629302978516,0.5028629302978516,400.68145751953125,248.07708263397217,-0.5220857288640866,3.5762786865234375e-07,0,0.0,0.0,0,76,8.520580966213243,0.9773776676836757,0,76,8.520580966213243,0.9773776676836757,0,0,0.0,0.0,0,76,9.87200419337502,1.1323965433981966,1,76,9.87200419337502,1.1323965433981966,1,0,0.0,0.0,0,76,38.471697938781354,4.413006407936051,0,76,38.471697938781354,4.413006407936051,0
pinn_lambdaBC0.1_seed2,pinn,0.1,2,500,397.9474182128906,4.962501525878906,0.4962501525878906,398.44366455078125,232.3274850845337,-0.7260206354633358,1.1920928955078125e-07,0,0.0,0.0,0,76,4.8525043682023865,0.5566204253706286,0,76,4.8525043682023865,0.5566204253706286,0,0,0.0,0.0,0,76,6.939722761847128,0.7960407951337003,1,76,6.939722761847128,0.7960407951337003,1,0,0.0,0.0,0,76,41.59554633951845,4.771336394613792,0,76,41.59554633951845,4.771336394613792,0
pinn_lambdaBC0.1_seed2,pinn,0.1,2,600,396.8988037109375,4.915253162384033,0.49152531623840334,397.39031982421875,239.64381217956543,-0.7983366365658863,1.1920928955078125e-07,0,0.0,0.0,0,76,3.5837580404377527,0.4110852404307767,0,76,3.5837580404377527,0.4110852404307767,0,0,0.0,0.0,0,76,5.842715769806272,0.6702054630636051,1,76,5.842715769806272,0.6702054630636051,1,0,0.0,0.0,0,76,39.839192094847284,4.569868745624836,0,76,39.839192094847284,4.569868745624836,0
pinn_lambdaBC0.1_seed2,pinn,0.1,2,700,396.13409423828125,4.9188008308410645,0.49188008308410647,396.6259765625,243.5851812362671,-0.8390843745972999,2.384185791015625e-07,0,0.0,0.0,0,76,2.9537806913447766,0.3388218824987786,0,76,2.9537806913447766,0.3388218824987786,0,0,0.0,0.0,0,76,5.338272231831436,0.6123418208332252,1,76,5.338272231831436,0.6123418208332252,1,0,0.0,0.0,0,76,39.39404669304313,4.518807066107833,0,76,39.39404669304313,4.518807066107833,0
pinn_lambdaBC0.1_seed2,pinn,0.1,2,800,395.5119934082031,4.926349639892578,0.4926349639892578,396.004638671875,243.8000202178955,-0.8735196302479459,1.1920928955078125e-07,0,0.0,0.0,0,76,2.5024335386949237,0.28704881337100135,0,76,2.5024335386949237,0.28704881337100135,0,0,0.0,0.0,0,76,5.05450312942965,0.5797912723945771,1,76,5.05450312942965,0.5797912723945771,1,0,0.0,0.0,0,76,39.588805494023035,4.541147432735111,0,76,39.588805494023035,4.541147432735111,0
pinn_lambdaBC0.1_seed2,pinn,0.1,2,900,395.0316162109375,4.931233882904053,0.4931233882904053,395.5247497558594,242.08142757415771,-0.9112366908099561,1.1920928955078125e-07,0,0.0,0.0,0,76,2.01100167515759,0.2306777125606038,0,76,2.01100167515759,0.2306777125606038,0,0,0.0,0.0,0,76,4.792827425352278,0.5497750105510739,1,76,4.792827425352278,0.5497750105510739,1,0,0.0,0.0,0,76,39.83838339819382,4.56977598175672,0,76,39.83838339819382,4.56977598175672,0
pinn_lambdaBC0.1_seed2,pinn,0.1,2,1000,394.7272644042969,4.932653427124023,0.49326534271240235,395.22052001953125,239.87972736358643,-0.9468464167006764,2.384185791015625e-07,0,0.0,0.0,0,76,1.4931303373870632,0.1712737960580263,0,76,1.4931303373870632,0.1712737960580263,0,0,0.0,0.0,0,76,4.547427644031429,0.521625725089375,1,76,4.547427644031429,0.521625725089375,1,0,0.0,0.0,0,76,40.06511038998159,4.595783351361348,0,76,40.06511038998159,4.595783351361348,0
pinn_lambdaBC10_seed0,pinn,10.0,0,0,789.6327514648438,0.8046127557754517,8.046127557754517,797.6788940429688,140.16181230545044,-0.044250441844649074,9.5367431640625e-07,0,0.0,0.0,0,76,43.56628002037984,4.9973950514429175,0,76,43.56628002037984,4.9973950514429175,0,0,0.0,0.0,0,76,27.54959329315287,3.160155081592086,1,76,27.54959329315287,3.160155081592086,1,0,0.0,0.0,0,76,3.4990767715226427,0.40137163270415155,0,76,3.4990767715226427,0.40137163270415155,0
pinn_lambdaBC10_seed0,pinn,10.0,0,100,103.55776977539062,13.895042419433594,138.95042419433594,242.50819396972656,195.01737356185913,-0.94267159253682,7.62939453125e-06,0,0.0,0.0,0,76,78.11511841803652,8.96041860912984,0,76,78.11511841803652,8.96041860912984,0,0,0.0,0.0,0,76,176.49041619365406,20.244839176094015,1,76,176.49041619365406,20.244839176094015,1,0,0.0,0.0,0,76,21.768440907537663,2.4970114230103553,0,76,21.768440907537663,2.4970114230103553,0
pinn_lambdaBC10_seed0,pinn,10.0,0,200,59.98561096191406,12.119970321655273,121.19970321655273,181.18531799316406,184.28313732147217,-0.9938570183877921,7.62939453125e-06,0,0.0,0.0,0,76,24.121028015417807,2.7668716719347284,0,76,24.121028015417807,2.7668716719347284,0,0,0.0,0.0,0,76,209.0216528111809,23.97642793725742,1,76,209.0216528111809,23.97642793725742,1,0,0.0,0.0,0,76,21.457105727377257,2.4612988285922435,0,76,21.457105727377257,2.4612988285922435,0
pinn_lambdaBC10_seed0,pinn,10.0,0,300,56.628902435302734,11.572649002075195,115.72649002075195,172.3553924560547,180.23300170898438,-0.9971508866733757,1.52587890625e-05,0,0.0,0.0,0,76,16.03210820331517,1.8390089344779013,0,76,16.03210820331517,1.8390089344779013,0,0,0.0,0.0,0,76,209.863485703189,24.072992792615626,1,76,209.863485703189,24.072992792615626,1,0,0.0,0.0,0,76,21.180022751750535,2.429515231494022,0,76,21.180022751750535,2.429515231494022,0
pinn_lambdaBC10_seed0,pinn,10.0,0,400,51.46327209472656,11.259220123291016,112.59220123291016,164.05548095703125,178.3373475074768,-0.9986805015234311,1.52587890625e-05,0,0.0,0.0,0,76,10.979828808994508,1.2594727419943057,0,76,10.979828808994508,1.2594727419943057,0,0,0.0,0.0,0,76,207.86374717919549,23.843607052100023,1,76,207.86374717919549,23.843607052100023,1,0,0.0,0.0,0,76,21.015919128603564,2.410691254926482,0,76,21.015919128603564,2.410691254926482,0
pinn_lambdaBC10_seed0,pinn,10.0,0,500,48.15192413330078,11.122572898864746,111.22572898864746,159.37765502929688,177.56774425506592,-0.9990665798542899,1.52587890625e-05,0,0.0,0.0,0,76,9.20005581363272,1.0553187780673392,0,76,9.20005581363272,1.0553187780673392,0,0,0.0,0.0,0,76,207.63273484763647,23.817108120311143,1,76,207.63273484763647,23.817108120311143,1,0,0.0,0.0,0,76,20.9488073415973,2.4029930049927786,0,76,20.9488073415973,2.4029930049927786,0
pinn_lambdaBC10_seed0,pinn,10.0,0,600,45.226871490478516,11.004242897033691,110.04242897033691,155.26930236816406,176.8959641456604,-0.9993003655637834,7.62939453125e-06,0,0.0,0.0,0,76,7.8967431920909625,0.9058185673004554,0,76,7.8967431920909625,0.9058185673004554,0,0,0.0,0.0,0,76,207.4738232613886,23.798879711221346,1,76,207.4738232613886,23.798879711221346,1,0,0.0,0.0,0,76,20.879366466867715,2.3950275903744274,0,76,20.879366466867715,2.3950275903744274,0
pinn_lambdaBC10_seed0,pinn,10.0,0,700,42.59905242919922,10.901674270629883,109.01674270629883,151.61578369140625,176.33943557739258,-0.9995530803742566,7.62939453125e-06,0,0.0,0.0,0,76,6.288350626210136,0.7213232868737025,0,76,6.288350626210136,0.7213232868737025,0,0,0.0,0.0,0,76,207.07290910274045,23.752891703258666,1,76,207.07290910274045,23.752891703258666,1,0,0.0,0.0,0,76,20.809144733298602,2.386972605104217,0,76,20.809144733298602,2.386972605104217,0
pinn_lambdaBC10_seed0,pinn,10.0,0,800,41.529964447021484,10.81270980834961,108.1270980834961,149.6570587158203,175.72486400604248,-0.999749582239035,7.62939453125e-06,0,0.0,0.0,0,76,4.659906913192688,0.5345279821293023,0,76,4.659906913192688,0.5345279821293023,0,0,0.0,0.0,0,76,206.97951773101528,23.74217897821791,1,76,206.97951773101528,23.74217897821791,1,0,0.0,0.0,0,76,20.744111068935936,2.379512732186191,0,76,20.744111068935936,2.379512732186191,0
pinn_lambdaBC10_seed0,pinn,10.0,0,900,40.644508361816406,10.769458770751953,107.69458770751953,148.33909606933594,175.47048330307007,-0.9998336810462692,1.52587890625e-05,0,0.0,0.0,0,76,3.7849755260019653,0.4341664689899282,0,76,3.7849755260019653,0.4341664689899282,0,0,0.0,0.0,0,76,206.91034272123264,23.734244060400517,1,76,206.91034272123264,23.734244060400517,1,0,0.0,0.0,0,76,20.715669884865978,2.376250304628412,0,76,20.715669884865978,2.376250304628412,0
pinn_lambdaBC10_seed0,pinn,10.0,0,1000,39.97456359863281,10.740596771240234,107.40596771240234,147.38052368164062,175.3118872642517,-0.999883199756362,7.62939453125e-06,0,0.0,0.0,0,76,3.166734192144569,0.3632493243319234,0,76,3.166734192144569,0.3632493243319234,0,0,0.0,0.0,0,76,206.8370536417019,23.725837226417898,1,76,206.8370536417019,23.725837226417898,1,0,0.0,0.0,0,76,20.696549956502906,2.3740570984299287,0,76,20.696549956502906,2.3740570984299287,0
pinn_lambdaBC10_seed1,pinn,10.0,1,0,787.0150146484375,0.0005264449864625931,0.005264449864625931,787.020263671875,99.63487386703491,0.0588274507777273,5.960464477539063e-08,0,0.0,0.0,0,76,2.745202065576816,0.3148962732486436,0,76,2.745202065576816,0.3148962732486436,0,0,0.0,0.0,0,76,2.6076872086982976,0.29912223734419835,1,76,2.6076872086982976,0.29912223734419835,1,0,0.0,0.0,0,76,0.0718166517702596,0.008237934935000342,0,76,0.0718166517702596,0.008237934935000342,0
pinn_lambdaBC10_seed1,pinn,10.0,1,100,124.14907836914062,10.084781646728516,100.84781646728516,224.99688720703125,160.537850856781,-0.7911479803806213,7.62939453125e-06,0,0.0,0.0,0,76,135.31469489425209,15.521660016318,0,76,135.31469489425209,15.521660016318,0,0,0.0,0.0,0,76,217.89521693126594,24.994295549585814,1,76,217.89521693126594,24.994295549585814,1,0,0.0,0.0,0,76,19.58210609921301,2.2462216207410783,0,76,19.58210609921301,2.2462216207410783,0
pinn_lambdaBC10_seed1,pinn,10.0,1,200,53.37263107299805,4.418571472167969,44.18571472167969,97.558349609375,135.34820079803467,-0.9914165575711539,3.814697265625e-06,0,0.0,0.0,0,76,24.604438069763443,2.822322608123784,0,76,24.604438069763443,2.822322608123784,0,0,0.0,0.0,0,76,170.24807332610976,19.52879334107934,1,76,170.24807332610976,19.52879334107934,1,0,0.0,0.0,0,76,17.927192136066935,2.05638997006718,0,76,17.927192136066935,2.05638997006718,0
pinn_lambdaBC10_seed1,pinn,10.0,1,300,41.39495086669922,3.6444427967071533,36.44442796707153,77.8393783569336,113.15361261367798,-0.9453822780261868,5.7220458984375e-06,0,0.0,0.0,0,76,56.99272151119014,6.537513515385119,0,76,56.99272151119014,6.537513515385119,0,0,0.0,0.0,0,76,173.9910133551379,19.95813800787584,1,76,173.9910133551379,19.95813800787584,1,0,0.0,0.0,0,76,17.010961061109025,1.9512910578389386,0,76,17.010961061109025,1.9512910578389386,0
pinn_lambdaBC10_seed1,pinn,10.0,1,400,0.5531057715415955,0.07318197190761566,0.7318197190761566,1.2849254608154297,15.231464803218842,-0.9602609643840335,2.384185791015625e-06,0,0.0,0.0,0,76,10.483459855189796,1.20253531809047,0,76,10.483459855189796,1.20253531809047,0,0,0.0,0.0,0,76,35.59880857550099,4.083463397133104,1,76,35.59880857550099,4.083463397133104,1,0,0.0,0.0,0,76,3.75283243807475,0.43047940393708417,0,76,3.75283243807475,0.43047940393708417,0
pinn_lambdaBC10_seed1,pinn,10.0,1,500,0.35333260893821716,0.00451669842004776,0.0451669842004776,0.39849960803985596,3.717658296227455,-0.9696361319049478,2.384185791015625e-07,0,0.0,0.0,0,76,2.3677852009014786,0.27160358975633414,0,76,2.3677852009014786,0.27160358975633414,0,0,0.0,0.0,0,76,9.609821266573627,1.10232209911796,1,76,9.609821266573627,1.10232209911796,1,0,0.0,0.0,0,76,0.960687042837208,0.11019836147621893,0,76,0.960687042837208,0.11019836147621893,0
pinn_lambdaBC10_seed1,pinn,10.0,1,600,0.22122949361801147,0.0019183466210961342,0.019183466210961342,0.24041296541690826,2.422679588198662,-0.9712098340057334,4.76837158203125e-07,0,0.0,0.0,0,76,1.555158445839552,0.17838890806864152,0,76,1.555158445839552,0.17838890806864152,0,0,0.0,0.0,0,76,6.512791258951336,0.7470683931090504,1,76,6.512791258951336,0.7470683931090504,1,0,0.0,0.0,0,76,0.6431761341083606,0.0737773624072502,0,76,0.6431761341083606,0.0737773624072502,0
pinn_lambdaBC10_seed1,pinn,10.0,1,700,0.14834338426589966,0.0010043594520539045,0.010043594520539045,0.1583869755268097,1.7538759857416153,-0.9735734085940665,2.384185791015625e-07,0,0.0,0.0,0,76,1.1041812407905944,0.12665827484104084,0,76,1.1041812407905944,0.12665827484104084,0,0,0.0,0.0,0,76,4.8291414228362175,0.5539405117423498,1,76,4.8291414228362175,0.5539405117423498,1,0,0.0,0.0,0,76,0.4755714408305914,0.054551785553015285,0,76,0.4755714408305914,0.054551785553015285,0
pinn_lambdaBC10_seed1,pinn,10.0,1,800,0.10775316506624222,0.0005392872844822705,0.005392872844822705,0.11314603686332703,1.2847071513533592,-0.9750479210278362,2.384185791015625e-07,0,0.0,0.0,0,76,0.7984136326912771,0.09158432473806523,0,76,0.7984136326912771,0.09158432473806523,0,0,0.0,0.0,0,76,3.5944143186622375,0.41230759937537625,1,76,3.5944143186622375,0.41230759937537625,1,0,0.0,0.0,0,76,0.35321997952231093,0.04051711040992788,0,76,0.35321997952231093,0.04051711040992788,0
pinn_lambdaBC10_seed1,pinn,10.0,1,900,0.08489199727773666,0.00029329268727451563,0.0029329268727451563,0.08782492578029633,0.9465661831200123,-0.9757004430327945,1.1920928955078125e-07,0,0.0,0.0,0,76,0.5874780984031502,0.0673883595390204,0,76,0.5874780984031502,0.0673883595390204,0,0,0.0,0.0,0,76,2.680720218303031,0.3074996980918212,1,76,2.680720218303031,0.3074996980918212,1,0,0.0,0.0,0,76,0.2626947016365715,0.030133148879931154,0,76,0.2626947016365715,0.030133148879931154,0
pinn_lambdaBC10_seed1,pinn,10.0,1,1000,0.07145671546459198,0.00016276445239782333,0.0016276445239782333,0.07308436185121536,0.7043083664029837,-0.9751201214243932,5.960464477539063e-08,0,0.0,0.0,0,76,0.4473758326909702,0.051317527486376295,0,76,0.4473758326909702,0.051317527486376295,0,0,0.0,0.0,0,76,2.018139658524207,0.23149649540680792,1,76,2.018139658524207,0.23149649540680792,1,0,0.0,0.0,0,76,0.19686326081851135,0.022581764726415297,0,76,0.19686326081851135,0.022581764726415297,0
pinn_lambdaBC10_seed2,pinn,10.0,2,0,787.075927734375,0.10441043972969055,1.0441043972969055,788.1200561523438,105.99429607391357,0.13515487505851448,4.76837158203125e-07,0,0.0,0.0,0,76,12.499776015659103,1.4338226439250399,0,76,12.499776015659103,1.4338226439250399,0,0,0.0,0.0,0,76,0.5237433070441393,0.06007747757266308,1,76,0.5237433070441393,0.06007747757266308,1,0,0.0,0.0,0,76,1.2418212172533436,0.14244666294610508,0,76,1.2418212172533436,0.14244666294610508,0
pinn_lambdaBC10_seed2,pinn,10.0,2,100,569.8065185546875,2.024996280670166,20.24996280670166,590.0564575195312,58.04535746574402,-0.7004493477791098,7.62939453125e-06,0,0.0,0.0,0,76,395.1534450758774,45.32720879678157,0,76,395.1534450758774,45.32720879678157,0,0,0.0,0.0,0,76,461.56189462341814,52.94478039085919,1,76,461.56189462341814,52.94478039085919,1,0,0.0,0.0,0,76,10.505723732879177,1.2050891600099272,0,76,10.505723732879177,1.2050891600099272,0
pinn_lambdaBC10_seed2,pinn,10.0,2,200,67.5512924194336,3.5027973651885986,35.027973651885986,102.57926940917969,130.23505210876465,-0.9931599014191418,7.62939453125e-06,0,0.0,0.0,0,76,37.01226431221212,4.245597889698673,0,76,37.01226431221212,4.245597889698673,0,0,0.0,0.0,0,76,291.0574585074776,33.38658022099678,1,76,291.0574585074776,33.38658022099678,1,0,0.0,0.0,0,76,27.440567116730353,3.1476489214545498,0,76,27.440567116730353,3.1476489214545498,0
pinn_lambdaBC10_seed2,pinn,10.0,2,300,41.24705505371094,2.8996143341064453,28.996143341064453,70.24319458007812,95.21200060844421,-0.9639995810778165,7.62939453125e-06,0,0.0,0.0,0,76,58.12968685163578,6.667932384366985,0,76,58.12968685163578,6.667932384366985,0,0,0.0,0.0,0,76,218.2120546474393,25.030639328172708,1,76,218.2120546474393,25.030639328172708,1,0,0.0,0.0,0,76,21.38710229538445,2.4532688842301997,0,76,21.38710229538445,2.4532688842301997,0
pinn_lambdaBC10_seed2,pinn,10.0,2,400,0.9459418654441833,0.018289506435394287,0.18289506435394287,1.1288368701934814,7.412306219339371,-0.9670890982191738,4.76837158203125e-07,0,0.0,0.0,0,76,5.153444348306948,0.5911406085639687,0,76,5.153444348306948,0.5911406085639687,0,0,0.0,0.0,0,76,20.226085906235685,2.320091170754043,1,76,20.226085906235685,2.320091170754043,1,0,0.0,0.0,0,76,1.9288826005329094,0.22125800867570752,0,76,1.9288826005329094,0.22125800867570752,0
pinn_lambdaBC10_seed2,pinn,10.0,2,500,0.25941699743270874,0.004474005661904812,0.04474005661904812,0.3041570484638214,3.8594406098127365,-0.970955225430427,2.384185791015625e-07,0,0.0,0.0,0,76,2.3415707533907404,0.26859658639949047,0,76,2.3415707533907404,0.26859658639949047,0,0,0.0,0.0,0,76,9.783843309106896,1.1222837964166719,1,76,9.783843309106896,1.1222837964166719,1,0,0.0,0.0,0,76,0.9443428248624723,0.10832355109561174,0,76,0.9443428248624723,0.10832355109561174,0
pinn_lambdaBC10_seed2,pinn,10.0,2,600,0.1151207983493805,0.0005491816555149853,0.005491816555149853,0.12061261385679245,1.415763609111309,-0.9641693950925434,1.7881393432617188e-07,0,0.0,0.0,0,76,0.8836332331317831,0.1013596833256726,0,76,0.8836332331317831,0.1013596833256726,0,0,0.0,0.0,0,76,3.32557494563341,0.38146960834702115,1,76,3.32557494563341,0.38146960834702115,1,0,0.0,0.0,0,76,0.32561581773582404,0.03735069589286358,0,76,0.32561581773582404,0.03735069589286358,0
pinn_lambdaBC10_seed2,pinn,10.0,2,700,0.07813604176044464,8.58771163620986e-05,0.000858771163620986,0.07899481058120728,0.5892459768801928,-0.9044564751043112,5.960464477539063e-08,0,0.0,0.0,0,76,0.5585860705347969,0.06407421665080691,0,76,0.5585860705347969,0.06407421665080691,0,0,0.0,0.0,0,76,1.30472554933721,0.14966228470043394,1,76,1.30472554933721,0.14966228470043394,1,0,0.0,0.0,0,76,0.1227699648674057,0.014082680793659482,0,76,0.1227699648674057,0.014082680793659482,0
pinn_lambdaBC10_seed2,pinn,10.0,2,800,0.05890592560172081,2.939496152976062e-05,0.0002939496152976062,0.059199877083301544,0.38127866573631763,-0.8553717210430244,2.9802322387695312e-08,0,0.0,0.0,0,76,0.42649058681828855,0.048921825481902104,0,76,0.42649058681828855,0.048921825481902104,0,0,0.0,0.0,0,76,0.8230598899489395,0.09441144433602988,1,76,0.8230598899489395,0.09441144433602988,1,0,0.0,0.0,0,76,0.07146944381659631,0.008198107451252663,0,76,0.07146944381659631,0.008198107451252663,0
pinn_lambdaBC10_seed2,pinn,10.0,2,900,0.0461762510240078,1.9100427380180918e-05,0.00019100427380180918,0.046367254108190536,0.3319061128422618,-0.8783790959402912,2.9802322387695312e-08,0,0.0,0.0,0,76,0.34891884537574086,0.04002373648657233,0,76,0.34891884537574086,0.04002373648657233,0,0,0.0,0.0,0,76,0.7291455064269072,0.08363872572767567,1,76,0.7291455064269072,0.08363872572767567,1,0,0.0,0.0,0,76,0.06234904484097732,0.0071519259391606875,0,76,0.06234904484097732,0.0071519259391606875,0
pinn_lambdaBC10_seed2,pinn,10.0,2,1000,0.036538850516080856,1.5445388271473348e-05,0.00015445388271473348,0.036693304777145386,0.308512756600976,-0.9013587299619351,2.2351741790771484e-08,0,0.0,0.0,0,76,0.2989539860367855,0.03429237405007941,0,76,0.2989539860367855,0.03429237405007941,0,0,0.0,0.0,0,76,0.6877469058348532,0.0788899805596555,1,76,0.6877469058348532,0.0788899805596555,1,0,0.0,0.0,0,76,0.05941767807671165,0.006815675110426796,0,76,0.05941767807671165,0.006815675110426796,0
pinn_lambdaBC1_seed0,pinn,1.0,0,0,789.6327514648438,0.8046127557754517,0.8046127557754517,790.4373779296875,140.16181230545044,-0.044250441844649074,0.0,0,0.0,0.0,0,76,27.616884765692337,3.1678739428700227,0,76,27.616884765692337,3.1678739428700227,0,0,0.0,0.0,0,76,27.54959329315287,3.160155081592086,1,76,27.54959329315287,3.160155081592086,1,0,0.0,0.0,0,76,3.4990767715226427,0.40137163270415155,0,76,3.4990767715226427,0.40137163270415155,0
pinn_lambdaBC1_seed0,pinn,1.0,0,100,99.06353759765625,12.45936393737793,12.45936393737793,111.52290344238281,184.54101085662842,-0.790957854127167,0.0,0,0.0,0.0,0,76,170.26123995309612,19.53030365677568,0,76,170.26123995309612,19.53030365677568,0,0,0.0,0.0,0,76,184.79541646714517,21.1974880423631,1,76,184.79541646714517,21.1974880423631,1,0,0.0,0.0,0,76,18.870986218423443,2.1646505760804358,0,76,18.870986218423443,2.1646505760804358,0
pinn_lambdaBC1_seed0,pinn,1.0,0,200,6.364938735961914,24.64181137084961,24.64181137084961,31.006750106811523,285.310697555542,-0.89390678218559,0.0,0,0.0,0.0,0,76,16.027485250889224,1.838478645466178,0,76,16.027485250889224,1.838478645466178,0,0,0.0,0.0,0,76,35.05751246577992,4.021372475006634,1,76,35.05751246577992,4.021372475006634,1,0,0.0,0.0,0,76,28.186831009484592,3.233251260763207,0,76,28.186831009484592,3.233251260763207,0
pinn_lambdaBC1_seed0,pinn,1.0,0,300,5.491412162780762,20.519248962402344,20.519248962402344,26.010662078857422,261.9374752044678,-0.9638394314531293,0.0,0,0.0,0.0,0,76,7.6710056196673415,0.8799246918805933,0,76,7.6710056196673415,0.8799246918805933,0,0,0.0,0.0,0,76,23.58311523857862,2.705168844706271,1,76,23.58311523857862,2.705168844706271,1,0,0.0,0.0,0,76,27.12911100272543,3.1119224549730933,0,76,27.12911100272543,3.1119224549730933,0
pinn_lambdaBC1_seed0,pinn,1.0,0,400,5.628267288208008,18.803194046020508,18.803194046020508,24.431461334228516,250.63624382019043,-0.9748157980083553,0.0,0,0.0,0.0,0,76,5.938692319394245,0.6812147283426496,0,76,5.938692319394245,0.6812147283426496,0,0,0.0,0.0,0,76,25.170589762292586,2.8872646611356014,1,76,25.170589762292586,2.8872646611356014,1,0,0.0,0.0,0,76,26.475380152673917,3.0369343836138962,0,76,26.475380152673917,3.0369343836138962,0
pinn_lambdaBC1_seed0,pinn,1.0,0,500,5.235884189605713,18.050003051757812,18.050003051757812,23.285886764526367,245.54250240325928,-0.9801754224932312,0.0,0,0.0,0.0,0,76,5.172616197532522,0.5933397704938392,0,76,5.172616197532522,0.5933397704938392,0,0,0.0,0.0,0,76,25.319695700312934,2.9043682852332995,1,76,25.319695700312934,2.9043682852332995,1,0,0.0,0.0,0,76,26.078471918168358,2.9914058866647153,0,76,26.078471918168358,2.9914058866647153,0
pinn_lambdaBC1_seed0,pinn,1.0,0,600,4.774129390716553,17.620380401611328,17.620380401611328,22.39451026916504,242.63107776641846,-0.9845364573360125,0.0,0,0.0,0.0,0,76,4.519894119083948,0.5184674131734401,0,76,4.519894119083948,0.5184674131734401,0,0,0.0,0.0,0,76,25.197847025347812,2.89039128363916,1,76,25.197847025347812,2.89039128363916,1,0,0.0,0.0,0,76,25.780107333455202,2.9571811215832384,0,76,25.780107333455202,2.9571811215832384,0
pinn_lambdaBC1_seed0,pinn,1.0,0,700,4.366762161254883,17.215389251708984,17.215389251708984,21.582151412963867,239.86852169036865,-0.9869050774047997,0.0,0,0.0,0.0,0,76,4.122235202829284,0.4728528071220721,0,76,4.122235202829284,0.4728528071220721,0,0,0.0,0.0,0,76,25.09030998090187,2.8780559386542417,1,76,25.09030998090187,2.8780559386542417,1,0,0.0,0.0,0,76,25.545153492838974,2.9302300676978987,0,76,25.545153492838974,2.9302300676978987,0
pinn_lambdaBC1_seed0,pinn,1.0,0,800,4.014105319976807,16.789825439453125,16.789825439453125,20.803930282592773,236.9117259979248,-0.989247747836477,0.0,0,0.0,0.0,0,76,3.70599798641729,0.4251071238883734,0,76,3.70599798641729,0.4251071238883734,0,0,0.0,0.0,0,76,25.06705115797855,2.8753879686892825,1,76,25.06705115797855,2.8753879686892825,1,0,0.0,0.0,0,76,25.34027581857643,2.906728986700581,0,76,25.34027581857643,2.906728986700581,0
pinn_lambdaBC1_seed0,pinn,1.0,0,900,3.724295139312744,16.395687103271484,16.395687103271484,20.11998176574707,234.15303230285645,-0.9658844266585288,0.0,0,0.0,0.0,0,76,7.005591710048173,0.8035964816791127,0,76,7.005591710048173,0.8035964816791127,0,0,0.0,0.0,0,76,26.880839400979372,3.0834437491161975,1,76,26.880839400979372,3.0834437491161975,1,0,0.0,0.0,0,76,25.17831137593861,2.888150390966235,0,76,25.17831137593861,2.888150390966235,0
pinn_lambdaBC1_seed0,pinn,1.0,0,1000,3.5088424682617188,16.070758819580078,16.070758819580078,19.579601287841797,231.83789253234863,-0.9943454923459341,0.0,0,0.0,0.0,0,76,2.663123208783818,0.30548118266543245,0,76,2.663123208783818,0.30548118266543245,0,0,0.0,0.0,0,76,25.00081775281518,2.867790476063132,1,76,25.00081775281518,2.867790476063132,1,0,0.0,0.0,0,76,25.068193803245006,2.875519039090461,0,76,25.068193803245006,2.875519039090461,0
pinn_lambdaBC1_seed1,pinn,1.0,1,0,787.0150146484375,0.0005264449864625931,0.0005264449864625931,787.0155639648438,99.63487386703491,0.0588274507777273,0.0,0,0.0,0.0,0,76,2.6128957371665997,0.29971969653466896,0,76,2.6128957371665997,0.29971969653466896,0,0,0.0,0.0,0,76,2.6076872086982976,0.29912223734419835,1,76,2.6076872086982976,0.29912223734419835,1,0,0.0,0.0,0,76,0.0718166517702596,0.008237934935000342,0,76,0.0718166517702596,0.008237934935000342,0
pinn_lambdaBC1_seed1,pinn,1.0,1,100,54.75877380371094,20.609830856323242,20.609830856323242,75.36860656738281,251.31525993347168,-0.18037550167787014,0.0,0,0.0,0.0,0,76,186.26612382071926,21.366189745777618,0,76,186.26612382071926,21.366189745777618,0,0,0.0,0.0,0,76,189.25115587493778,21.708596405450464,1,76,189.25115587493778,21.708596405450464,1,0,0.0,0.0,0,76,27.476490384284627,3.1517696028490456,0,76,27.476490384284627,3.1517696028490456,0
pinn_lambdaBC1_seed1,pinn,1.0,1,200,6.352242469787598,28.20551300048828,28.20551300048828,34.55775451660156,306.05387687683105,-0.8880272887708266,0.0,0,0.0,0.0,0,76,15.260276620652094,1.7504737799973382,0,76,15.260276620652094,1.7504737799973382,0,0,0.0,0.0,0,76,30.056400770831313,3.447705620173992,1,76,30.056400770831313,3.447705620173992,1,0,0.0,0.0,0,76,33.163388801353925,3.80410158974869,0,76,33.163388801353925,3.80410158974869,0
pinn_lambdaBC1_seed1,pinn,1.0,1,300,5.281519889831543,25.676856994628906,25.676856994628906,30.958377838134766,291.91174507141113,-0.9690123786120479,0.0,0,0.0,0.0,0,76,8.291037224263155,0.9510471946762385,0,76,8.291037224263155,0.9510471946762385,0,0,0.0,0.0,0,76,27.503902019754502,3.154913933083003,1,76,27.503902019754502,3.154913933083003,1,0,0.0,0.0,0,76,31.404068453000676,3.602293705333254,0,76,31.404068453000676,3.602293705333254,0
pinn_lambdaBC1_seed1,pinn,1.0,1,400,5.394421577453613,24.359905242919922,24.359905242919922,29.75432586669922,284.0081453323364,-0.9875927656481432,0.0,0,0.0,0.0,0,76,4.845209006345941,0.5557835899735548,0,76,4.845209006345941,0.5557835899735548,0,0,0.0,0.0,0,76,29.537980873787998,3.388238779607345,1,76,29.537980873787998,3.388238779607345,1,0,0.0,0.0,0,76,30.571483524280602,3.506789664117311,0,76,30.571483524280602,3.506789664117311,0
pinn_lambdaBC1_seed1,pinn,1.0,1,500,4.596629619598389,23.86650848388672,23.86650848388672,28.463138580322266,281.2138557434082,-0.9804581191129287,0.0,0,0.0,0.0,0,76,5.962775476344107,0.6839772559054359,0,76,5.962775476344107,0.6839772559054359,0,0,0.0,0.0,0,76,29.604148096409414,3.39582868057528,1,76,29.604148096409414,3.39582868057528,1,0,0.0,0.0,0,76,30.30473993420988,3.47619207588164,0,76,30.30473993420988,3.47619207588164,0
pinn_lambdaBC1_seed1,pinn,1.0,1,600,3.7672269344329834,23.10899543762207,23.10899543762207,26.876222610473633,276.86731815338135,-0.9885357244648952,0.0,0,0.0,0.0,0,76,4.644475227549397,0.5327578463859447,0,76,4.644475227549397,0.5327578463859447,0,0,0.0,0.0,0,76,28.409575891880703,3.2588018510936156,1,76,28.409575891880703,3.2588018510936156,1,0,0.0,0.0,0,76,29.864751544338546,3.4257219462032102,0,76,29.864751544338546,3.4257219462032102,0
pinn_lambdaBC1_seed1,pinn,1.0,1,700,3.762504816055298,22.466495513916016,22.466495513916016,26.229000091552734,272.9235887527466,-0.9930943715544555,0.0,0,0.0,0.0,0,76,3.491477557417724,0.40049994306379183,0,76,3.491477557417724,0.40049994306379183,0,0,0.0,0.0,0,76,28.79945414558996,3.3035239539410566,1,76,28.79945414558996,3.3035239539410566,1,0,0.0,0.0,0,76,29.480828451510327,3.381682947157689,0,76,29.480828451510327,3.381682947157689,0
pinn_lambdaBC1_seed1,pinn,1.0,1,800,3.5248193740844727,22.15070915222168,22.15070915222168,25.67552947998047,271.02301120758057,-0.9933758936313598,0.0,0,0.0,0.0,0,76,3.3882916350043675,0.38866370600600625,0,76,3.3882916350043675,0.38866370600600625,0,0,0.0,0.0,0,76,28.72326838591882,3.2947848479583364,1,76,28.72326838591882,3.2947848479583364,1,0,0.0,0.0,0,76,29.29890522852519,3.3608149223030725,0,76,29.29890522852519,3.3608149223030725,0
pinn_lambdaBC1_seed1,pinn,1.0,1,900,3.2600619792938232,21.846445083618164,21.846445083618164,25.10650634765625,269.18671131134033,-0.9934118055091868,0.0,0,0.0,0.0,0,76,3.35321273169864,0.3846398798333773,0,76,3.35321273169864,0.3846398798333773,0,0,0.0,0.0,0,76,28.59791167360999,3.2804054468833708,1,76,28.59791167360999,3.2804054468833708,1,0,0.0,0.0,0,76,29.118984365534338,3.3401765838922373,0,76,29.118984365534338,3.3401765838922373,0
pinn_lambdaBC1_seed1,pinn,1.0,1,1000,2.959374189376831,21.538835525512695,21.538835525512695,24.49820899963379,267.3222064971924,-0.9932638934885515,0.0,0,0.0,0.0,0,76,3.364977985207377,0.38598944696731735,0,76,3.364977985207377,0.38598944696731735,0,0,0.0,0.0,0,76,28.443743736092053,3.262721171620876,1,76,28.443743736092053,3.262721171620876,1,0,0.0,0.0,0,76,28.93052350927523,3.3185586410699583,0,76,28.93052350927523,3.3185586410699583,0
pinn_lambdaBC1_seed2,pinn,1.0,2,0,787.075927734375,0.10441043972969055,0.10441043972969055,787.1803588867188,105.99429607391357,0.13515487505851448,0.0,0,0.0,0.0,0,76,1.4114656445242324,0.16190621333580613,0,76,1.4114656445242324,0.16190621333580613,0,0,0.0,0.0,0,76,0.5237433070441393,0.06007747757266308,1,76,0.5237433070441393,0.06007747757266308,1,0,0.0,0.0,0,76,1.2418212172533436,0.14244666294610508,0,76,1.2418212172533436,0.14244666294610508,0
pinn_lambdaBC1_seed2,pinn,1.0,2,100,459.1340637207031,7.429335117340088,7.429335117340088,466.5633850097656,359.48596000671387,-0.3536864247293682,0.0,0,0.0,0.0,0,76,207.08929669744072,23.75477148929093,0,76,207.08929669744072,23.75477148929093,0,0,0.0,0.0,0,76,211.4568923775822,24.255769073395708,1,76,211.4568923775822,24.255769073395708,1,0,0.0,0.0,0,76,13.426419886942922,1.5401159858086577,0,76,13.426419886942922,1.5401159858086577,0
pinn_lambdaBC1_seed2,pinn,1.0,2,200,412.3910827636719,4.974677085876465,4.974677085876465,417.3657531738281,273.7279415130615,-0.921807693199347,0.0,0,0.0,0.0,0,76,13.291228004120939,1.5246084133031836,0,76,13.291228004120939,1.5246084133031836,0,0,0.0,0.0,0,76,33.63177611983904,3.857829299951654,1,76,33.63177611983904,3.857829299951654,1,0,0.0,0.0,0,76,28.41625543941915,3.2595680477438433,0,76,28.41625543941915,3.2595680477438433,0
pinn_lambdaBC1_seed2,pinn,1.0,2,300,403.6184387207031,4.900487422943115,4.900487422943115,408.5189208984375,255.70437908172607,-0.9437709247838174,0.0,0,0.0,0.0,0,76,12.672945887498322,1.4536865905411727,0,76,12.672945887498322,1.4536865905411727,0,0,0.0,0.0,0,76,37.77724422299328,4.333347103512722,1,76,37.77724422299328,4.333347103512722,1,0,0.0,0.0,0,76,33.50259120549014,3.8430107739864745,0,76,33.50259120549014,3.8430107739864745,0
pinn_lambdaBC1_seed2,pinn,1.0,2,400,399.5948181152344,4.778687000274658,4.778687000274658,404.3735046386719,230.17542362213135,-0.9917284803280924,0.0,0,0.0,0.0,0,76,5.181775093131181,0.5943903678714442,0,76,5.181775093131181,0.5943903678714442,0,0,0.0,0.0,0,76,39.5115396930222,4.532284437515259,1,76,39.5115396930222,4.532284437515259,1,0,0.0,0.0,0,76,38.12105028601662,4.3727843636415455,0,76,38.12105028601662,4.3727843636415455,0
pinn_lambdaBC1_seed2,pinn,1.0,2,500,398.1796569824219,4.733798980712891,4.733798980712891,402.9134521484375,238.82527351379395,-0.9946159839367994,0.0,0,0.0,0.0,0,76,3.962426910806064,0.4545215388255181,0,76,3.962426910806064,0.4545215388255181,0,0,0.0,0.0,0,76,37.02926258274907,4.247547725053556,1,76,37.02926258274907,4.247547725053556,1,0,0.0,0.0,0,76,35.84236098664666,4.111400774702568,0,76,35.84236098664666,4.111400774702568,0
pinn_lambdaBC1_seed2,pinn,1.0,2,600,397.0660400390625,4.73882532119751,4.73882532119751,401.80487060546875,242.11359024047852,-0.9964341212211965,0.0,0,0.0,0.0,0,76,3.1759938981767957,0.36431148545932784,0,76,3.1759938981767957,0.36431148545932784,0,0,0.0,0.0,0,76,36.278187178099174,4.1613934674786135,1,76,36.278187178099174,4.1613934674786135,1,0,0.0,0.0,0,76,35.301829501066614,4.0493975609803226,0,76,35.301829501066614,4.0493975609803226,0
pinn_lambdaBC1_seed2,pinn,1.0,2,700,396.1919250488281,4.740814208984375,4.740814208984375,400.9327392578125,242.85399913787842,-0.9976988073640467,0.0,0,0.0,0.0,0,76,2.5332666130315986,0.2905856095592183,0,76,2.5332666130315986,0.2905856095592183,0,0,0.0,0.0,0,76,36.043667310339075,4.134492193693908,1,76,36.043667310339075,4.134492193693908,1,0,0.0,0.0,0,76,35.29355646925488,4.04844857914811,0,76,35.29355646925488,4.04844857914811,0
pinn_lambdaBC1_seed2,pinn,1.0,2,800,331.2110900878906,2.535234212875366,2.535234212875366,333.746337890625,224.3335247039795,-0.14563582305885323,0.0,0,0.0,0.0,0,76,237.50271476423777,27.243429801944156,0,76,237.50271476423777,27.243429801944156,0,0,0.0,0.0,0,76,239.4976480324722,27.472264341821557,1,76,239.4976480324722,27.472264341821557,1,0,0.0,0.0,0,76,18.60089482146949,2.133668968058277,0,76,18.60089482146949,2.133668968058277,0
pinn_lambdaBC1_seed2,pinn,1.0,2,900,62.80830001831055,4.066619873046875,4.066619873046875,66.87492370605469,128.20513248443604,-0.48352848223279,0.0,0,0.0,0.0,0,76,66.43130235733884,7.620192991143034,0,76,66.43130235733884,7.620192991143034,0,0,0.0,0.0,0,76,73.60452483200085,8.44301804026373,1,76,73.60452483200085,8.44301804026373,1,0,0.0,0.0,0,76,19.399395347304623,2.225263260123526,0,76,19.399395347304623,2.225263260123526,0
pinn_lambdaBC1_seed2,pinn,1.0,2,1000,16.212133407592773,10.490346908569336,10.490346908569336,26.70248031616211,185.11734008789062,-0.8742974834926648,0.0,0,0.0,0.0,0,76,18.12505504583353,2.0790864023921136,0,76,18.12505504583353,2.0790864023921136,0,0,0.0,0.0,0,76,32.43488473216933,3.720536441918853,1,76,32.43488473216933,3.720536441918853,1,0,0.0,0.0,0,76,19.376805896582287,2.2226720724159272,0,76,19.376805896582287,2.2226720724159272,0
qpinn_lambdaBC0.1_seed0,qpinn,0.1,0,0,788.4058837890625,0.051918476819992065,0.0051918476819992065,788.4110717773438,103.56167554855347,0.06432138118242445,1.4901161193847656e-08,30,6.5357202445009746,1.1932538024854544,0,76,12.57429563279451,1.4423706302514763,0,106,14.171399005577923,1.376447950394163,0,30,6.532621540817793,1.1926880591833535,0,76,12.569289556137198,1.4417963938764016,1,106,14.165528021982672,1.3758777100577428,1,30,0.15138041530769758,0.02763815607617544,0,76,0.8580694240152409,0.09842731331117337,0,106,0.8713203581740635,0.08463011454785356,0
qpinn_lambdaBC0.1_seed0,qpinn,0.1,0,100,76.50308227539062,8.455474853515625,0.8455474853515625,77.3486328125,156.340229511261,-0.39063855355534555,1.2367962654025177e-07,30,29.13803503068144,5.319853022559987,0,76,109.87451858767527,12.603471657733099,0,106,113.67248972518644,11.040848220902497,0,30,29.60307073387827,5.40475653745538,0,76,110.4854227522666,12.673547171355253,1,106,114.38256177242259,11.109816514976051,1,30,9.921757254314873,1.8114567527595924,0,76,15.619075516945106,1.7916308360498427,0,106,18.503966791409454,1.797264134202431,0
qpinn_lambdaBC0.1_seed0,qpinn,0.1,0,200,8.355301856994629,19.85321807861328,1.9853218078613282,10.34062385559082,258.2545518875122,-0.5127916861944707,2.384185791015625e-07,30,6.50263263501123,1.187212859121636,0,76,12.316587837879077,1.412809518804132,0,106,13.927762460427873,1.3527838772083818,0,30,6.365226883721428,1.1621261159508465,0,76,13.749045269505315,1.5771236552615688,1,106,15.150985416934322,1.4715937936249388,1,30,15.118954545869189,2.7603308168892764,0,76,23.44983664648087,2.689880741698601,0,106,27.90121189673839,2.7100052657936304,0
qpinn_lambdaBC0.1_seed0,qpinn,0.1,0,300,4.35358190536499,15.123271942138672,1.5123271942138672,5.865909099578857,226.4054536819458,0.11107253735120139,4.76837158203125e-07,30,6.861944946744213,1.252814011896797,0,76,6.702233647334675,0.7687989253876283,0,106,9.591987506018421,0.9316561856503207,0,30,5.409270308355819,0.9875931225098027,0,76,6.838173078921116,0.7843922476173033,1,106,8.718991703525205,0.8468633375644311,1,30,23.411600598902652,4.274353918440147,0,76,21.005245639236,2.4094669217283724,0,106,31.45351152045161,3.0550351061305987,0
qpinn_lambdaBC0.1_seed0,qpinn,0.1,0,400,0.9356743693351746,5.289865970611572,0.5289865970611572,1.4646610021591187,138.1127119064331,-0.2615616086928234,2.086162567138672e-07,30,3.1720151823289005,0.5791280893701337,0,76,3.842276488214494,0.4407393401386665,0,106,4.982446078866379,0.48393794363603004,0,30,2.151033088968707,0.3927231149227259,0,76,4.548245318541893,0.5217195187883177,1,106,5.031250225090828,0.4886782213612524,1,30,20.3512805882586,3.7156184841020803,0,76,13.29530008673887,1.5250755132142706,0,106,24.30924980287277,2.3611230658041436,0
qpinn_lambdaBC0.1_seed0,qpinn,0.1,0,500,0.1476823389530182,2.2762861251831055,0.22762861251831057,0.3753109574317932,88.62517476081848,-0.6048088539117817,1.7881393432617188e-07,30,1.1550391016777621,0.21088032359647116,0,76,1.487408070765819,0.17061740705986844,0,106,1.883214829854488,0.1829139940019205,0,30,1.1005234112448348,0.2009271658004435,0,76,2.0343481855705505,0.2333557409704568,1,106,2.3129471067951726,0.22465328252102884,1,30,15.072937194486856,2.7519292364263617,0,76,9.671491029848717,1.1093961061176492,0,106,17.90896910515481,1.7394728501229892,0
qpinn_lambdaBC0.1_seed0,qpinn,0.1,0,600,0.052250057458877563,1.4753291606903076,0.14753291606903077,0.19978298246860504,70.72948217391968,-0.8746167187934976,1.1920928955078125e-07,30,0.5274262540350401,0.09629441891848052,0,76,0.5410921700240005,0.06206752863883542,0,106,0.75561841554234,0.07339214843530713,0,30,1.0078037025008537,0.18399894046564771,0,76,1.1352985393815322,0.13022767378719555,1,106,1.5180813799978807,0.14744909822997473,1,30,12.435622337115941,2.2704236235511717,0,76,8.367293452345372,0.95979438394008,0,106,14.988539042516408,1.4558156069386072,0
qpinn_lambdaBC0.1_seed0,qpinn,0.1,0,700,0.04489011690020561,1.1566812992095947,0.11566812992095948,0.16055825352668762,62.544143199920654,-0.9484425387965376,9.685754776000977e-08,30,0.32379840120812664,0.05911722947526634,0,76,0.28346947991836874,0.03251617938268952,0,106,0.43034910325238207,0.04179919998671652,0,30,0.9558964287575932,0.17452201222305458,0,76,0.9217231353139564,0.10572889475676321,1,106,1.3278974059333464,0.12897679770439444,1,30,11.064118520150156,2.0200224307989725,0,76,7.721920962503355,0.8857650822515909,0,106,13.492323075700435,1.3104902653784511,0
qpinn_lambdaBC0.1_seed0,qpinn,0.1,0,800,0.045478202402591705,0.9676675200462341,0.09676675200462342,0.14224496483802795,57.19652771949768,-0.9577310843206404,1.043081283569336e-07,30,0.25571137435664587,0.046686295981927674,0,76,0.2548766409083009,0.02923635581022075,0,106,0.36104073046688745,0.035067375723762735,0,30,0.9020837681764138,0.16469720952982758,0,76,0.8439997277531457,0.09681340846452113,1,106,1.2353504220482308,0.11998783999925261,1,30,10.134738712565444,1.850341669097653,0,76,7.263619337218219,0.8331942804021605,0,106,12.468885060340524,1.2110851778466454,0
qpinn_lambdaBC0.1_seed0,qpinn,0.1,0,900,0.044871024787425995,0.8263185024261475,0.08263185024261475,0.12750287353992462,52.85345911979675,-0.9572457115415851,1.1175870895385742e-07,30,0.2257121958944931,0.04120922039847961,0,76,0.2540192432516002,0.029138005553905298,0,106,0.33981137608624823,0.033005398546074025,0,30,0.8453958230545797,0.1543474541025464,0,76,0.7974266347110538,0.09147110830508438,1,106,1.1621460043319543,0.1128775984002611,1,30,9.374132039899205,1.7114745250949044,0,76,6.866571700026321,0.7876497928681846,0,106,11.619989604688431,1.1286331623772248,0
qpinn_lambdaBC0.1_seed0,qpinn,0.1,0,1000,0.043174419552087784,0.7062393426895142,0.07062393426895142,0.1137983500957489,48.86247217655182,-0.9565696470501902,8.940696716308594e-08,30,0.2057926898780122,0.03757243280528412,0,76,0.24534507147859075,0.028143009812393167,0,106,0.32022622520034566,0.031103120529312925,0,30,0.7871785476617711,0.1437184824461692,0,76,0.7535944000910075,0.08644320616881211,1,106,1.0897497812559638,0.10584585560408387,1,30,8.67404988827211,1.5836575962439334,0,76,6.481785833383045,0.743511826878691,0,106,10.828328082122306,1.0517401979131544,0
qpinn_lambdaBC0.1_seed1,qpinn,0.1,1,0,787.218994140625,0.4878033697605133,0.04878033697605133,787.2677612304688,122.77061939239502,-0.029493395189872724,1.4901161193847656e-08,30,1.0131260278733045,0.18497065968727217,0,76,3.455151290695707,0.39633303449438717,0,106,3.6006242222634883,0.3497235402745646,0,30,1.0010496680382859,0.1827658281225425,0,76,3.4572402329741934,0.39657265260730323,1,106,3.5992513758245637,0.3495901976408331,1,30,0.4374844003348536,0.07987335820667332,0,76,2.4776350150512765,0.28420422762069447,0,106,2.515962612668258,0.24437189159041242,0
qpinn_lambdaBC0.1_seed1,qpinn,0.1,1,100,80.78418731689453,5.739278793334961,0.5739278793334961,81.35811614990234,133.270525932312,-0.4725847029507265,2.384185791015625e-07,30,22.27000436646616,4.065927915750687,0,76,72.17417960759057,8.278946190590563,0,106,75.53188264905864,7.33630497742586,0,30,22.78552624581728,4.160048903153376,0,76,72.79385354640694,8.350027666307572,1,106,76.27663679289071,7.4086418945094685,1,30,6.707845488475381,1.224679428765742,0,76,14.56902521700722,1.6711818059692158,0,106,16.03906751875095,1.5578519526356402,0
qpinn_lambdaBC0.1_seed1,qpinn,0.1,1,200,6.6837053298950195,10.214690208435059,1.021469020843506,7.705174446105957,187.56000995635986,-0.03847092823403788,4.76837158203125e-07,30,8.974974064271478,1.638598582675103,0,76,13.223352294017381,1.516822535380487,0,106,15.98146443058459,1.5522570461192298,0,30,8.292796251297107,1.5140505238765685,0,76,13.608892070904302,1.5610469808058898,1,106,15.936511947821245,1.5478908750206402,1,30,9.132975815878304,1.6674456238352318,0,76,17.327456076999354,1.9875955260073659,0,106,19.5870360533124,1.902461120406436,0
qpinn_lambdaBC0.1_seed1,qpinn,0.1,1,300,1.8068623542785645,5.773738861083984,0.5773738861083985,2.3842363357543945,140.05486965179443,0.018235051979868962,2.384185791015625e-07,30,3.0096322635956385,0.5494811601888885,0,76,6.312695714183768,0.7241158599855095,0,106,6.993426452172777,0.6792616242430738,0,30,2.350058191674666,0.42905996101000465,0,76,6.320626212163035,0.725025550492446,1,106,6.743373726714221,0.6549743565348941,1,30,9.945118988383962,1.8157220023369514,0,76,14.210243697319184,1.6300267431500028,0,106,17.344636566682937,1.6846600284943973,0
qpinn_lambdaBC0.1_seed1,qpinn,0.1,1,400,0.557936429977417,3.690303087234497,0.3690303087234497,0.9269667863845825,111.80882453918457,-0.22227538059569268,1.341104507446289e-07,30,1.3645792250049664,0.24913694101271258,0,76,2.8597414257655873,0.3280348389360294,0,106,3.1686270660263807,0.3077642672314001,0,30,0.9392262222457342,0.17147846284144969,0,76,2.9961523400935324,0.34368224394527935,1,106,3.1399163590137147,0.30497563684943174,1,30,9.161338251630655,1.6726238724510163,0,76,12.070879884921037,1.384624883631281,0,106,15.15375398233,1.471862700467722,0
qpinn_lambdaBC0.1_seed1,qpinn,0.1,1,500,0.3327077031135559,2.747699737548828,0.2747699737548828,0.6074776649475098,96.34949564933777,-0.5954618994766875,1.4901161193847656e-07,30,0.7308040094328524,0.13342594702719715,0,76,1.2970650818243226,0.1487835688123036,0,106,1.4887754453546946,0.14460265422976545,0,30,0.7035334036792471,0.1284470383845039,0,76,1.6728131612188128,0.19188482950467417,1,106,1.8147350006101124,0.17626264500175035,1,30,8.55149713536908,1.5612826271608182,0,76,10.857777543374658,1.2454725016583013,0,106,13.820978128831426,1.3424120660482919,0
qpinn_lambdaBC0.1_seed1,qpinn,0.1,1,600,0.2608555555343628,2.2556276321411133,0.22556276321411134,0.48641830682754517,87.28772401809692,-0.7316177251224998,9.79751320073774e-08,30,0.5686513799534393,0.10382106271897991,0,76,0.9119705482376358,0.10461019629613788,0,106,1.0747346987865445,0.10438746187161635,0,30,0.7200048004593029,0.13145429024118874,0,76,1.3842237082019144,0.15878134892908627,1,106,1.5602827266340866,0.15154805536599322,1,30,8.136514456936371,1.4855175025103156,0,76,10.079364593319992,1.1561824125627311,0,106,12.95362721838973,1.2581674983468198,0
qpinn_lambdaBC0.1_seed1,qpinn,0.1,1,700,0.20560035109519958,1.8993451595306396,0.189934515953064,0.395534873008728,80.10425567626953,-0.772211210177393,8.940696716308594e-08,30,0.49774117905374987,0.0908746905223189,0,76,0.7640687102234536,0.08764469194172361,0,106,0.9118921401505493,0.08857079437229375,0,30,0.6909115201291929,0.12614260827164786,0,76,1.2432093570845244,0.14260589350514774,1,106,1.4222968164872438,0.13814567899298041,1,30,7.754784860485936,1.4158235322292332,0,76,9.42377487673132,1.0809811145881394,0,106,12.20427061154145,1.1853835505372452,0
qpinn_lambdaBC0.1_seed1,qpinn,0.1,1,800,0.1602063775062561,1.5951406955718994,0.15951406955718994,0.31972044706344604,73.41620922088623,-0.7974928458305655,1.1920928955078125e-07,30,0.43932667502435224,0.08020971000819306,0,76,0.6602262184736779,0.07573314121586233,0,106,0.7930363087198502,0.07702649549955813,0,30,0.6424137009466315,0.11728815841961598,0,76,1.1330770586471877,0.12997285247072105,1,106,1.3025202432194711,0.12651194976732175,1,30,7.334192948099414,1.339034306256455,0,76,8.796509530665558,1.009028844738515,0,106,11.452902083011152,1.1124041876190793,0
qpinn_lambdaBC0.1_seed1,qpinn,0.1,1,900,0.12385760992765427,1.3259365558624268,0.13259365558624267,0.256451278924942,66.94034934043884,-0.817420966329617,5.960464477539063e-08,30,0.3863074350168509,0.07052976543023011,0,76,0.5742533758455809,0.06587137982363074,0,106,0.6920985291267021,0.06722255166990229,0,30,0.5895500715149415,0.10763662431583913,0,76,1.033910454239526,0.11859766280790338,1,106,1.1901849075706916,0.11560097743144,1,30,6.864447523364527,1.2532709177857408,0,76,8.175761492190636,0.9378241613407969,0,106,10.675378952440642,1.0368844651811897,0
qpinn_lambdaBC0.1_seed1,qpinn,0.1,1,1000,0.09527188539505005,1.088573932647705,0.10885739326477051,0.20412927865982056,60.65745949745178,-0.8344103709762687,7.450580596923828e-08,30,0.33833954597314264,0.061772067141848803,0,76,0.4996258402914841,0.057311014405583456,0,106,0.6034066859559014,0.05860803833208166,0,30,0.537405133747038,0.0981163047574445,0,76,0.942004842513008,0.10805536612737233,1,106,1.084517128078496,0.10533761539869455,1,30,6.356177873680474,1.160474000310006,0,76,7.558001638632085,0.8669622462608441,0,106,9.875443581502074,0.9591878735219752,0
qpinn_lambdaBC0.1_seed2,qpinn,0.1,2,0,787.0662231445312,0.03213425725698471,0.003213425725698471,787.0694580078125,101.53839588165283,0.0911684363413169,3.725290298461914e-09,30,0.036714667140182004,0.006703150461323791,0,76,0.12195537914263807,0.013989241402735459,0,106,0.12736200879791024,0.01237049185468317,0,30,0.031907798982386396,0.005825540420997804,0,76,0.0976132973026176,0.011197013118102672,1,106,0.10269597580328838,0.009974714941871769,1,30,0.06640970522642863,0.012124697863261228,0,76,0.662148304232593,0.07595361957333414,0,106,0.6654702290458677,0.06463618252919016,0
qpinn_lambdaBC0.1_seed2,qpinn,0.1,2,100,63.0384635925293,3.309558391571045,0.3309558391571045,63.36941909790039,91.63758158683777,-0.3145053070716119,4.76837158203125e-07,30,40.39887941524879,7.375792517887626,0,76,97.19591316444276,11.149135873920015,0,106,105.25737500943917,10.223500025550507,0,30,40.16053372700967,7.332276747910072,0,76,97.65106337789163,11.201345184039873,1,106,105.58692460750663,10.255508712105351,1,30,6.844917580977046,1.2497052544549407,0,76,8.135755506648149,0.9332351600745746,0,106,10.632187656090554,1.0326893556290173,0
qpinn_lambdaBC0.1_seed2,qpinn,0.1,2,200,0.6740594506263733,0.03745141997933388,0.003745141997933388,0.6778045892715454,18.742913007736206,-0.19622968938749896,1.1920928955078125e-07,30,3.174231044136141,0.5795326485355137,0,76,11.409234638166675,1.3087289687082204,0,106,11.842566349837348,1.1502517269624886,0,30,3.172885977950854,0.5792870741718407,0,76,11.473426618938436,1.3160922938969,1,106,11.904063331872955,1.1562248418853711,1,30,1.7922842510152304,0.3272248379140977,0,76,2.8523912874736035,0.3271917202508766,0,106,3.368741440552027,0.3272010935145228,0
qpinn_lambdaBC0.1_seed2,qpinn,0.1,2,300,0.03966543823480606,0.02508460357785225,0.002508460357785225,0.042173899710178375,9.237024188041687,-0.8221140025572202,2.60770320892334e-08,30,0.07560492703345482,0.013803507998251783,0,76,0.13431075559440903,0.015406500280700505,0,106,0.15412814168760716,0.01497024850125701,0,30,0.14887383602553703,0.02718051940450396,0,76,0.2215169439735051,0.025409736133222897,1,106,0.26689543930220966,0.02592317669218676,1,30,1.2373644566721167,0.22591080825814736,0,76,1.488921311559714,0.17079098768349557,0,106,1.9359642224618154,0.18803746793066348,0
qpinn_lambdaBC0.1_seed2,qpinn,0.1,2,400,0.03884255513548851,0.023174799978733063,0.0023174799978733064,0.041160035878419876,8.862235397100449,-0.8955974342852202,2.2351741790771484e-08,30,0.04705556845350964,0.008591132099405239,0,76,0.09297882732006603,0.010665402952028592,0,106,0.10420791165884473,0.010121567134001062,0,30,0.1168002844156577,0.021324716832491614,0,76,0.19621551901698192,0.022507463646037038,1,106,0.22834805964291033,0.022179124202787212,1,30,1.1547118085024008,0.2108205683114502,0,76,1.3973405885992705,0.16028595830031217,0,106,1.8127106998199798,0.17606602752788889,0
qpinn_lambdaBC0.1_seed2,qpinn,0.1,2,500,0.03841100260615349,0.02115943841636181,0.002115943841636181,0.040526945143938065,8.46913605928421,-0.921888184203925,1.4901161193847656e-08,30,0.03712151040368538,0.006777429538920396,0,76,0.07075049444805884,0.008115638302753261,0,106,0.07989767830979651,0.007760348537747398,0,30,0.10356485123042991,0.018908268394524374,0,76,0.1744094691290435,0.020006138177107304,1,106,0.20284067967805636,0.019701628448223457,1,30,1.0995956338731931,0.20075777760217986,0,76,1.3305317635268439,0.1526224604838018,0,106,1.7261011939590456,0.1676537686690415,0
qpinn_lambdaBC0.1_seed2,qpinn,0.1,2,600,0.03809341415762901,0.01929359883069992,0.0019293598830699922,0.040022775530815125,8.087480813264847,-0.9371896194201889,2.2351741790771484e-08,30,0.034281855117177566,0.00625898178693402,0,76,0.05936431228013211,0.006809553633733855,0,106,0.06855193040876528,0.006658352084333274,0,30,0.0996159721976052,0.01818730502014528,0,76,0.16377474062287461,0.018786251154728845,1,106,0.19169117763466295,0.01861869307751631,1,30,1.0486933801005192,0.19146434006246454,0,76,1.2679092104363443,0.14543916099674925,0,106,1.645403163779615,0.1598156830857054,0
qpinn_lambdaBC0.1_seed2,qpinn,0.1,2,700,0.037780653685331345,0.017769385129213333,0.0017769385129213335,0.03955759108066559,7.761561870574951,-0.9394762334579357,1.4901161193847656e-08,30,0.03385087769645127,0.006180296435231625,0,76,0.05605668143560098,0.006430142354948347,0,106,0.06548460471280676,0.0063604270759603085,0,30,0.09795562750748404,0.017884168940140853,0,76,0.15715865044918526,0.018027333563453464,1,106,0.18518678778842232,0.017986930887424944,1,30,1.006141504516094,0.18369546602188352,0,76,1.215274237325204,0.13940151550497445,0,106,1.577723739764432,0.1532420763138624,0
qpinn_lambdaBC0.1_seed2,qpinn,0.1,2,800,0.037437405437231064,0.016588233411312103,0.0016588233411312103,0.039096228778362274,7.499079406261444,-0.9353204372100338,2.60770320892334e-08,30,0.03385250089556024,0.006180592789487393,0,76,0.05253196453424634,0.006025829597643224,0,106,0.06249479270076205,0.006070030862119814,0,30,0.09443590339865851,0.017241558176608017,0,76,0.1462924735036435,0.01678089758428904,1,106,0.1741253216925528,0.016912546323838717,1,30,0.9721220993341093,0.1774844008181898,0,76,1.1731731583429967,0.13457219053925168,0,106,1.5235998934990242,0.14798510364446354,0
qpinn_lambdaBC0.1_seed2,qpinn,0.1,2,900,0.03705234453082085,0.015672042965888977,0.0015672042965888977,0.038619548082351685,7.2891756892204285,-0.9053654856253253,9.592625360710372e-09,30,0.03624831968685087,0.006618007454715607,0,76,0.05989845162426918,0.0068708236185460285,0,106,0.07001260734399953,0.006800225569999711,0,30,0.0894952271270801,0.01633951822885001,0,76,0.13844516306357765,0.01588074934253013,1,106,0.16485283999442732,0.016011923285603143,1,30,0.9449011088782514,0.17251455064808777,0,76,1.1395440676059578,0.13071466927383293,0,106,1.480337389778182,0.1437830778210403,0
qpinn_lambdaBC0.1_seed2,qpinn,0.1,2,1000,0.036851298063993454,0.014977263286709785,0.0014977263286709787,0.03834902495145798,7.126055657863617,0.2550699296644165,1.1920928955078125e-07,30,1.393115941613356,0.254347008813895,0,76,3.909263459143699,0.4484232726864113,0,106,4.150073833050857,0.4030908041781118,0,30,1.3644989718017115,0.24912228884946766,0,76,3.8776403610221535,0.44479585455500376,1,106,4.110711886459077,0.39926763395416615,1,30,0.9265588400062464,0.16916572584241377,0,76,1.115696762457376,0.12797919576808436,0,106,1.450272577742402,0.14086292513256213,0
qpinn_lambdaBC10_seed0,qpinn,10.0,0,0,788.4058837890625,0.051918476819992065,0.5191847681999207,788.925048828125,103.56167554855347,0.06432138118242445,4.76837158203125e-07,30,6.999527438425189,1.2779330233006094,0,76,15.603420401003405,1.7898350710935456,0,106,17.101465217101026,1.661041139096473,0,30,6.532621540817793,1.1926880591833535,0,76,12.569289556137198,1.4417963938764016,1,106,14.165528021982672,1.3758777100577428,1,30,0.15138041530769758,0.02763815607617544,0,76,0.8580694240152409,0.09842731331117337,0,106,0.8713203581740635,0.08463011454785356,0
qpinn_lambdaBC10_seed0,qpinn,10.0,0,100,86.79019165039062,3.9677064418792725,39.677064418792725,126.46725463867188,109.47527885437012,-0.7854623266442186,7.62939453125e-06,30,55.9209576403871,10.209723312310294,0,76,88.0928083831597,10.10493814197068,0,106,104.34316648564035,10.134704244109278,0,30,88.8040122285622,16.213320231516043,0,76,142.59370794552717,16.356620076823834,1,106,167.98547000721499,16.316191209944815,1,30,9.880177263376265,1.803865319766947,0,76,10.029798698314009,1.1504968144738568,0,106,14.078876541984403,1.367461374310278,0
qpinn_lambdaBC10_seed0,qpinn,10.0,0,200,0.5223100781440735,0.1273569017648697,1.273569017648697,1.7958791255950928,20.244836807250977,-0.9643039450563712,2.384185791015625e-06,30,9.045687530012575,1.6515090361103588,0,76,7.211735240085557,0.82724276629221,0,106,11.568646768905898,1.1236463053243344,0,30,21.91419514498625,4.000966336826388,0,76,36.29705290929354,4.163557515262093,1,106,42.399386773308336,4.118192494553197,1,30,2.7847196389236792,0.5084179208553802,0,76,3.364654948182366,0.38595239207923726,0,106,4.367558401181982,0.4242147728087755,0
qpinn_lambdaBC10_seed0,qpinn,10.0,0,300,0.1503223031759262,0.004641207866370678,0.04641207866370678,0.19673438370227814,3.852463886141777,-0.9730846936668385,7.152557373046875e-07,30,1.29777040938259,0.23693937589385286,0,76,1.6687689761134774,0.19142092965774968,0,106,2.11400045674259,0.20532987566508767,0,30,5.405189366018505,0.9868480477851277,0,76,7.404392764558088,0.8493420999734856,1,106,9.167393538752423,0.8904159738855559,1,30,0.5759263889609126,0.10514929156546204,0,76,0.6912662390565603,0.07929367576655198,0,106,0.8997445297199411,0.08739091414502641,0
qpinn_lambdaBC10_seed0,qpinn,10.0,0,400,0.09324398636817932,0.0003307147417217493,0.003307147417217493,0.09655113518238068,1.0410814546048641,-0.9416754783260537,1.1920928955078125e-07,30,0.352112149671376,0.06428658904888264,0,76,0.7784842943020708,0.08929827284200798,0,106,0.8544125247333344,0.08298788058944641,0,30,1.5829340113310206,0.2890028883493794,0,76,1.9847511419358328,0.22766656988882228,1,106,2.5386841433396374,0.2465788017416352,1,30,0.1549734480577069,0.02829415110518708,0,76,0.18364003349379981,0.021064956525997314,0,106,0.24029238752923218,0.02333925988392162,0
qpinn_lambdaBC10_seed0,qpinn,10.0,0,500,0.06700576841831207,7.669252227060497e-05,0.0007669252227060497,0.06777269393205643,0.5846709944307804,-0.8947111121858425,6.123445928096771e-08,30,0.2054641995089273,0.037512458943593785,0,76,0.5355607470818934,0.06143303091202944,0,106,0.5736208251927052,0.055714979786338215,0,30,0.8008224848853669,0.14620951317635178,0,76,1.0040151174309122,0.1151684324912755,1,106,1.2842752852592711,0.12473984279471725,1,30,0.07461545511257062,0.0136228559678897,0,76,0.08771368987779538,0.010061450266904646,0,106,0.11515709936271452,0.011185046256107533,0
qpinn_lambdaBC10_seed0,qpinn,10.0,0,600,0.0512443408370018,3.2553376513533294e-05,0.00032553376513533294,0.051569875329732895,0.4548042081296444,-0.8704327248983921,4.470348358154297e-08,30,0.1505142607843397,0.02748001861926602,0,76,0.39762848972224896,0.04561111588873643,0,106,0.42516227318313754,0.041295410515045844,0,30,0.5312145866483577,0.09698607066102938,0,76,0.6808873592604407,0.07810313660396143,1,106,0.8635951210310547,0.0838797731858174,1,30,0.048576870833603084,0.008868882642859729,0,76,0.05675752097089351,0.006510534163105667,0,106,0.07470695126121782,0.007256180557983405,0
qpinn_lambdaBC10_seed0,qpinn,10.0,0,700,0.04127383232116699,1.540594530524686e-05,0.0001540594530524686,0.041427891701459885,0.36323354579508305,-0.8499734374896593,2.9802322387695312e-08,30,0.11560142581235809,0.02110583619906283,0,76,0.29846912767316913,0.03423675698142324,0,106,0.32007422549126424,0.0310883570124616,0,30,0.37182270531844946,0.06788522769850362,0,76,0.48032333918361625,0.05509686567698404,1,106,0.6074229451994959,0.05899813191436816,1,30,0.03323805773562722,0.006068411329820705,0,76,0.03863940867994176,0.004432244149316697,0,106,0.05096834689464087,0.004950483476648545,0
qpinn_lambdaBC10_seed0,qpinn,10.0,0,800,0.03490455076098442,7.126980563043617e-06,7.126980563043617e-05,0.034975819289684296,0.2893800614401698,-0.8229184789944597,2.2351741790771484e-08,30,0.0922097927755463,0.016835127842014536,0,76,0.2254508648677156,0.025860987807689913,0,106,0.24357901870503984,0.02365848572350608,0,30,0.2619516916005423,0.04782561682208453,0,76,0.3388070268160984,0.03886383134875916,1,106,0.4282626415557982,0.04159654491189234,1,30,0.022272589144983975,0.004066399829584141,0,76,0.02585144224050571,0.0029653637966090287,0,106,0.034122797264225874,0.0033142990566825724,0
qpinn_lambdaBC10_seed0,qpinn,10.0,0,900,0.03076089918613434,3.102443315583514e-06,3.102443315583514e-05,0.03079192340373993,0.23240779992192984,-0.7755762680541349,1.1175870895385742e-08,30,0.07755616495493375,0.014159753673136283,0,76,0.17108432656594752,0.019624718166438848,0,106,0.18784250189730936,0.018244876644267417,0,30,0.1831772930421371,0.03344344514063753,0,76,0.23391620439176133,0.026832028847376125,1,106,0.2971038730196785,0.028857279151560153,1,30,0.014267266877246868,0.0026048346342048,0,76,0.01673488258346713,0.0019196226845618971,0,106,0.021991161843545628,0.0021359704595446376,0
qpinn_lambdaBC10_seed0,qpinn,10.0,0,1000,0.02869441546499729,4.297172381484415e-06,4.2971723814844154e-05,0.02873738668859005,0.19328382331877947,0.7605830231014702,5.960464477539063e-08,30,2.032343878010995,0.3710535288647165,0,76,6.490294191904616,0.7444878025358211,0,106,6.801054354727623,0.6605767943870247,0,30,1.9679935758144693,0.35930482483294607,0,76,6.243451535227403,0.7161730079197401,1,106,6.546272663675142,0.6358302089363496,1,30,0.013578913647751604,0.002479159103762771,0,76,0.030134877054493817,0.003456707467277926,0,106,0.03305295313497045,0.0032103866089154007,0
qpinn_lambdaBC10_seed1,qpinn,10.0,1,0,787.218994140625,0.4878033697605133,4.878033697605133,792.0970458984375,122.77061939239502,-0.029493395189872724,9.5367431640625e-07,30,4.731000345917478,0.8637585363412488,0,76,24.864380093465577,2.852140003189496,0,106,25.31046743356192,2.458369918787264,0,30,1.0010496680382859,0.1827658281225425,0,76,3.4572402329741934,0.39657265260730323,1,106,3.5992513758245637,0.3495901976408331,1,30,0.4374844003348536,0.07987335820667332,0,76,2.4776350150512765,0.28420422762069447,0,106,2.515962612668258,0.24437189159041242,0
qpinn_lambdaBC10_seed1,qpinn,10.0,1,100,110.56336212158203,2.2465362548828125,22.465362548828125,133.02871704101562,100.79152584075928,-0.7530733910174836,1.1444091796875e-05,30,37.17566447687082,6.78731667474188,0,76,99.74742167111589,11.441813972187715,0,106,106.44988567082764,10.3393269001622,0,30,85.29993826359687,15.573566780256686,0,76,136.61649247858355,15.670986440398165,1,106,161.05944705270883,15.643476392137442,1,30,5.877229754402073,1.0730304373755208,0,76,9.435320133492562,1.0823054463644415,0,106,11.116073749643762,1.079688527794969,0
qpinn_lambdaBC10_seed1,qpinn,10.0,1,200,4.515952110290527,0.21567043662071228,2.156704366207123,6.672656536102295,25.909394025802612,-0.7809912609800421,2.86102294921875e-06,30,21.891684833930988,3.9968565351125798,0,76,30.901277290567663,3.5446196035766526,0,106,37.869972313915376,3.6782568716367012,0,30,27.654739321382035,5.049041516082017,0,76,52.9727194770012,6.076387656967816,1,106,59.75695453855272,5.804108512082201,1,30,3.7728643199224896,0.6888276314759784,0,76,3.7359582213888505,0.4285437985348409,0,106,5.309603469987861,0.5157142785122282,0
qpinn_lambdaBC10_seed1,qpinn,10.0,1,300,0.7396632432937622,0.0003463835746515542,0.0034638357465155423,0.7431271076202393,3.295035660266876,-0.6333162428210984,1.7881393432617188e-07,30,1.4189203500356908,0.259058227672558,0,76,3.503377434366446,0.401864952565372,0,106,3.779813276786755,0.367127919809326,0,30,1.6746219279497476,0.30574273507695593,0,76,4.5760542039969385,0.5249094167207135,1,106,4.872846260604595,0.4732926682365704,1,30,0.13793429812360897,0.025183242178647713,0,76,0.24699473911181946,0.028332239667753,0,106,0.28289975565165904,0.027477653312878096,0
qpinn_lambdaBC10_seed1,qpinn,10.0,1,400,0.3673330545425415,0.000164634024258703,0.00164634024258703,0.36897939443588257,1.6516868025064468,-0.613796156294222,1.4901161193847656e-07,30,0.8325408306361683,0.15200046432783915,0,76,1.8224885516455487,0.20905377427323038,0,106,2.0036438694427336,0.19461109635885315,0,30,1.1366681746410388,0.20752626654970616,0,76,2.2576037458086806,0.25896491006681377,1,106,2.527605430507534,0.2455027420269414,1,30,0.11807143111536107,0.02155679540626687,0,76,0.12677251980952176,0.014541805333360884,0,106,0.17324010685890565,0.016826566658531675,0
qpinn_lambdaBC10_seed1,qpinn,10.0,1,500,0.22452133893966675,8.634413097752258e-05,0.0008634413097752258,0.22538478672504425,0.9542311541736126,-0.6508904951943963,5.960464477539063e-08,30,0.5617986386170262,0.10256992904874605,0,76,1.2071527543786515,0.13846991751982415,0,106,1.3314786828019098,0.12932464206355673,0,30,0.7323616613432254,0.13371033405654792,0,76,1.5843396394026537,0.18173622053689048,1,106,1.7454184873513687,0.16953003006613857,1,30,0.08376197838481735,0.015292775007541535,0,76,0.09499992649220008,0.010897238926928753,0,106,0.12665328679691668,0.012301654688692511,0
qpinn_lambdaBC10_seed1,qpinn,10.0,1,600,0.15293994545936584,5.75073727304698e-06,5.75073727304698e-05,0.1529974490404129,0.4444247577339411,-0.25287501119605493,2.9802322387695312e-08,30,0.3696892612218622,0.0674957158795446,0,76,0.8602811683000741,0.09868101778029287,0,106,0.9363513434574153,0.09094648220994185,0,30,0.30653251272830667,0.05596492394334434,0,76,0.9138899817643584,0.1048303704217123,1,106,0.9639279434318672,0.09362495837864852,1,30,0.021930880039006204,0.004004012567767825,0,76,0.024321897399885297,0.0027899129705595965,0,106,0.03274932354134705,0.003180895495747432,0
qpinn_lambdaBC10_seed1,qpinn,10.0,1,700,0.11175376176834106,3.0085129765211605e-06,3.0085129765211605e-05,0.11178384721279144,0.24833509232848883,-0.3888756162662517,1.4901161193847656e-08,30,0.2547770825324423,0.046515718412791354,0,76,0.6513157255970861,0.07471103758464646,0,106,0.6993736742213004,0.0679291762276004,0,30,0.34527338117074013,0.06303800645776463,0,76,0.6737645136482174,0.07728609017727396,1,106,0.7570814537397507,0.07353425126703049,1,30,0.014701324843732395,0.0026840824140411143,0,76,0.019365839076901634,0.0022214140919232955,0,106,0.02431387824501459,0.002361572619845852,0
qpinn_lambdaBC10_seed1,qpinn,10.0,1,800,0.08524789661169052,8.97133031685371e-06,8.97133031685371e-05,0.08533760905265808,0.22476587910205126,-0.6442712925354614,3.725290298461914e-08,30,0.19034691992628266,0.034752433931751536,0,76,0.5071226442280478,0.058170956793978684,0,106,0.5416690190644742,0.052611546029425124,0,30,0.37815956891675107,0.06904217541071134,0,76,0.5970325146744454,0.0684843262493124,1,106,0.7067195222588625,0.0686426680621913,1,30,0.025970760998163308,0.0047415905447564756,0,76,0.03297043358470658,0.0037819681084330383,0,106,0.04197058395575725,0.004076543483110564,0
qpinn_lambdaBC10_seed1,qpinn,10.0,1,900,0.06763643026351929,7.412426384689752e-06,7.412426384689752e-05,0.06771055608987808,0.19938366021960974,-0.6998723375964658,2.9802322387695312e-08,30,0.14667067125447628,0.026778278390167064,0,76,0.3905273193179078,0.044796555778910514,0,106,0.4171616868072495,0.040518324871299034,0,30,0.3191802143862424,0.05827406777622663,0,76,0.48802259997544184,0.055980031459392794,1,106,0.5831312608173548,0.056638714953046315,1,30,0.023608025384675515,0.004310216013780452,0,76,0.030392675829711353,0.0034862790148816577,0,106,0.03848445928752805,0.0037379411226439708,0
qpinn_lambdaBC10_seed1,qpinn,10.0,1,1000,0.05623459815979004,3.896280759363435e-06,3.896280759363435e-05,0.05627356097102165,0.16442572232335806,-0.6940219711552512,1.4901161193847656e-08,30,0.11290060621243818,0.020612736259520096,0,76,0.29516726743081256,0.033858007636104116,0,106,0.3160225666716047,0.030694825119398562,0,30,0.23413402169392142,0.042746828387054896,0,76,0.3700786156232854,0.042450928596508786,1,106,0.4379234200818872,0.04253488267206783,1,30,0.016950487647434277,0.0030947214817374767,0,76,0.02258021529941877,0.002590128331935722,0,106,0.028234467490178165,0.0027423739104395837,0
qpinn_lambdaBC10_seed2,qpinn,10.0,2,0,787.0662231445312,0.03213425725698471,0.3213425725698471,787.3875732421875,101.53839588165283,0.0911684363413169,4.76837158203125e-07,30,0.6860164979182577,0.12524890357684185,0,76,6.6294499458741445,0.7604500622454364,0,106,6.664849977326326,0.6473474557709193,0,30,0.031907798982386396,0.005825540420997804,0,76,0.0976132973026176,0.011197013118102672,1,106,0.10269597580328838,0.009974714941871769,1,30,0.06640970522642863,0.012124697863261228,0,76,0.662148304232593,0.07595361957333414,0,106,0.6654702290458677,0.06463618252919016,0
qpinn_lambdaBC10_seed2,qpinn,10.0,2,100,84.26526641845703,1.6446068286895752,16.446068286895752,100.71133422851562,55.155521631240845,-0.3187277642104577,5.7220458984375e-06,30,36.35961840539498,6.638327727638282,0,76,159.87302639051012,18.338693837743282,0,106,163.9555013344983,15.924766050189579,0,30,37.713278992332604,6.8854712071954225,0,76,168.27449506911432,19.302408388989544,1,106,172.44882459187392,16.749710530621485,1,30,4.214802739153324,0.7695141785562795,0,76,5.306334148678822,0.6086782714407872,0,106,6.776558435327579,0.658197540367154,0
qpinn_lambdaBC10_seed2,qpinn,10.0,2,200,0.6099584698677063,0.012506453320384026,0.12506453320384026,0.735023021697998,6.598550081253052,-0.9666501575641382,1.4826655387878418e-06,30,2.2083828188791825,0.4031936951689913,0,76,2.7618847828100686,0.3168099121571545,0,106,3.536235601347651,0.34346956455534117,0,30,6.971235712921512,1.2727676845509068,0,76,11.865809368753702,1.3611016821504087,1,106,13.762105919542815,1.3366938915915154,1,30,0.718777863335599,0.13123028319475769,0,76,1.0850259328088476,0.1244610103219663,0,106,1.30150792993704,0.12641362520937155,0
qpinn_lambdaBC10_seed2,qpinn,10.0,2,300,0.3385499119758606,0.0014417581260204315,0.014417581260204315,0.3529675006866455,2.3402072489261627,-0.9181534758344393,5.960464477539062e-07,30,1.047811445195287,0.19130332151518226,0,76,2.2140030316514725,0.25396356514898555,0,106,2.4494322298941333,0.23790988956984,0,30,2.7614720516278988,0.5041735115322237,0,76,5.292613365939511,0.6071043897200785,1,106,5.969713907151964,0.5798298720334247,1,30,0.2645288809677549,0.04829614507254612,0,76,0.40589330792020895,0.04655915555483232,0,106,0.4844841651493495,0.047057262014552514,0
qpinn_lambdaBC10_seed2,qpinn,10.0,2,400,0.17827220261096954,9.356238297186792e-05,0.0009356238297186792,0.17920783162117004,0.879974476993084,-0.7691763689666274,1.1920928955078125e-07,30,0.5788961628435321,0.1056914956141955,0,76,1.3833722393350967,0.1586836787516118,0,106,1.4996131234148242,0.1456553025778238,0,30,1.026114384580359,0.18734199833839796,0,76,2.065092357747652,0.2368823393815831,1,106,2.305974235821052,0.22397601742130838,1,30,0.08182529725115983,0.0149391870263419,0,76,0.125191697471506,0.01436047257496345,0,106,0.1495604907254511,0.014526599020884538,0
qpinn_lambdaBC10_seed2,qpinn,10.0,2,500,0.1072077751159668,1.4794093658565544e-05,0.00014794093658565544,0.10735571384429932,0.5913210567086935,-0.4718977589979627,2.9802322387695312e-08,30,0.30816696931558674,0.05626333352404974,0,76,0.8201081907065484,0.0940728612121007,0,106,0.8760960708969776,0.08509397277289818,0,30,0.47349849644772685,0.08644860248306659,0,76,0.8730364986630852,0.1001441545182887,1,106,0.9931734763555443,0.09646553564523568,1,30,0.027477214886801982,0.005016630136972735,0,76,0.041426425156347826,0.0047519368644387185,0,106,0.049710623001225605,0.004828322533006226,0
qpinn_lambdaBC10_seed2,qpinn,10.0,2,600,0.07925862073898315,2.6751611585495993e-05,0.00026751611585495993,0.0795261338353157,0.5260777194052935,-0.6752122718360529,5.960464477539063e-08,30,0.16550719158190286,0.030217340752912443,0,76,0.49636714966218953,0.056937216954495086,0,106,0.5232331963179468,0.05082090062996247,0,30,0.37090693841224787,0.06771803230118918,0,76,0.6021436161822022,0.0690706098009569,1,106,0.7072120555189415,0.06869050712141685,1,30,0.02876647602155822,0.005252015938979634,0,76,0.043091498077833044,0.0049429338275539855,0,106,0.05181107361646517,0.0050323363317224075,0
qpinn_lambdaBC10_seed2,qpinn,10.0,2,700,0.06754237413406372,2.4237946490757167e-05,0.00024237946490757167,0.06778475642204285,0.4511008970439434,-0.821467026589174,5.960464477539063e-08,30,0.10120511275362132,0.01847744106333739,0,76,0.3301810617250171,0.03787436529290303,0,106,0.34534331956667813,0.03354270839546412,0,30,0.3264051619603351,0.05959315669726756,0,76,0.5087293775319728,0.0583552617440058,1,106,0.6044385074748473,0.058708257697464475,1,30,0.028801432220498763,0.005258398038541093,0,76,0.04303619078839717,0.004936589646356823,0,106,0.051784517141007555,0.0050297569388058055,0
qpinn_lambdaBC10_seed2,qpinn,10.0,2,800,0.06430577486753464,3.842112346319482e-05,0.0003842112346319482,0.0646899864077568,0.40445984341204166,0.7845540263078612,1.1920928955078125e-07,30,5.863469272676467,1.0705181286277703,0,76,14.611074442370102,1.676005182916873,0,106,15.743689792170763,1.5291623316473837,0,30,5.4452223695057755,0.9941570408033479,0,76,13.96998913013862,1.6024676542272611,1,106,14.993700108697563,1.4563168940002518,1,30,0.052693478081885244,0.009620468859617533,0,76,0.07809854395412387,0.008958517387728827,0,106,0.09421244716129785,0.009150721798584937,0
qpinn_lambdaBC10_seed2,qpinn,10.0,2,900,0.05738377571105957,1.1060084943892434e-05,0.00011060084943892434,0.057494375854730606,0.3244550433009863,-0.8915209944907639,1.862645149230957e-08,30,0.09696675078051911,0.017703625576824,0,76,0.2367207019776771,0.027153726783281668,0,106,0.255810948752659,0.02484655579596563,0,30,0.2740251085661374,0.05002991109482519,0,76,0.4525493518991527,0.05191097083929561,1,106,0.5290469506849336,0.05138558237234967,1,30,0.021368681432747217,0.003901369614952488,0,76,0.03168428686900638,0.003634436962109251,0,106,0.0382166793504057,0.0037119320359289853,0
qpinn_lambdaBC10_seed2,qpinn,10.0,2,1000,0.05524638667702675,1.4108214600128122e-05,0.00014108214600128122,0.0553874671459198,0.27996464632451534,0.7896420465738067,1.1920928955078125e-07,30,3.1044645977204266,0.5667950963825596,0,76,7.677941132404459,0.8807202497527704,0,106,8.281816254371241,0.804401104251138,0,30,2.8406903816479288,0.5186367336388433,0,76,7.277632699455,0.8348017232929332,1,106,7.812391410609412,0.7588065328326247,1,30,0.03287073214437446,0.006001347159061351,0,76,0.048347705409974205,0.005545862158793481,0,106,0.05846354120404324,0.0056784811034828585,0
qpinn_lambdaBC1_seed0,qpinn,1.0,0,0,788.4058837890625,0.051918476819992065,0.051918476819992065,788.4578247070312,103.56167554855347,0.06432138118242445,0.0,30,6.565114109183599,1.1986203633984305,0,76,12.645491710572756,1.450537380467577,0,106,14.2481291357415,1.3839006394586344,0,30,6.532621540817793,1.1926880591833535,0,76,12.569289556137198,1.4417963938764016,1,106,14.165528021982672,1.3758777100577428,1,30,0.15138041530769758,0.02763815607617544,0,76,0.8580694240152409,0.09842731331117337,0,106,0.8713203581740635,0.08463011454785356,0
qpinn_lambdaBC1_seed0,qpinn,1.0,0,100,75.2506332397461,8.018407821655273,8.018407821655273,83.26904296875,152.79055833816528,-0.42856028077249864,0.0,30,28.270605084016264,5.161482706278647,0,76,102.71169962418533,11.78183997318759,0,106,106.53131160135634,10.347235685677381,0,30,33.269331511009554,6.074121113899121,0,76,108.12421881773894,12.40269850462639,1,106,113.12689827859572,10.987855695032835,1,30,10.18839545497825,1.8601380051582328,0,76,15.3858148174212,1.764873998767624,0,106,18.453365534313768,1.7923493056389765,0
qpinn_lambdaBC1_seed0,qpinn,1.0,0,200,5.702010631561279,11.238746643066406,11.238746643066406,16.940757751464844,198.4755277633667,-0.1179446231241232,0.0,30,26.27752056717306,4.7975969233155435,0,76,20.070534796576972,2.302248234765676,0,106,33.065608329181096,3.2116157900376194,0,30,14.215162558255082,2.5953217305863845,0,76,21.81333849587803,2.5021615295994173,1,106,26.036370386314825,2.5288758463324927,1,30,16.58037066552645,3.0271476751019266,0,76,16.911202095032124,1.939847919632588,0,106,23.683273585069884,2.3003228807517617,0
qpinn_lambdaBC1_seed0,qpinn,1.0,0,300,0.2644323408603668,1.2564117908477783,1.2564117908477783,1.5208441019058228,65.67749977111816,-0.9014798024680248,0.0,30,3.770691245477344,0.6884308841783969,0,76,4.272258147740367,0.4900616191241716,0,106,5.698271856418701,0.5534650894007767,0,30,7.941201856152884,1.4498584634389433,0,76,10.390007482549857,1.1918155957649017,1,106,13.07726815537588,1.270176567757145,1,30,9.822407768284469,1.7933181012344601,0,76,7.645449483319818,0.8769932019930616,0,106,12.447192139934627,1.2089781751562965,0
qpinn_lambdaBC1_seed0,qpinn,1.0,0,400,0.08817406743764877,0.3762471079826355,0.3762471079826355,0.46442118287086487,35.63033640384674,-0.9549561391155217,0.0,30,1.6723885505048037,0.3053349780082829,0,76,1.4644592053797705,0.1679849916628499,0,106,2.2229539419612605,0.2159123736498323,0,30,4.909330725030104,0.8963170601173934,0,76,5.55122615982817,0.63676931166922,1,106,7.410643699793239,0.7197853456576103,1,30,5.675953977284003,1.0362826762398714,0,76,4.750677336339091,0.5449400637492391,0,106,7.401715254334767,0.718918138372946,0
qpinn_lambdaBC1_seed0,qpinn,1.0,0,500,0.07185226678848267,0.14786654710769653,0.14786654710769653,0.2197188138961792,22.315362095832825,-0.9680097228730555,0.0,30,0.9001394322788747,0.16434222398634452,0,76,0.8185287579964928,0.09389168785496242,0,106,1.2166512751033536,0.11817161829268258,0,30,3.1974531991380424,0.5837724145783212,0,76,3.5909587718256226,0.41191122096865324,1,106,4.808190081686609,0.4670127049868623,1,30,3.601539528994837,0.6575481472590011,0,76,3.190853401025537,0.36601598733482577,0,106,4.811718238399729,0.4673553898604257,0
qpinn_lambdaBC1_seed0,qpinn,1.0,0,600,0.06796324998140335,0.06590177863836288,0.06590177863836288,0.13386502861976624,14.891253411769867,-0.9709345176142679,0.0,30,0.5361276011396098,0.09788306028176555,0,76,0.5841393120207609,0.06700537447494395,0,106,0.7928754886814198,0.07701087527658701,0,30,2.1773710623493723,0.3975317489692462,0,76,2.471588527026257,0.28351064787689473,1,106,3.293887458624574,0.3199306320757947,1,30,2.4165337515048004,0.44119668222392094,0,76,2.221525000503023,0.2548263941511006,0,106,3.282500373194468,0.31882462056662303,0
qpinn_lambdaBC1_seed0,qpinn,1.0,0,700,0.06204035133123398,0.03223599120974541,0.03223599120974541,0.09427633881568909,10.410790145397186,-0.9687480850382069,0.0,30,0.3471857058343959,0.06338714757628387,0,76,0.47092904724735135,0.054019266487607784,0,106,0.5850744242205651,0.05682745166722514,0,30,1.544757626913652,0.2820328660462522,0,76,1.7693892332086367,0.20296286471961497,1,106,2.348832557783237,0.22813878564193102,1,30,1.6948833361849076,0.30944194518936197,0,76,1.5973276789590192,0.18322605085007224,0,106,2.328966559924356,0.22620922935573595,0
qpinn_lambdaBC1_seed0,qpinn,1.0,0,800,0.054218191653490067,0.017128722742199898,0.017128722742199898,0.07134691625833511,7.586241513490677,-0.9644743772252222,0.0,30,0.24253766832828014,0.044281117329368444,0,76,0.3924491427774741,0.04501700404858355,0,106,0.4613467787086988,0.04480996038038244,0,30,1.1392613450624556,0.2079997125281279,0,76,1.3167349467526075,0.15103985706113227,1,106,1.7411798678922024,0.1691183389504785,1,30,1.2375858893595508,0.2259512361507729,0,76,1.1870226550577954,0.1361608367655334,0,106,1.714829909105369,0.1665590047061437,0
qpinn_lambdaBC1_seed0,qpinn,1.0,0,900,0.04642303287982941,0.009721361100673676,0.009721361100673676,0.05614439398050308,5.713586136698723,-0.9602728245450436,0.0,30,0.18394067634091463,0.03358281922489192,0,76,0.32078625792521703,0.036796707388752486,0,106,0.36978101044593537,0.035916306761432086,0,30,0.8623709906968544,0.15744668151424832,0,76,0.9985106442093454,0.11453702610942719,1,106,1.3193586442642637,0.12814743985527263,1,30,0.9331809052815626,0.1703747440186012,0,76,0.9069074273511297,0.10402941649921131,0,106,1.3012715641889518,0.12639066733842522,0
qpinn_lambdaBC1_seed0,qpinn,1.0,0,1000,0.03977670520544052,0.0057470668107271194,0.0057470668107271194,0.04552377015352249,4.392039030790329,-0.9566034287028122,0.0,30,0.13969645974954473,0.02550496740281271,0,76,0.26668080660866794,0.030590386478660456,0,106,0.3010544028576993,0.029240988529609168,0,30,0.6687034002450093,0.12208797886486573,0,76,0.784688550215209,0.09000994980372466,1,106,1.0309705904331528,0.10013671589938425,1,30,0.7176562362793818,0.13102550304815827,0,76,0.7047098354211728,0.08083576202947558,0,106,1.0058063559204746,0.09769254937746355,0
qpinn_lambdaBC1_seed1,qpinn,1.0,1,0,787.218994140625,0.4878033697605133,0.4878033697605133,787.706787109375,122.77061939239502,-0.029493395189872724,0.0,30,1.1906273468875532,0.2173778184909471,0,76,4.16328294410034,0.4775613059657862,0,106,4.330186872618004,0.4205849290738883,0,30,1.0010496680382859,0.1827658281225425,0,76,3.4572402329741934,0.39657265260730323,1,106,3.5992513758245637,0.3495901976408331,1,30,0.4374844003348536,0.07987335820667332,0,76,2.4776350150512765,0.28420422762069447,0,106,2.515962612668258,0.24437189159041242,0
qpinn_lambdaBC1_seed1,qpinn,1.0,1,100,85.89881134033203,6.220616340637207,6.220616340637207,92.11943054199219,133.2239866256714,-0.5740501867204819,0.0,30,13.86137257042508,2.530728811601728,0,76,64.55152122546654,7.404567307200776,0,106,66.02300009888971,6.412720658646384,0,30,18.990424704801892,3.467161329141127,0,76,72.09937644403149,8.27036567925869,1,106,74.55840874164976,7.241752833061867,1,30,8.001210359565457,1.460814467092674,0,76,15.745464295335733,1.8061286232235874,0,106,17.661795296450187,1.715465207529009,0
qpinn_lambdaBC1_seed1,qpinn,1.0,1,200,17.344200134277344,13.195535659790039,13.195535659790039,30.539735794067383,210.62500476837158,-0.6681340263178573,0.0,30,16.35927286635382,2.986780924428061,0,76,24.438734022503038,2.80331505032,0,106,29.408800202294344,2.856435186537795,0,30,20.487563710698417,3.7405002642245897,0,76,33.20438100795342,3.808803718328689,1,106,39.01629383887281,3.7895974607273994,1,30,7.8656144904035,1.436058161677833,0,76,19.86057563780678,2.278164267519621,0,106,21.361422143122624,2.074804732746042,0
qpinn_lambdaBC1_seed1,qpinn,1.0,1,300,1.246228814125061,5.166781425476074,5.166781425476074,6.413010120391846,133.7038516998291,-0.4983728005435416,0.0,30,6.975273739491858,1.273504923964368,0,76,14.256406711618457,1.6353220040515752,0,106,15.871344494652131,1.5415612524257414,0,30,3.9833410380034904,0.7272552469168516,0,76,16.62081276356892,1.9065379788396821,1,106,17.09147222291451,1.660070533698875,1,30,6.681663747310912,1.2198993186888951,0,76,12.534786415053137,1.4378386121600817,0,106,14.204418358494289,1.379655073461348,0
qpinn_lambdaBC1_seed1,qpinn,1.0,1,400,0.5160399079322815,2.0530447959899902,2.0530447959899902,2.569084644317627,83.11859369277954,-0.9205032881996572,0.0,30,2.4470746695751977,0.44677266547527883,0,76,3.582970260386033,0.41099487586142974,0,106,4.338876620196444,0.4214289519709275,0,30,4.571416372683121,0.8346226223556629,0,76,10.016193796274125,1.1489362251809982,1,106,11.010085640763906,1.0693940526216703,1,30,5.192882365298357,0.9480862699815642,0,76,9.354426667715694,1.0730263294561748,0,106,10.699127326165307,1.0391911111464642,0
qpinn_lambdaBC1_seed1,qpinn,1.0,1,500,0.2859322428703308,1.19791579246521,1.19791579246521,1.4838480949401855,63.556575775146484,-0.9333879355268612,0.0,30,2.1540564561120163,0.39327510371739605,0,76,2.4607360814419814,0.2822657869928913,0,106,3.2703488007593773,0.31764435551546166,0,30,3.5444191652417616,0.6471194433521812,0,76,8.333935262080741,0.9559679370900028,1,106,9.05634496756202,0.8796299831623345,1,30,4.226599391698687,0.7716679427903281,0,76,7.737849936611389,0.8875922608939908,0,106,8.816941876831478,0.8563770994192137,0
qpinn_lambdaBC1_seed1,qpinn,1.0,1,600,0.15738020837306976,0.6585196256637573,0.6585196256637573,0.8158998489379883,47.144657373428345,-0.946041251636075,0.0,30,1.6219875950768146,0.2961330646057089,0,76,1.6748429967569338,0.19211766760948146,0,106,2.3315108454323807,0.2264563522101104,0,30,2.6949852343917353,0.49203473500656697,0,76,6.6306866046044,0.760591916730511,1,106,7.1574402031780675,0.6951920480014362,1,30,3.3411835420323515,0.6100138649120431,0,76,6.161554182560529,0.7067787372876766,0,106,7.009155256247146,0.6807893407459961,0
qpinn_lambdaBC1_seed1,qpinn,1.0,1,700,0.0983090028166771,0.35982489585876465,0.35982489585876465,0.45813390612602234,34.871625900268555,-0.9574968014218853,0.0,30,1.1114842149366104,0.20292832561056734,0,76,1.1778326936505974,0.13510667589529618,0,106,1.6194712144047128,0.15729694950458473,0,30,2.1258527783658843,0.38812584021534174,0,76,5.173229406095249,0.593410110340056,1,106,5.592991375227979,0.5432393451045049,1,30,2.6192704751001887,0.4782111744732156,0,76,4.832777827811364,0.5543576360003617,0,106,5.496937270400371,0.5339097457004611,0
qpinn_lambdaBC1_seed1,qpinn,1.0,1,800,0.06783263385295868,0.2020702213048935,0.2020702213048935,0.2699028551578522,26.13920271396637,-0.9649272467697351,0.0,30,0.7542669095725475,0.1377096669175312,0,76,0.8675179563373592,0.09951113429951261,0,106,1.1495677341696182,0.11165588880210238,0,30,1.6978635448110666,0.30998605435290155,0,76,4.020894256951323,0.4612282033872074,1,106,4.364668514604807,0.42393408221115286,1,30,2.0593709329151055,0.3759879714093538,0,76,3.77999806275719,0.4335955147983713,0,106,4.304578259688601,0.4180976007045974,0
qpinn_lambdaBC1_seed1,qpinn,1.0,1,900,0.04955734685063362,0.11621281504631042,0.11621281504631042,0.16577015817165375,19.82007920742035,-0.9693194601536266,0.0,30,0.5230828977206944,0.09550143417559731,0,76,0.6599230405513934,0.0756983643230952,0,106,0.8420891504695179,0.08179092866954817,0,30,1.3578040154546478,0.24789996264520128,0,76,3.1365170894990655,0.3597831849424933,1,106,3.417802100342332,0.33196628603974704,1,30,1.6214217623957174,0.2960297581646387,0,76,2.955037360223758,0.3389660323053305,0,106,3.3706459813941647,0.32738607887394783,0
qpinn_lambdaBC1_seed1,qpinn,1.0,1,1000,0.03776846081018448,0.06749934703111649,0.06749934703111649,0.10526780784130096,15.099965035915375,-0.9718491549793055,0.0,30,0.37334883786562517,0.0681638601057806,0,76,0.5062224449771331,0.058067696858089525,0,106,0.6290075663569075,0.061094615651821296,0,30,1.074345452899305,0.19614774636868443,0,76,2.4375559658264607,0.2796068453753217,1,106,2.6638125382056415,0.25873234583291593,1,30,1.2716466094085557,0.2321698443826757,0,76,2.303068250846254,0.26418004646094223,0,106,2.630818972730032,0.2555277274633941,0
qpinn_lambdaBC1_seed2,qpinn,1.0,2,0,787.0662231445312,0.03213425725698471,0.03213425725698471,787.0983276367188,101.53839588165283,0.0911684363413169,0.0,30,0.09102704888183795,0.016619189338569353,0,76,0.676440891011417,0.07759309171572046,0,106,0.6825380594959202,0.06629395677091485,0,30,0.031907798982386396,0.005825540420997804,0,76,0.0976132973026176,0.011197013118102672,1,106,0.10269597580328838,0.009974714941871769,1,30,0.06640970522642863,0.012124697863261228,0,76,0.662148304232593,0.07595361957333414,0,106,0.6654702290458677,0.06463618252919016,0
qpinn_lambdaBC1_seed2,qpinn,1.0,2,100,68.12501525878906,3.238208055496216,3.238208055496216,71.36322021484375,89.80709910392761,-0.31179139969487424,0.0,30,56.4935212598395,10.314258648970588,0,76,94.65934757165397,10.858171845429787,0,106,110.23570214330351,10.707037901881707,0,30,55.5905331243268,10.149396325310642,0,76,98.1902290222375,11.263191725027575,1,106,112.83451798313462,10.959457210291514,1,30,5.355714888310828,0.977815285298034,0,76,7.882535137518021,0.9041887916670931,0,106,9.529850059632654,0.9256208633305728,0
qpinn_lambdaBC1_seed2,qpinn,1.0,2,200,0.6855653524398804,0.2239983081817627,0.2239983081817627,0.9095636606216431,29.004818201065063,-0.2456064515102388,0.0,30,3.7411277719931157,0.6830333570765578,0,76,10.728084925713656,1.2305957381291548,0,106,11.361683113856976,1.103544218107254,0,30,3.2142481756288968,0.5868387437372579,0,76,11.05060759293647,1.2675916253245614,1,106,11.508575911362747,1.1178117078572003,1,30,3.1447784137141213,0.5741553585155126,0,76,3.859307421737404,0.44269292219499606,0,106,4.978341596037752,0.4835392810216567,0
qpinn_lambdaBC1_seed2,qpinn,1.0,2,300,0.09007144719362259,0.006811519153416157,0.006811519153416157,0.09688296914100647,4.806946963071823,-0.6006517893510639,0.0,30,0.7535022186621269,0.13757005409714568,0,76,1.0213664513550564,0.11715876699419585,0,106,1.269234029437585,0.123278906881547,0,30,0.8214412099224346,0.1499739601129513,0,76,1.3584669892532955,0.15582685063923865,1,106,1.5875132195511779,0.15419291464553228,1,30,0.6112631741958725,0.11160087635976305,0,76,0.7325004316709615,0.08402356204614846,0,106,0.9540437885789931,0.09266492439165387,0
qpinn_lambdaBC1_seed2,qpinn,1.0,2,400,0.051360808312892914,1.2848470760218333e-05,1.2848470760218333e-05,0.05137365683913231,0.4819829948246479,-0.19744141754476147,0.0,30,0.2627528545931662,0.047971888503184006,0,76,0.3928743158408371,0.04506577474376026,0,106,0.472640762783177,0.04590692908650532,0,30,0.25865372411769616,0.0472234930939934,0,76,0.4042807301693184,0.046374180200760375,1,106,0.47994234839842015,0.046616121774593004,1,30,0.02918068475404333,0.005327639761078874,0,76,0.040317438230434426,0.004624727339708079,0,106,0.04976955081352204,0.004834046108104543,0
qpinn_lambdaBC1_seed2,qpinn,1.0,2,500,0.0433080829679966,0.0006765513680875301,0.0006765513680875301,0.043984632939100266,1.545743364840746,-0.8468499681107766,0.0,30,0.09728573965530676,0.017761864710928794,0,76,0.18709584402073376,0.021461365180074396,0,106,0.21087761851394013,0.02048224495501585,0,30,0.24162807188101681,0.04411504849857088,0,76,0.31300074360316615,0.03590364764787595,1,106,0.3954157187278634,0.03840616973542102,1,30,0.20208907061884548,0.03689624753439872,0,76,0.24706495216876012,0.028340293657745673,0,106,0.31918816245866705,0.0310022949627897,0
qpinn_lambdaBC1_seed2,qpinn,1.0,2,600,0.04095830023288727,0.0011830483563244343,0.0011830483563244343,0.042141348123550415,2.016250789165497,-0.9473614681211954,0.0,30,0.05292080887443413,0.009661973593982385,0,76,0.13690717513308903,0.01570433002765157,0,106,0.14677938075508662,0.014256473741296955,0,30,0.27663605016412307,0.05050660163134031,0,76,0.36349847456875944,0.041696134652010844,1,106,0.45679168694736805,0.044367530757430385,1,30,0.26609179908767505,0.048581493575817404,0,76,0.3253174034868121,0.037316465430896326,0,106,0.42028116606995003,0.0408213154818768,0
qpinn_lambdaBC1_seed2,qpinn,1.0,2,700,0.039781875908374786,0.0012255245819687843,0.0012255245819687843,0.041007399559020996,2.048625610768795,-0.9578050202690315,0.0,30,0.04481567262905091,0.008182184942899346,0,76,0.12489928985511768,0.014326931121011917,0,106,0.1326961835152276,0.012888592703710565,0,30,0.2749588605062818,0.05020039009506896,0,76,0.36822792169827534,0.0422386394440208,1,106,0.4595586766552712,0.04463628455588783,1,30,0.270298046762026,0.04934944582038262,0,76,0.3311450132338782,0.03798493811431353,0,106,0.4274553238328326,0.04151813128281764,0
qpinn_lambdaBC1_seed2,qpinn,1.0,2,800,0.038886889815330505,0.0010872958227992058,0.0010872958227992058,0.039974186569452286,1.9301416352391243,-0.9598103027575352,0.0,30,0.04224877573720202,0.007713535832747499,0,76,0.11367983202095258,0.013039971044684512,0,106,0.12127680429333709,0.011779444544198709,0,30,0.25770530495114496,0.04705033623682995,0,76,0.34479164564147274,0.03955031420863857,1,106,0.430457086251484,0.04180968822275679,1,30,0.25414289670480644,0.04639993245164261,0,76,0.31211551378886315,0.03580210482412974,0,106,0.4024980818503312,0.03909406965271437,0
qpinn_lambdaBC1_seed2,qpinn,1.0,2,900,0.038079485297203064,0.0009127154480665922,0.0009127154480665922,0.038992200046777725,1.7700446769595146,-0.958684193533054,0.0,30,0.039149695917409175,0.0071477238578109715,0,76,0.10527130777422725,0.01207544716426906,0,106,0.11231539044548473,0.010909035086483547,0,30,0.23525466942574308,0.04295142973430014,0,76,0.31561433104378395,0.036203446688238064,1,106,0.3936459900047642,0.038234278486525636,1,30,0.23245079998539028,0.042439515554039936,0,76,0.28622720101981597,0.03283251168783894,0,106,0.36872670776265454,0.03581390383234049,0
qpinn_lambdaBC1_seed2,qpinn,1.0,2,1000,0.03731757029891014,0.0007469366537407041,0.0007469366537407041,0.03806450590491295,1.6031749546527863,-0.9583908720426626,0.0,30,0.0370288810344457,0.006760517807247047,0,76,0.09355174216718753,0.010731120792077454,0,106,0.1006134508561309,0.009772442237953732,0,30,0.2124856062179566,0.0387943865569116,0,76,0.28086663846155807,0.032217612991208046,1,106,0.35218773608759874,0.03420749689574959,1,30,0.20994001772257506,0.03832962780989624,0,76,0.25921415279341126,0.029733902546368186,0,106,0.33356676700439014,0.032398868494358364,0
