suite,run_id,source,model,bc,sampling,weighting,seed,qubits,width,lr,steps,params,n_rep,checkpoint_step,loss_and_gradient_parameter_state,prediction_parameter_state,loss_logged,objective_reconstructed,logged_loss_state,logged_loss_stale_branch,logged_vs_reconstructed_relative_difference,gradient_partition_relative_squared_error,parameter_norm,parameter_norm_status,grad_q,grad_classical,grad_total,lf,lb,rel_l2_51,pred_mean,pred_std,pred_norm,wf,wb,quantum_gradient_status
core,pinn_hard_adaptive_fixed_seed0,reviewer11_experiments/results/elastostatic_core/pinn_hard_adaptive_fixed_seed0.json,pinn,hard,adaptive,fixed,0,5,5,0.005,1000,76,1,1,before update 1; after 0 updates,after update 1,1166.0689697265625,1166.0689697265625,current pre-update objective,False,0.0,0.0,,not recorded,0.0,153.066118437937,153.066118437937,1166.0689697265625,0.0,1.0214293003082275,0.10324101150035858,0.04792370647192001,1.612989902496338,1.0,0.0,absent quantum block; recorded zero is structural
core,pinn_hard_adaptive_fixed_seed0,reviewer11_experiments/results/elastostatic_core/pinn_hard_adaptive_fixed_seed0.json,pinn,hard,adaptive,fixed,0,5,5,0.005,1000,76,1,101,before update 101; after 100 updates,after update 101,171.0654296875,171.0654296875,current pre-update objective,False,0.0,0.0,,not recorded,0.0,253.42739307884673,253.42739307884673,171.0654296875,0.0,0.5551488995552063,0.15094923973083496,0.42951473593711853,6.440225124359131,1.0,0.0,absent quantum block; recorded zero is structural
core,pinn_hard_adaptive_fixed_seed0,reviewer11_experiments/results/elastostatic_core/pinn_hard_adaptive_fixed_seed0.json,pinn,hard,adaptive,fixed,0,5,5,0.005,1000,76,1,201,before update 201; after 200 updates,after update 201,29.50600242614746,29.50600242614746,current pre-update objective,False,0.0,0.0,,not recorded,0.0,52.71618625902487,52.71618625902487,29.50600242614746,0.0,0.2340298593044281,0.011476113460958004,0.5452941060066223,7.713339328765869,1.0,0.0,absent quantum block; recorded zero is structural
core,pinn_hard_adaptive_fixed_seed0,reviewer11_experiments/results/elastostatic_core/pinn_hard_adaptive_fixed_seed0.json,pinn,hard,adaptive,fixed,0,5,5,0.005,1000,76,1,301,before update 301; after 300 updates,after update 301,13.928912162780762,13.928912162780762,current pre-update objective,False,0.0,0.0,,not recorded,0.0,23.267080922731438,23.267080922731438,13.928912162780762,0.0,0.1285315603017807,-0.009197094477713108,0.6176347732543945,8.73564624786377,1.0,0.0,absent quantum block; recorded zero is structural
core,pinn_hard_adaptive_fixed_seed0,reviewer11_experiments/results/elastostatic_core/pinn_hard_adaptive_fixed_seed0.json,pinn,hard,adaptive,fixed,0,5,5,0.005,1000,76,1,401,before update 401; after 400 updates,after update 401,10.28014850616455,10.28014850616455,current pre-update objective,False,0.0,0.0,,not recorded,0.0,11.21134839488106,11.21134839488106,10.28014850616455,0.0,0.08577077835798264,-0.01572340540587902,0.6495151519775391,9.18823528289795,1.0,0.0,absent quantum block; recorded zero is structural
core,pinn_hard_adaptive_fixed_seed0,reviewer11_experiments/results/elastostatic_core/pinn_hard_adaptive_fixed_seed0.json,pinn,hard,adaptive,fixed,0,5,5,0.005,1000,76,1,501,before update 501; after 500 updates,after update 501,75.90769958496094,75.90769958496094,current pre-update objective,False,0.0,0.0,,not recorded,0.0,124.27989566846875,124.27989566846875,75.90769958496094,0.0,0.057410143315792084,-0.011046153493225574,0.6690511107444763,9.46310806274414,1.0,0.0,absent quantum block; recorded zero is structural
core,pinn_hard_adaptive_fixed_seed0,reviewer11_experiments/results/elastostatic_core/pinn_hard_adaptive_fixed_seed0.json,pinn,hard,adaptive,fixed,0,5,5,0.005,1000,76,1,601,before update 601; after 600 updates,after update 601,51.62453842163086,51.62453842163086,current pre-update objective,False,0.0,0.0,,not recorded,0.0,16.215025995734642,16.215025995734642,51.62453842163086,0.0,0.1587011218070984,0.028749896213412285,0.6071310043334961,8.59579849243164,1.0,0.0,absent quantum block; recorded zero is structural
core,pinn_hard_adaptive_fixed_seed0,reviewer11_experiments/results/elastostatic_core/pinn_hard_adaptive_fixed_seed0.json,pinn,hard,adaptive,fixed,0,5,5,0.005,1000,76,1,701,before update 701; after 700 updates,after update 701,48.98976516723633,48.98976516723633,current pre-update objective,False,0.0,0.0,,not recorded,0.0,5.044682309462741,5.044682309462741,48.98976516723633,0.0,0.18834921717643738,0.027423610910773277,0.585112452507019,8.283868789672852,1.0,0.0,absent quantum block; recorded zero is structural
core,pinn_hard_adaptive_fixed_seed0,reviewer11_experiments/results/elastostatic_core/pinn_hard_adaptive_fixed_seed0.json,pinn,hard,adaptive,fixed,0,5,5,0.005,1000,76,1,801,before update 801; after 800 updates,after update 801,48.05304718017578,48.05304718017578,current pre-update objective,False,0.0,0.0,,not recorded,0.0,3.6896302013679234,3.6896302013679234,48.05304718017578,0.0,0.18740299344062805,0.018451737239956856,0.5827370285987854,8.2452974319458,1.0,0.0,absent quantum block; recorded zero is structural
core,pinn_hard_adaptive_fixed_seed0,reviewer11_experiments/results/elastostatic_core/pinn_hard_adaptive_fixed_seed0.json,pinn,hard,adaptive,fixed,0,5,5,0.005,1000,76,1,901,before update 901; after 900 updates,after update 901,47.29881286621094,47.29881286621094,current pre-update objective,False,0.0,0.0,,not recorded,0.0,3.30003031239397,3.30003031239397,47.29881286621094,0.0,0.1821085512638092,0.0057959770783782005,0.5833688974380493,8.25049114227295,1.0,0.0,absent quantum block; recorded zero is structural
core,pinn_hard_adaptive_fixed_seed0,reviewer11_experiments/results/elastostatic_core/pinn_hard_adaptive_fixed_seed0.json,pinn,hard,adaptive,fixed,0,5,5,0.005,1000,76,1,1000,before update 1000; after 999 updates,after update 1000,46.57479476928711,46.57479476928711,current pre-update objective,False,0.0,0.0,,not recorded,0.0,3.0295257919773313,3.0295257919773313,46.57479476928711,0.0,0.17816779017448425,-0.006645983085036278,0.5847841501235962,8.270633697509766,1.0,0.0,absent quantum block; recorded zero is structural
core,pinn_hard_adaptive_fixed_seed1,reviewer11_experiments/results/elastostatic_core/pinn_hard_adaptive_fixed_seed1.json,pinn,hard,adaptive,fixed,1,5,5,0.005,1000,76,1,1,before update 1; after 0 updates,after update 1,1163.41455078125,1163.41455078125,current pre-update objective,False,0.0,0.0,,not recorded,0.0,38.84083624982508,38.84083624982508,1163.41455078125,0.0,0.9990369081497192,-0.0003289075393695384,0.0007100616348907351,0.011071663349866867,1.0,0.0,absent quantum block; recorded zero is structural
core,pinn_hard_adaptive_fixed_seed1,reviewer11_experiments/results/elastostatic_core/pinn_hard_adaptive_fixed_seed1.json,pinn,hard,adaptive,fixed,1,5,5,0.005,1000,76,1,101,before update 101; after 100 updates,after update 101,265.22735595703125,265.22735595703125,current pre-update objective,False,0.0,0.0,,not recorded,0.0,300.2581343798842,300.2581343798842,265.22735595703125,0.0,0.3833591938018799,-0.000238487366004847,0.4411347210407257,6.238588333129883,1.0,0.0,absent quantum block; recorded zero is structural
core,pinn_hard_adaptive_fixed_seed1,reviewer11_experiments/results/elastostatic_core/pinn_hard_adaptive_fixed_seed1.json,pinn,hard,adaptive,fixed,1,5,5,0.005,1000,76,1,201,before update 201; after 200 updates,after update 201,15.190191268920898,15.190191268920898,current pre-update objective,False,0.0,0.0,,not recorded,0.0,48.47704437724253,48.47704437724253,15.190191268920898,0.0,0.14586491882801056,-0.031859006732702255,0.6102340817451477,8.641824722290039,1.0,0.0,absent quantum block; recorded zero is structural
core,pinn_hard_adaptive_fixed_seed1,reviewer11_experiments/results/elastostatic_core/pinn_hard_adaptive_fixed_seed1.json,pinn,hard,adaptive,fixed,1,5,5,0.005,1000,76,1,301,before update 301; after 300 updates,after update 301,7.165110111236572,7.165110111236572,current pre-update objective,False,0.0,0.0,,not recorded,0.0,20.461801181037025,20.461801181037025,7.165110111236572,0.0,0.09239654242992401,-0.028743106871843338,0.6498298645019531,9.19901180267334,1.0,0.0,absent quantum block; recorded zero is structural
core,pinn_hard_adaptive_fixed_seed1,reviewer11_experiments/results/elastostatic_core/pinn_hard_adaptive_fixed_seed1.json,pinn,hard,adaptive,fixed,1,5,5,0.005,1000,76,1,401,before update 401; after 400 updates,after update 401,4.778107166290283,4.778107166290283,current pre-update objective,False,0.0,0.0,,not recorded,0.0,11.291915393203713,11.291915393203713,4.778107166290283,0.0,0.06386084854602814,-0.022110136225819588,0.6688978672027588,9.464836120605469,1.0,0.0,absent quantum block; recorded zero is structural
core,pinn_hard_adaptive_fixed_seed1,reviewer11_experiments/results/elastostatic_core/pinn_hard_adaptive_fixed_seed1.json,pinn,hard,adaptive,fixed,1,5,5,0.005,1000,76,1,501,before update 501; after 500 updates,after update 501,71.40348815917969,71.40348815917969,current pre-update objective,False,0.0,0.0,,not recorded,0.0,126.76005781562952,126.76005781562952,71.40348815917969,0.0,0.04060248285531998,-0.015631219372153282,0.6845036745071411,9.682880401611328,1.0,0.0,absent quantum block; recorded zero is structural
core,pinn_hard_adaptive_fixed_seed1,reviewer11_experiments/results/elastostatic_core/pinn_hard_adaptive_fixed_seed1.json,pinn,hard,adaptive,fixed,1,5,5,0.005,1000,76,1,601,before update 601; after 600 updates,after update 601,52.71651840209961,52.71651840209961,current pre-update objective,False,0.0,0.0,,not recorded,0.0,20.759992049876587,20.759992049876587,52.71651840209961,0.0,0.09699752926826477,0.0059691802598536015,0.6406481862068176,9.060527801513672,1.0,0.0,absent quantum block; recorded zero is structural
core,pinn_hard_adaptive_fixed_seed1,reviewer11_experiments/results/elastostatic_core/pinn_hard_adaptive_fixed_seed1.json,pinn,hard,adaptive,fixed,1,5,5,0.005,1000,76,1,701,before update 701; after 700 updates,after update 701,49.56309509277344,49.56309509277344,current pre-update objective,False,0.0,0.0,,not recorded,0.0,7.295734315755694,7.295734315755694,49.56309509277344,0.0,0.1365891546010971,-0.012125394307076931,0.612584114074707,8.664953231811523,1.0,0.0,absent quantum block; recorded zero is structural
core,pinn_hard_adaptive_fixed_seed1,reviewer11_experiments/results/elastostatic_core/pinn_hard_adaptive_fixed_seed1.json,pinn,hard,adaptive,fixed,1,5,5,0.005,1000,76,1,801,before update 801; after 800 updates,after update 801,48.31792068481445,48.31792068481445,current pre-update objective,False,0.0,0.0,,not recorded,0.0,3.753722422011838,3.753722422011838,48.31792068481445,0.0,0.15235529839992523,-0.024100545793771744,0.6034954190254211,8.54155158996582,1.0,0.0,absent quantum block; recorded zero is structural
core,pinn_hard_adaptive_fixed_seed1,reviewer11_experiments/results/elastostatic_core/pinn_hard_adaptive_fixed_seed1.json,pinn,hard,adaptive,fixed,1,5,5,0.005,1000,76,1,901,before update 901; after 900 updates,after update 901,47.37044906616211,47.37044906616211,current pre-update objective,False,0.0,0.0,,not recorded,0.0,3.1293763983409857,3.1293763983409857,47.37044906616211,0.0,0.15695933997631073,-0.029025470837950706,0.6014671921730042,8.515978813171387,1.0,0.0,absent quantum block; recorded zero is structural
core,pinn_hard_adaptive_fixed_seed1,reviewer11_experiments/results/elastostatic_core/pinn_hard_adaptive_fixed_seed1.json,pinn,hard,adaptive,fixed,1,5,5,0.005,1000,76,1,1000,before update 1000; after 999 updates,after update 1000,46.543094635009766,46.543094635009766,current pre-update objective,False,0.0,0.0,,not recorded,0.0,2.82455312588895,2.82455312588895,46.543094635009766,0.0,0.1572418063879013,-0.030362313613295555,0.6016252636909485,8.519148826599121,1.0,0.0,absent quantum block; recorded zero is structural
core,pinn_hard_adaptive_fixed_seed2,reviewer11_experiments/results/elastostatic_core/pinn_hard_adaptive_fixed_seed2.json,pinn,hard,adaptive,fixed,2,5,5,0.005,1000,76,1,1,before update 1; after 0 updates,after update 1,1203.37646484375,1203.37646484375,current pre-update objective,False,0.0,0.0,,not recorded,0.0,94.38750682565063,94.38750682565063,1203.37646484375,0.0,1.0026925802230835,0.03290693089365959,0.014969836920499802,0.5123234391212463,1.0,0.0,absent quantum block; recorded zero is structural
core,pinn_hard_adaptive_fixed_seed2,reviewer11_experiments/results/elastostatic_core/pinn_hard_adaptive_fixed_seed2.json,pinn,hard,adaptive,fixed,2,5,5,0.005,1000,76,1,101,before update 101; after 100 updates,after update 101,486.69549560546875,486.69549560546875,current pre-update objective,False,0.0,0.0,,not recorded,0.0,569.8539800894158,569.8539800894158,486.69549560546875,0.0,0.6061791181564331,-0.04494894668459892,0.28194379806518555,4.037890911102295,1.0,0.0,absent quantum block; recorded zero is structural
core,pinn_hard_adaptive_fixed_seed2,reviewer11_experiments/results/elastostatic_core/pinn_hard_adaptive_fixed_seed2.json,pinn,hard,adaptive,fixed,2,5,5,0.005,1000,76,1,201,before update 201; after 200 updates,after update 201,36.87971878051758,36.87971878051758,current pre-update objective,False,0.0,0.0,,not recorded,0.0,82.52556457785079,82.52556457785079,36.87971878051758,0.0,0.13992780447006226,-0.04751087725162506,0.6264851093292236,8.885405540466309,1.0,0.0,absent quantum block; recorded zero is structural
core,pinn_hard_adaptive_fixed_seed2,reviewer11_experiments/results/elastostatic_core/pinn_hard_adaptive_fixed_seed2.json,pinn,hard,adaptive,fixed,2,5,5,0.005,1000,76,1,301,before update 301; after 300 updates,after update 301,8.122661590576172,8.122661590576172,current pre-update objective,False,0.0,0.0,,not recorded,0.0,11.482265333529824,11.482265333529824,8.122661590576172,0.0,0.13227662444114685,-0.08240742981433868,0.6879459023475647,9.79892349243164,1.0,0.0,absent quantum block; recorded zero is structural
core,pinn_hard_adaptive_fixed_seed2,reviewer11_experiments/results/elastostatic_core/pinn_hard_adaptive_fixed_seed2.json,pinn,hard,adaptive,fixed,2,5,5,0.005,1000,76,1,401,before update 401; after 400 updates,after update 401,5.958881855010986,5.958881855010986,current pre-update objective,False,0.0,0.0,,not recorded,0.0,4.759097790433222,4.759097790433222,5.958881855010986,0.0,0.1012604832649231,-0.06429988145828247,0.7006787657737732,9.95093822479248,1.0,0.0,absent quantum block; recorded zero is structural
core,pinn_hard_adaptive_fixed_seed2,reviewer11_experiments/results/elastostatic_core/pinn_hard_adaptive_fixed_seed2.json,pinn,hard,adaptive,fixed,2,5,5,0.005,1000,76,1,501,before update 501; after 500 updates,after update 501,100.91799926757812,100.91799926757812,current pre-update objective,False,0.0,0.0,,not recorded,0.0,262.12265355128915,262.12265355128915,100.91799926757812,0.0,0.10664490610361099,-0.06692464649677277,0.7040857076644897,10.00238037109375,1.0,0.0,absent quantum block; recorded zero is structural
core,pinn_hard_adaptive_fixed_seed2,reviewer11_experiments/results/elastostatic_core/pinn_hard_adaptive_fixed_seed2.json,pinn,hard,adaptive,fixed,2,5,5,0.005,1000,76,1,601,before update 601; after 600 updates,after update 601,52.27252960205078,52.27252960205078,current pre-update objective,False,0.0,0.0,,not recorded,0.0,19.655874595884143,19.655874595884143,52.27252960205078,0.0,0.16412997245788574,-0.05681748688220978,0.6131149530410767,8.70809268951416,1.0,0.0,absent quantum block; recorded zero is structural
core,pinn_hard_adaptive_fixed_seed2,reviewer11_experiments/results/elastostatic_core/pinn_hard_adaptive_fixed_seed2.json,pinn,hard,adaptive,fixed,2,5,5,0.005,1000,76,1,701,before update 701; after 700 updates,after update 701,46.81929397583008,46.81929397583008,current pre-update objective,False,0.0,0.0,,not recorded,0.0,7.870409366158254,7.870409366158254,46.81929397583008,0.0,0.18013693392276764,-0.032321132719516754,0.5870007872581482,8.314082145690918,1.0,0.0,absent quantum block; recorded zero is structural
core,pinn_hard_adaptive_fixed_seed2,reviewer11_experiments/results/elastostatic_core/pinn_hard_adaptive_fixed_seed2.json,pinn,hard,adaptive,fixed,2,5,5,0.005,1000,76,1,801,before update 801; after 800 updates,after update 801,45.063812255859375,45.063812255859375,current pre-update objective,False,0.0,0.0,,not recorded,0.0,5.455709589267652,5.455709589267652,45.063812255859375,0.0,0.17779965698719025,-0.013333030976355076,0.5842465162277222,8.264655113220215,1.0,0.0,absent quantum block; recorded zero is structural
core,pinn_hard_adaptive_fixed_seed2,reviewer11_experiments/results/elastostatic_core/pinn_hard_adaptive_fixed_seed2.json,pinn,hard,adaptive,fixed,2,5,5,0.005,1000,76,1,901,before update 901; after 900 updates,after update 901,43.81427764892578,43.81427764892578,current pre-update objective,False,0.0,0.0,,not recorded,0.0,4.906778426448627,4.906778426448627,43.81427764892578,0.0,0.17604854702949524,0.006621222943067551,0.5843024849891663,8.26381778717041,1.0,0.0,absent quantum block; recorded zero is structural
core,pinn_hard_adaptive_fixed_seed2,reviewer11_experiments/results/elastostatic_core/pinn_hard_adaptive_fixed_seed2.json,pinn,hard,adaptive,fixed,2,5,5,0.005,1000,76,1,1000,before update 1000; after 999 updates,after update 1000,42.757205963134766,42.757205963134766,current pre-update objective,False,0.0,0.0,,not recorded,0.0,4.342811707476938,4.342811707476938,42.757205963134766,0.0,0.17787137627601624,0.024089209735393524,0.5852054357528687,8.283098220825195,1.0,0.0,absent quantum block; recorded zero is structural
core,pinn_hard_uniform_fixed_seed0,reviewer11_experiments/results/elastostatic_core/pinn_hard_uniform_fixed_seed0.json,pinn,hard,uniform,fixed,0,5,5,0.005,1000,76,1,1,before update 1; after 0 updates,after update 1,804.549072265625,804.549072265625,current pre-update objective,False,0.0,0.0,,not recorded,0.0,89.20237348512408,89.20237348512408,804.549072265625,0.0,1.0218819379806519,0.10592860728502274,0.04913691058754921,1.6547755002975464,1.0,0.0,absent quantum block; recorded zero is structural
core,pinn_hard_uniform_fixed_seed0,reviewer11_experiments/results/elastostatic_core/pinn_hard_uniform_fixed_seed0.json,pinn,hard,uniform,fixed,0,5,5,0.005,1000,76,1,101,before update 101; after 100 updates,after update 101,219.88917541503906,219.88917541503906,current pre-update objective,False,0.0,0.0,,not recorded,0.0,212.51437821133666,212.51437821133666,219.88917541503906,0.0,0.48024946451187134,0.005468285176903009,0.37027615308761597,5.237069606781006,1.0,0.0,absent quantum block; recorded zero is structural
core,pinn_hard_uniform_fixed_seed0,reviewer11_experiments/results/elastostatic_core/pinn_hard_uniform_fixed_seed0.json,pinn,hard,uniform,fixed,0,5,5,0.005,1000,76,1,201,before update 201; after 200 updates,after update 201,35.430458068847656,35.430458068847656,current pre-update objective,False,0.0,0.0,,not recorded,0.0,76.55821619015637,76.55821619015637,35.430458068847656,0.0,0.1633857935667038,0.004260622896254063,0.5925391316413879,8.379986763000488,1.0,0.0,absent quantum block; recorded zero is structural
core,pinn_hard_uniform_fixed_seed0,reviewer11_experiments/results/elastostatic_core/pinn_hard_uniform_fixed_seed0.json,pinn,hard,uniform,fixed,0,5,5,0.005,1000,76,1,301,before update 301; after 300 updates,after update 301,13.580375671386719,13.580375671386719,current pre-update objective,False,0.0,0.0,,not recorded,0.0,20.825328707092908,20.825328707092908,13.580375671386719,0.0,0.05374493449926376,0.0013793546240776777,0.6694039106369019,9.46682071685791,1.0,0.0,absent quantum block; recorded zero is structural
core,pinn_hard_uniform_fixed_seed0,reviewer11_experiments/results/elastostatic_core/pinn_hard_uniform_fixed_seed0.json,pinn,hard,uniform,fixed,0,5,5,0.005,1000,76,1,401,before update 401; after 400 updates,after update 401,11.162406921386719,11.162406921386719,current pre-update objective,False,0.0,0.0,,not recorded,0.0,4.378666693453865,4.378666693453865,11.162406921386719,0.0,0.0210847370326519,0.001428822404704988,0.6925384402275085,9.793993949890137,1.0,0.0,absent quantum block; recorded zero is structural
core,pinn_hard_uniform_fixed_seed0,reviewer11_experiments/results/elastostatic_core/pinn_hard_uniform_fixed_seed0.json,pinn,hard,uniform,fixed,0,5,5,0.005,1000,76,1,501,before update 501; after 500 updates,after update 501,10.631112098693848,10.631112098693848,current pre-update objective,False,0.0,0.0,,not recorded,0.0,2.3311205534064086,2.3311205534064086,10.631112098693848,0.0,0.013997005298733711,0.0018783587729558349,0.6977771520614624,9.868094444274902,1.0,0.0,absent quantum block; recorded zero is structural
core,pinn_hard_uniform_fixed_seed0,reviewer11_experiments/results/elastostatic_core/pinn_hard_uniform_fixed_seed0.json,pinn,hard,uniform,fixed,0,5,5,0.005,1000,76,1,601,before update 601; after 600 updates,after update 601,10.145452499389648,10.145452499389648,current pre-update objective,False,0.0,0.0,,not recorded,0.0,2.3042147916272304,2.3042147916272304,10.145452499389648,0.0,0.012534061446785927,0.0022727055475115776,0.6989756226539612,9.88506031036377,1.0,0.0,absent quantum block; recorded zero is structural
core,pinn_hard_uniform_fixed_seed0,reviewer11_experiments/results/elastostatic_core/pinn_hard_uniform_fixed_seed0.json,pinn,hard,uniform,fixed,0,5,5,0.005,1000,76,1,701,before update 701; after 700 updates,after update 701,9.648475646972656,9.648475646972656,current pre-update objective,False,0.0,0.0,,not recorded,0.0,2.1812215293846116,2.1812215293846116,9.648475646972656,0.0,0.012137716636061668,0.0026688124053180218,0.6994054913520813,9.891160011291504,1.0,0.0,absent quantum block; recorded zero is structural
core,pinn_hard_uniform_fixed_seed0,reviewer11_experiments/results/elastostatic_core/pinn_hard_uniform_fixed_seed0.json,pinn,hard,uniform,fixed,0,5,5,0.005,1000,76,1,801,before update 801; after 800 updates,after update 801,9.154325485229492,9.154325485229492,current pre-update objective,False,0.0,0.0,,not recorded,0.0,2.0214406429336007,2.0214406429336007,9.154325485229492,0.0,0.011894678696990013,0.0030206944793462753,0.699730634689331,9.895777702331543,1.0,0.0,absent quantum block; recorded zero is structural
core,pinn_hard_uniform_fixed_seed0,reviewer11_experiments/results/elastostatic_core/pinn_hard_uniform_fixed_seed0.json,pinn,hard,uniform,fixed,0,5,5,0.005,1000,76,1,901,before update 901; after 900 updates,after update 901,8.682703018188477,8.682703018188477,current pre-update objective,False,0.0,0.0,,not recorded,0.0,1.857223927306822,1.857223927306822,8.682703018188477,0.0,0.011647435836493969,0.0032643417362123728,0.7000294327735901,9.900019645690918,1.0,0.0,absent quantum block; recorded zero is structural
core,pinn_hard_uniform_fixed_seed0,reviewer11_experiments/results/elastostatic_core/pinn_hard_uniform_fixed_seed0.json,pinn,hard,uniform,fixed,0,5,5,0.005,1000,76,1,1000,before update 1000; after 999 updates,after update 1000,8.253474235534668,8.253474235534668,current pre-update objective,False,0.0,0.0,,not recorded,0.0,1.7054446520673334,1.7054446520673334,8.253474235534668,0.0,0.011347426101565361,0.0033500490244477987,0.700295090675354,9.90378189086914,1.0,0.0,absent quantum block; recorded zero is structural
core,pinn_hard_uniform_fixed_seed1,reviewer11_experiments/results/elastostatic_core/pinn_hard_uniform_fixed_seed1.json,pinn,hard,uniform,fixed,1,5,5,0.005,1000,76,1,1,before update 1; after 0 updates,after update 1,786.1390991210938,786.1390991210938,current pre-update objective,False,0.0,0.0,,not recorded,0.0,25.114482379199092,25.114482379199092,786.1390991210938,0.0,0.9990285634994507,0.00035551603650674224,0.0007056092726998031,0.011179517954587936,1.0,0.0,absent quantum block; recorded zero is structural
core,pinn_hard_uniform_fixed_seed1,reviewer11_experiments/results/elastostatic_core/pinn_hard_uniform_fixed_seed1.json,pinn,hard,uniform,fixed,1,5,5,0.005,1000,76,1,101,before update 101; after 100 updates,after update 101,174.64659118652344,174.64659118652344,current pre-update objective,False,0.0,0.0,,not recorded,0.0,208.31638803698416,208.31638803698416,174.64659118652344,0.0,0.4353017807006836,-0.004761420655995607,0.4010309875011444,5.671835899353027,1.0,0.0,absent quantum block; recorded zero is structural
core,pinn_hard_uniform_fixed_seed1,reviewer11_experiments/results/elastostatic_core/pinn_hard_uniform_fixed_seed1.json,pinn,hard,uniform,fixed,1,5,5,0.005,1000,76,1,201,before update 201; after 200 updates,after update 201,30.13418960571289,30.13418960571289,current pre-update objective,False,0.0,0.0,,not recorded,0.0,64.73068451297698,64.73068451297698,30.13418960571289,0.0,0.14212018251419067,0.005975324660539627,0.6075598001480103,8.592610359191895,1.0,0.0,absent quantum block; recorded zero is structural
core,pinn_hard_uniform_fixed_seed1,reviewer11_experiments/results/elastostatic_core/pinn_hard_uniform_fixed_seed1.json,pinn,hard,uniform,fixed,1,5,5,0.005,1000,76,1,301,before update 301; after 300 updates,after update 301,12.665878295898438,12.665878295898438,current pre-update objective,False,0.0,0.0,,not recorded,0.0,16.66025472844466,16.66025472844466,12.665878295898438,0.0,0.04508960619568825,0.0028960478957742453,0.6756551265716553,9.555294036865234,1.0,0.0,absent quantum block; recorded zero is structural
core,pinn_hard_uniform_fixed_seed1,reviewer11_experiments/results/elastostatic_core/pinn_hard_uniform_fixed_seed1.json,pinn,hard,uniform,fixed,1,5,5,0.005,1000,76,1,401,before update 401; after 400 updates,after update 401,10.704887390136719,10.704887390136719,current pre-update objective,False,0.0,0.0,,not recorded,0.0,3.7640168685800077,3.7640168685800077,10.704887390136719,0.0,0.018697919324040413,0.0017556337406858802,0.6943035125732422,9.818965911865234,1.0,0.0,absent quantum block; recorded zero is structural
core,pinn_hard_uniform_fixed_seed1,reviewer11_experiments/results/elastostatic_core/pinn_hard_uniform_fixed_seed1.json,pinn,hard,uniform,fixed,1,5,5,0.005,1000,76,1,501,before update 501; after 500 updates,after update 501,10.191990852355957,10.191990852355957,current pre-update objective,False,0.0,0.0,,not recorded,0.0,2.1719792068958172,2.1719792068958172,10.191990852355957,0.0,0.013138120993971825,0.002113252179697156,0.6984665989875793,9.87785530090332,1.0,0.0,absent quantum block; recorded zero is structural
core,pinn_hard_uniform_fixed_seed1,reviewer11_experiments/results/elastostatic_core/pinn_hard_uniform_fixed_seed1.json,pinn,hard,uniform,fixed,1,5,5,0.005,1000,76,1,601,before update 601; after 600 updates,after update 601,9.742591857910156,9.742591857910156,current pre-update objective,False,0.0,0.0,,not recorded,0.0,2.114359295167579,2.114359295167579,9.742591857910156,0.0,0.01237486395984888,0.0026401879731565714,0.6992153525352478,9.888468742370605,1.0,0.0,absent quantum block; recorded zero is structural
core,pinn_hard_uniform_fixed_seed1,reviewer11_experiments/results/elastostatic_core/pinn_hard_uniform_fixed_seed1.json,pinn,hard,uniform,fixed,1,5,5,0.005,1000,76,1,701,before update 701; after 700 updates,after update 701,9.277206420898438,9.277206420898438,current pre-update objective,False,0.0,0.0,,not recorded,0.0,2.022530539114154,2.022530539114154,9.277206420898438,0.0,0.012224964797496796,0.0031855900306254625,0.6995607018470764,9.89338493347168,1.0,0.0,absent quantum block; recorded zero is structural
core,pinn_hard_uniform_fixed_seed1,reviewer11_experiments/results/elastostatic_core/pinn_hard_uniform_fixed_seed1.json,pinn,hard,uniform,fixed,1,5,5,0.005,1000,76,1,801,before update 801; after 800 updates,after update 801,8.802313804626465,8.802313804626465,current pre-update objective,False,0.0,0.0,,not recorded,0.0,1.93114385915677,1.93114385915677,8.802313804626465,0.0,0.012164849787950516,0.0036891489289700985,0.699869692325592,9.897790908813477,1.0,0.0,absent quantum block; recorded zero is structural
core,pinn_hard_uniform_fixed_seed1,reviewer11_experiments/results/elastostatic_core/pinn_hard_uniform_fixed_seed1.json,pinn,hard,uniform,fixed,1,5,5,0.005,1000,76,1,901,before update 901; after 900 updates,after update 901,8.333011627197266,8.333011627197266,current pre-update objective,False,0.0,0.0,,not recorded,0.0,1.8434888610474023,1.8434888610474023,8.333011627197266,0.0,0.012075474485754967,0.0040664104744791985,0.700169026851654,9.902052879333496,1.0,0.0,absent quantum block; recorded zero is structural
core,pinn_hard_uniform_fixed_seed1,reviewer11_experiments/results/elastostatic_core/pinn_hard_uniform_fixed_seed1.json,pinn,hard,uniform,fixed,1,5,5,0.005,1000,76,1,1000,before update 1000; after 999 updates,after update 1000,7.890672206878662,7.890672206878662,current pre-update objective,False,0.0,0.0,,not recorded,0.0,1.7400129515765916,1.7400129515765916,7.890672206878662,0.0,0.011868273839354515,0.004250469617545605,0.7004567384719849,9.906137466430664,1.0,0.0,absent quantum block; recorded zero is structural
core,pinn_hard_uniform_fixed_seed2,reviewer11_experiments/results/elastostatic_core/pinn_hard_uniform_fixed_seed2.json,pinn,hard,uniform,fixed,2,5,5,0.005,1000,76,1,1,before update 1; after 0 updates,after update 1,789.6357421875,789.6357421875,current pre-update objective,False,0.0,0.0,,not recorded,0.0,16.286444798318655,16.286444798318655,789.6357421875,0.0,1.0027186870574951,0.035365279763936996,0.0160842202603817,0.550574004650116,1.0,0.0,absent quantum block; recorded zero is structural
core,pinn_hard_uniform_fixed_seed2,reviewer11_experiments/results/elastostatic_core/pinn_hard_uniform_fixed_seed2.json,pinn,hard,uniform,fixed,2,5,5,0.005,1000,76,1,101,before update 101; after 100 updates,after update 101,157.97982788085938,157.97982788085938,current pre-update objective,False,0.0,0.0,,not recorded,0.0,172.87672396957154,172.87672396957154,157.97982788085938,0.0,0.3972558379173279,0.0003827199398074299,0.4285348355770111,6.060400009155273,1.0,0.0,absent quantum block; recorded zero is structural
core,pinn_hard_uniform_fixed_seed2,reviewer11_experiments/results/elastostatic_core/pinn_hard_uniform_fixed_seed2.json,pinn,hard,uniform,fixed,2,5,5,0.005,1000,76,1,201,before update 201; after 200 updates,after update 201,25.352054595947266,25.352054595947266,current pre-update objective,False,0.0,0.0,,not recorded,0.0,49.84844102672696,49.84844102672696,25.352054595947266,0.0,0.1143253818154335,0.0007515949546359479,0.6269539594650269,8.866474151611328,1.0,0.0,absent quantum block; recorded zero is structural
core,pinn_hard_uniform_fixed_seed2,reviewer11_experiments/results/elastostatic_core/pinn_hard_uniform_fixed_seed2.json,pinn,hard,uniform,fixed,2,5,5,0.005,1000,76,1,301,before update 301; after 300 updates,after update 301,12.31981372833252,12.31981372833252,current pre-update objective,False,0.0,0.0,,not recorded,0.0,8.105987131920577,8.105987131920577,12.31981372833252,0.0,0.028385629877448082,0.00031772538204677403,0.6873204708099365,9.72018051147461,1.0,0.0,absent quantum block; recorded zero is structural
core,pinn_hard_uniform_fixed_seed2,reviewer11_experiments/results/elastostatic_core/pinn_hard_uniform_fixed_seed2.json,pinn,hard,uniform,fixed,2,5,5,0.005,1000,76,1,401,before update 401; after 400 updates,after update 401,11.081521034240723,11.081521034240723,current pre-update objective,False,0.0,0.0,,not recorded,0.0,3.4544168260247523,3.4544168260247523,11.081521034240723,0.0,0.01474735140800476,0.0009451007354073226,0.6971089839935303,9.85861873626709,1.0,0.0,absent quantum block; recorded zero is structural
core,pinn_hard_uniform_fixed_seed2,reviewer11_experiments/results/elastostatic_core/pinn_hard_uniform_fixed_seed2.json,pinn,hard,uniform,fixed,2,5,5,0.005,1000,76,1,501,before update 501; after 500 updates,after update 501,10.535319328308105,10.535319328308105,current pre-update objective,False,0.0,0.0,,not recorded,0.0,2.2891890027004886,2.2891890027004886,10.535319328308105,0.0,0.012351670302450657,0.000828766671475023,0.6988030076026917,9.882573127746582,1.0,0.0,absent quantum block; recorded zero is structural
core,pinn_hard_uniform_fixed_seed2,reviewer11_experiments/results/elastostatic_core/pinn_hard_uniform_fixed_seed2.json,pinn,hard,uniform,fixed,2,5,5,0.005,1000,76,1,601,before update 601; after 600 updates,after update 601,10.171545028686523,10.171545028686523,current pre-update objective,False,0.0,0.0,,not recorded,0.0,2.0802751108854602,2.0802751108854602,10.171545028686523,0.0,0.012356356717646122,0.0006593115977011621,0.6987494826316833,9.881814956665039,1.0,0.0,absent quantum block; recorded zero is structural
core,pinn_hard_uniform_fixed_seed2,reviewer11_experiments/results/elastostatic_core/pinn_hard_uniform_fixed_seed2.json,pinn,hard,uniform,fixed,2,5,5,0.005,1000,76,1,701,before update 701; after 700 updates,after update 701,9.810376167297363,9.810376167297363,current pre-update objective,False,0.0,0.0,,not recorded,0.0,2.0018788919119612,2.0018788919119612,9.810376167297363,0.0,0.012070925906300545,0.0004746213962789625,0.6989184021949768,9.884202003479004,1.0,0.0,absent quantum block; recorded zero is structural
core,pinn_hard_uniform_fixed_seed2,reviewer11_experiments/results/elastostatic_core/pinn_hard_uniform_fixed_seed2.json,pinn,hard,uniform,fixed,2,5,5,0.005,1000,76,1,801,before update 801; after 800 updates,after update 801,9.447362899780273,9.447362899780273,current pre-update objective,False,0.0,0.0,,not recorded,0.0,1.9484303052167011,1.9484303052167011,9.447362899780273,0.0,0.01170588843524456,0.000288408191408962,0.699150800704956,9.887486457824707,1.0,0.0,absent quantum block; recorded zero is structural
core,pinn_hard_uniform_fixed_seed2,reviewer11_experiments/results/elastostatic_core/pinn_hard_uniform_fixed_seed2.json,pinn,hard,uniform,fixed,2,5,5,0.005,1000,76,1,901,before update 901; after 900 updates,after update 901,9.08143138885498,9.08143138885498,current pre-update objective,False,0.0,0.0,,not recorded,0.0,1.8877745271724757,1.8877745271724757,9.08143138885498,0.0,0.011309925466775894,0.00010505600221222267,0.6994107365608215,9.891161918640137,1.0,0.0,absent quantum block; recorded zero is structural
core,pinn_hard_uniform_fixed_seed2,reviewer11_experiments/results/elastostatic_core/pinn_hard_uniform_fixed_seed2.json,pinn,hard,uniform,fixed,2,5,5,0.005,1000,76,1,1000,before update 1000; after 999 updates,after update 1000,8.743410110473633,8.743410110473633,current pre-update objective,False,0.0,0.0,,not recorded,0.0,1.7436001253178524,1.7436001253178524,8.743410110473633,0.0,0.010927459225058556,-6.423304876079783e-05,0.6996665000915527,9.89477825164795,1.0,0.0,absent quantum block; recorded zero is structural
core,pinn_soft_adaptive_fixed_seed0,reviewer11_experiments/results/elastostatic_core/pinn_soft_adaptive_fixed_seed0.json,pinn,soft,adaptive,fixed,0,5,5,0.005,1000,76,1,1,before update 1; after 0 updates,after update 1,1108.333251953125,1108.333299279213,current pre-update objective,False,4.270023104280809e-08,0.0,,not recorded,0.0,39.67537698708974,39.67537698708974,1107.5286865234375,0.8046127557754517,1.391339898109436,0.6336917281150818,0.05113831162452698,9.013192176818848,1.0,1.0,absent quantum block; recorded zero is structural
core,pinn_soft_adaptive_fixed_seed0,reviewer11_experiments/results/elastostatic_core/pinn_soft_adaptive_fixed_seed0.json,pinn,soft,adaptive,fixed,0,5,5,0.005,1000,76,1,101,before update 101; after 100 updates,after update 101,48.79230499267578,48.79230308532715,current pre-update objective,False,3.9091177043159005e-08,0.0,,not recorded,0.0,134.33715240041602,134.33715240041602,31.42180061340332,17.370502471923828,2.399991750717163,0.04809357598423958,2.2404234409332275,31.69170570373535,1.0,1.0,absent quantum block; recorded zero is structural
core,pinn_soft_adaptive_fixed_seed0,reviewer11_experiments/results/elastostatic_core/pinn_soft_adaptive_fixed_seed0.json,pinn,soft,adaptive,fixed,0,5,5,0.005,1000,76,1,201,before update 201; after 200 updates,after update 201,31.928035736083984,31.9280366897583,current pre-update objective,False,2.986949450331108e-08,0.0,,not recorded,0.0,11.822739872333997,11.822739872333997,8.604557991027832,23.32347869873047,2.8029863834381104,0.009937997907400131,2.5180985927581787,35.611568450927734,1.0,1.0,absent quantum block; recorded zero is structural
core,pinn_soft_adaptive_fixed_seed0,reviewer11_experiments/results/elastostatic_core/pinn_soft_adaptive_fixed_seed0.json,pinn,soft,adaptive,fixed,0,5,5,0.005,1000,76,1,301,before update 301; after 300 updates,after update 301,28.956541061401367,28.956541061401367,current pre-update objective,False,0.0,0.0,,not recorded,0.0,9.758348855852296,9.758348855852296,5.359556198120117,23.59698486328125,2.8321385383605957,0.0043853879906237125,2.5395944118499756,35.91534423828125,1.0,1.0,absent quantum block; recorded zero is structural
core,pinn_soft_adaptive_fixed_seed0,reviewer11_experiments/results/elastostatic_core/pinn_soft_adaptive_fixed_seed0.json,pinn,soft,adaptive,fixed,0,5,5,0.005,1000,76,1,401,before update 401; after 400 updates,after update 401,27.16545867919922,27.165459632873535,current pre-update objective,False,3.5106135853935164e-08,0.0,,not recorded,0.0,5.925146193259243,5.925146193259243,4.966355323791504,22.19910430908203,2.743058681488037,-0.003555141156539321,2.478524684906006,35.051666259765625,1.0,1.0,absent quantum block; recorded zero is structural
core,pinn_soft_adaptive_fixed_seed0,reviewer11_experiments/results/elastostatic_core/pinn_soft_adaptive_fixed_seed0.json,pinn,soft,adaptive,fixed,0,5,5,0.005,1000,76,1,501,before update 501; after 500 updates,after update 501,49.42060089111328,49.42060089111328,current pre-update objective,False,0.0,0.0,,not recorded,0.0,784.3521285373494,784.3521285373494,28.19175148010254,21.228849411010742,2.667600393295288,0.06842523068189621,2.4232001304626465,34.28295135498047,1.0,1.0,absent quantum block; recorded zero is structural
core,pinn_soft_adaptive_fixed_seed0,reviewer11_experiments/results/elastostatic_core/pinn_soft_adaptive_fixed_seed0.json,pinn,soft,adaptive,fixed,0,5,5,0.005,1000,76,1,601,before update 601; after 600 updates,after update 601,29.523317337036133,29.52331781387329,current pre-update objective,False,1.6151204996989012e-08,0.0,,not recorded,0.0,6.334737231989722,6.334737231989722,4.80216646194458,24.72115135192871,2.936573028564453,0.08260291069746017,2.612610340118408,36.9664421081543,1.0,1.0,absent quantum block; recorded zero is structural
core,pinn_soft_adaptive_fixed_seed0,reviewer11_experiments/results/elastostatic_core/pinn_soft_adaptive_fixed_seed0.json,pinn,soft,adaptive,fixed,0,5,5,0.005,1000,76,1,701,before update 701; after 700 updates,after update 701,28.503772735595703,28.503772735595703,current pre-update objective,False,0.0,0.0,,not recorded,0.0,6.078540403350859,6.078540403350859,4.135379791259766,24.368392944335938,2.9146358966827393,0.06898485869169235,2.5981295108795166,36.75611114501953,1.0,1.0,absent quantum block; recorded zero is structural
core,pinn_soft_adaptive_fixed_seed0,reviewer11_experiments/results/elastostatic_core/pinn_soft_adaptive_fixed_seed0.json,pinn,soft,adaptive,fixed,0,5,5,0.005,1000,76,1,801,before update 801; after 800 updates,after update 801,27.534273147583008,27.534273386001587,current pre-update objective,False,8.658974789680646e-09,0.0,,not recorded,0.0,5.839159340151917,5.839159340151917,3.732584238052368,23.80168914794922,2.8798651695251465,0.058316707611083984,2.574730157852173,36.42156982421875,1.0,1.0,absent quantum block; recorded zero is structural
core,pinn_soft_adaptive_fixed_seed0,reviewer11_experiments/results/elastostatic_core/pinn_soft_adaptive_fixed_seed0.json,pinn,soft,adaptive,fixed,0,5,5,0.005,1000,76,1,901,before update 901; after 900 updates,after update 901,26.76852798461914,26.768527269363403,current pre-update objective,False,2.6720025012793548e-08,0.0,,not recorded,0.0,5.668064426289828,5.668064426289828,3.5652687549591064,23.203258514404297,2.8422489166259766,0.05397272855043411,2.549121141433716,36.058135986328125,1.0,1.0,absent quantum block; recorded zero is structural
core,pinn_soft_adaptive_fixed_seed0,reviewer11_experiments/results/elastostatic_core/pinn_soft_adaptive_fixed_seed0.json,pinn,soft,adaptive,fixed,0,5,5,0.005,1000,76,1,1000,before update 1000; after 999 updates,after update 1000,25.996967315673828,25.996968269348145,current pre-update objective,False,3.668405894585349e-08,0.0,,not recorded,0.0,5.412786064159715,5.412786064159715,3.347029685974121,22.649938583374023,2.80615496635437,0.05157443881034851,2.5244195461273193,35.70817184448242,1.0,1.0,absent quantum block; recorded zero is structural
core,pinn_soft_adaptive_fixed_seed1,reviewer11_experiments/results/elastostatic_core/pinn_soft_adaptive_fixed_seed1.json,pinn,soft,adaptive,fixed,1,5,5,0.005,1000,76,1,1,before update 1; after 0 updates,after update 1,1164.6209716796875,1164.6210098435986,current pre-update objective,False,3.2769382282310877e-08,0.0,,not recorded,0.0,3.532320483093323,3.532320483093323,1164.6204833984375,0.0005264451610855758,0.9942117929458618,0.008694765157997608,0.005366873927414417,0.1447620689868927,1.0,1.0,absent quantum block; recorded zero is structural
core,pinn_soft_adaptive_fixed_seed1,reviewer11_experiments/results/elastostatic_core/pinn_soft_adaptive_fixed_seed1.json,pinn,soft,adaptive,fixed,1,5,5,0.005,1000,76,1,101,before update 101; after 100 updates,after update 101,78.98828125,78.98828125,current pre-update objective,False,0.0,0.0,,not recorded,0.0,223.74342178543654,223.74342178543654,58.0095100402832,20.978771209716797,2.641752004623413,0.01506770309060812,2.4056999683380127,34.02240753173828,1.0,1.0,absent quantum block; recorded zero is structural
core,pinn_soft_adaptive_fixed_seed1,reviewer11_experiments/results/elastostatic_core/pinn_soft_adaptive_fixed_seed1.json,pinn,soft,adaptive,fixed,1,5,5,0.005,1000,76,1,201,before update 201; after 200 updates,after update 201,31.97279930114746,31.97279930114746,current pre-update objective,False,0.0,0.0,,not recorded,0.0,9.944164433267241,9.944164433267241,4.757913589477539,27.214885711669922,3.0546157360076904,0.015801163390278816,2.692133665084839,38.07318115234375,1.0,1.0,absent quantum block; recorded zero is structural
core,pinn_soft_adaptive_fixed_seed1,reviewer11_experiments/results/elastostatic_core/pinn_soft_adaptive_fixed_seed1.json,pinn,soft,adaptive,fixed,1,5,5,0.005,1000,76,1,301,before update 301; after 300 updates,after update 301,30.707813262939453,30.70781421661377,current pre-update objective,False,3.105640504657886e-08,0.0,,not recorded,0.0,7.850646955871617,7.850646955871617,4.97287654876709,25.73493766784668,2.964771270751953,0.012494404800236225,2.6303231716156006,37.19881057739258,1.0,1.0,absent quantum block; recorded zero is structural
core,pinn_soft_adaptive_fixed_seed1,reviewer11_experiments/results/elastostatic_core/pinn_soft_adaptive_fixed_seed1.json,pinn,soft,adaptive,fixed,1,5,5,0.005,1000,76,1,401,before update 401; after 400 updates,after update 401,28.98018455505371,28.980184078216553,current pre-update objective,False,1.645390343519989e-08,0.0,,not recorded,0.0,8.941099737534618,8.941099737534618,4.241017818450928,24.739166259765625,2.906964063644409,0.012709076516330242,2.591026782989502,36.643096923828125,1.0,1.0,absent quantum block; recorded zero is structural
core,pinn_soft_adaptive_fixed_seed1,reviewer11_experiments/results/elastostatic_core/pinn_soft_adaptive_fixed_seed1.json,pinn,soft,adaptive,fixed,1,5,5,0.005,1000,76,1,501,before update 501; after 500 updates,after update 501,44.94995880126953,44.94995880126953,current pre-update objective,False,0.0,0.0,,not recorded,0.0,333.81857796124837,333.81857796124837,21.45903778076172,23.490921020507812,2.839519739151001,-0.032943326979875565,2.545635461807251,36.00374984741211,1.0,1.0,absent quantum block; recorded zero is structural
core,pinn_soft_adaptive_fixed_seed1,reviewer11_experiments/results/elastostatic_core/pinn_soft_adaptive_fixed_seed1.json,pinn,soft,adaptive,fixed,1,5,5,0.005,1000,76,1,601,before update 601; after 600 updates,after update 601,34.104469299316406,34.10447120666504,current pre-update objective,False,5.592664437617044e-08,0.0,,not recorded,0.0,11.863212077167033,11.863212077167033,11.999921798706055,22.104549407958984,2.753628969192505,-0.023528657853603363,2.4868416786193848,35.170833587646484,1.0,1.0,absent quantum block; recorded zero is structural
core,pinn_soft_adaptive_fixed_seed1,reviewer11_experiments/results/elastostatic_core/pinn_soft_adaptive_fixed_seed1.json,pinn,soft,adaptive,fixed,1,5,5,0.005,1000,76,1,701,before update 701; after 700 updates,after update 701,29.661897659301758,29.661897659301758,current pre-update objective,False,0.0,0.0,,not recorded,0.0,7.731963693367509,7.731963693367509,9.042699813842773,20.619197845458984,2.6550326347351074,-0.007994343526661396,2.419464588165283,34.216583251953125,1.0,1.0,absent quantum block; recorded zero is structural
core,pinn_soft_adaptive_fixed_seed1,reviewer11_experiments/results/elastostatic_core/pinn_soft_adaptive_fixed_seed1.json,pinn,soft,adaptive,fixed,1,5,5,0.005,1000,76,1,801,before update 801; after 800 updates,after update 801,27.919845581054688,27.91984462738037,current pre-update objective,False,3.415757847362079e-08,0.0,,not recorded,0.0,5.859024880714078,5.859024880714078,8.224562644958496,19.695281982421875,2.5915591716766357,0.003924346063286066,2.3759665489196777,33.60128402709961,1.0,1.0,absent quantum block; recorded zero is structural
core,pinn_soft_adaptive_fixed_seed1,reviewer11_experiments/results/elastostatic_core/pinn_soft_adaptive_fixed_seed1.json,pinn,soft,adaptive,fixed,1,5,5,0.005,1000,76,1,901,before update 901; after 900 updates,after update 901,26.622554779052734,26.622554302215576,current pre-update objective,False,1.7911021769342434e-08,0.0,,not recorded,0.0,4.890830260265967,4.890830260265967,7.342261791229248,19.280292510986328,2.5653488636016846,0.014724441803991795,2.3584606647491455,33.35432434082031,1.0,1.0,absent quantum block; recorded zero is structural
core,pinn_soft_adaptive_fixed_seed1,reviewer11_experiments/results/elastostatic_core/pinn_soft_adaptive_fixed_seed1.json,pinn,soft,adaptive,fixed,1,5,5,0.005,1000,76,1,1000,before update 1000; after 999 updates,after update 1000,25.64036750793457,25.64036798477173,current pre-update objective,False,1.859712616005851e-08,0.0,,not recorded,0.0,4.16038453415075,4.16038453415075,6.629957675933838,19.01041030883789,2.549609422683716,0.02197365276515484,2.348177433013916,33.20970153808594,1.0,1.0,absent quantum block; recorded zero is structural
core,pinn_soft_adaptive_fixed_seed2,reviewer11_experiments/results/elastostatic_core/pinn_soft_adaptive_fixed_seed2.json,pinn,soft,adaptive,fixed,2,5,5,0.005,1000,76,1,1,before update 1; after 0 updates,after update 1,1180.7508544921875,1180.7508948147297,current pre-update objective,False,3.4149914573538155e-08,0.0,,not recorded,0.0,1.6720898560554167,1.6720898560554167,1180.646484375,0.10441043972969055,1.050572156906128,0.20653396844863892,0.007581504061818123,2.930086851119995,1.0,1.0,absent quantum block; recorded zero is structural
core,pinn_soft_adaptive_fixed_seed2,reviewer11_experiments/results/elastostatic_core/pinn_soft_adaptive_fixed_seed2.json,pinn,soft,adaptive,fixed,2,5,5,0.005,1000,76,1,101,before update 101; after 100 updates,after update 101,88.65577697753906,88.65578079223633,current pre-update objective,False,4.302818419212497e-08,0.0,,not recorded,0.0,198.75028023172433,198.75028023172433,68.50011444091797,20.15566635131836,2.550797939300537,-0.0003303983248770237,2.3417820930480957,33.1177978515625,1.0,1.0,absent quantum block; recorded zero is structural
core,pinn_soft_adaptive_fixed_seed2,reviewer11_experiments/results/elastostatic_core/pinn_soft_adaptive_fixed_seed2.json,pinn,soft,adaptive,fixed,2,5,5,0.005,1000,76,1,201,before update 201; after 200 updates,after update 201,33.43882369995117,33.438823223114014,current pre-update objective,False,1.4259986011524122e-08,0.0,,not recorded,0.0,13.72458907018652,13.72458907018652,4.3765482902526855,29.062274932861328,3.1696617603302,0.024701999500393867,2.772425889968872,39.20958709716797,1.0,1.0,absent quantum block; recorded zero is structural
core,pinn_soft_adaptive_fixed_seed2,reviewer11_experiments/results/elastostatic_core/pinn_soft_adaptive_fixed_seed2.json,pinn,soft,adaptive,fixed,2,5,5,0.005,1000,76,1,301,before update 301; after 300 updates,after update 301,31.04275894165039,31.04275941848755,current pre-update objective,False,1.5360656305545573e-08,0.0,,not recorded,0.0,10.459287893734992,10.459287893734992,4.606197834014893,26.436561584472656,3.012650489807129,0.016136828809976578,2.6641502380371094,37.67747116088867,1.0,1.0,absent quantum block; recorded zero is structural
core,pinn_soft_adaptive_fixed_seed2,reviewer11_experiments/results/elastostatic_core/pinn_soft_adaptive_fixed_seed2.json,pinn,soft,adaptive,fixed,2,5,5,0.005,1000,76,1,401,before update 401; after 400 updates,after update 401,28.228404998779297,28.228404998779297,current pre-update objective,False,0.0,0.0,,not recorded,0.0,10.443096544656933,10.443096544656933,3.5790252685546875,24.64937973022461,2.9035372734069824,0.015365533530712128,2.5890114307403564,36.61479949951172,1.0,1.0,absent quantum block; recorded zero is structural
core,pinn_soft_adaptive_fixed_seed2,reviewer11_experiments/results/elastostatic_core/pinn_soft_adaptive_fixed_seed2.json,pinn,soft,adaptive,fixed,2,5,5,0.005,1000,76,1,501,before update 501; after 500 updates,after update 501,46.44245910644531,46.44245719909668,current pre-update objective,False,4.106907062007397e-08,0.0,,not recorded,0.0,702.2462862322741,702.2462862322741,23.87748908996582,22.56496810913086,2.771390914916992,-0.09049398452043533,2.495239019393921,35.31132507324219,1.0,1.0,absent quantum block; recorded zero is structural
core,pinn_soft_adaptive_fixed_seed2,reviewer11_experiments/results/elastostatic_core/pinn_soft_adaptive_fixed_seed2.json,pinn,soft,adaptive,fixed,2,5,5,0.005,1000,76,1,601,before update 601; after 600 updates,after update 601,32.859092712402344,32.85909175872803,current pre-update objective,False,2.902314816642198e-08,0.0,,not recorded,0.0,8.614842503039991,8.614842503039991,9.562304496765137,23.29678726196289,2.837895154953003,-0.0781482458114624,2.544135570526123,35.99656677246094,1.0,1.0,absent quantum block; recorded zero is structural
core,pinn_soft_adaptive_fixed_seed2,reviewer11_experiments/results/elastostatic_core/pinn_soft_adaptive_fixed_seed2.json,pinn,soft,adaptive,fixed,2,5,5,0.005,1000,76,1,701,before update 701; after 700 updates,after update 701,30.183366775512695,30.183366298675537,current pre-update objective,False,1.579801092931673e-08,0.0,,not recorded,0.0,9.394590429851709,9.394590429851709,7.663045406341553,22.520320892333984,2.7861573696136475,-0.06439364701509476,2.5089855194091797,35.4941520690918,1.0,1.0,absent quantum block; recorded zero is structural
core,pinn_soft_adaptive_fixed_seed2,reviewer11_experiments/results/elastostatic_core/pinn_soft_adaptive_fixed_seed2.json,pinn,soft,adaptive,fixed,2,5,5,0.005,1000,76,1,801,before update 801; after 800 updates,after update 801,28.447174072265625,28.44717311859131,current pre-update objective,False,3.352439556855766e-08,0.0,,not recorded,0.0,6.969116863271227,6.969116863271227,7.250126838684082,21.197046279907227,2.6933627128601074,-0.06042996421456337,2.44451642036438,34.581295013427734,1.0,1.0,absent quantum block; recorded zero is structural
core,pinn_soft_adaptive_fixed_seed2,reviewer11_experiments/results/elastostatic_core/pinn_soft_adaptive_fixed_seed2.json,pinn,soft,adaptive,fixed,2,5,5,0.005,1000,76,1,901,before update 901; after 900 updates,after update 901,27.296876907348633,27.296876430511475,current pre-update objective,False,1.746856095741689e-08,0.0,,not recorded,0.0,6.481711492495091,6.481711492495091,6.770833492279053,20.526042938232422,2.646540641784668,-0.05389334261417389,2.4123923778533936,34.12493896484375,1.0,1.0,absent quantum block; recorded zero is structural
core,pinn_soft_adaptive_fixed_seed2,reviewer11_experiments/results/elastostatic_core/pinn_soft_adaptive_fixed_seed2.json,pinn,soft,adaptive,fixed,2,5,5,0.005,1000,76,1,1000,before update 1000; after 999 updates,after update 1000,26.165428161621094,26.165428161621094,current pre-update objective,False,0.0,0.0,,not recorded,0.0,5.853593114316324,5.853593114316324,6.12531852722168,20.040109634399414,2.6136670112609863,-0.04670427367091179,2.390195608139038,33.808956146240234,1.0,1.0,absent quantum block; recorded zero is structural
core,pinn_soft_uniform_fixed_seed0,reviewer11_experiments/results/elastostatic_core/pinn_soft_uniform_fixed_seed0.json,pinn,soft,uniform,fixed,0,5,5,0.005,1000,76,1,1,before update 1; after 0 updates,after update 1,790.4374389648438,790.4374252557755,current pre-update objective,False,1.7343647482453803e-08,0.0,,not recorded,0.0,27.616885701526353,27.616885701526353,789.6328125,0.8046127557754517,1.395815134048462,0.6384099721908569,0.05132073163986206,9.080077171325684,1.0,1.0,absent quantum block; recorded zero is structural
core,pinn_soft_uniform_fixed_seed0,reviewer11_experiments/results/elastostatic_core/pinn_soft_uniform_fixed_seed0.json,pinn,soft,uniform,fixed,0,5,5,0.005,1000,76,1,101,before update 101; after 100 updates,after update 101,111.52288818359375,111.52289199829102,current pre-update objective,False,3.42055088177184e-08,0.0,,not recorded,0.0,170.26125301281036,170.26125301281036,99.06352996826172,12.459362030029297,1.9180324077606201,0.14878550171852112,1.8867380619049072,26.76575469970703,1.0,1.0,absent quantum block; recorded zero is structural
core,pinn_soft_uniform_fixed_seed0,reviewer11_experiments/results/elastostatic_core/pinn_soft_uniform_fixed_seed0.json,pinn,soft,uniform,fixed,0,5,5,0.005,1000,76,1,201,before update 201; after 200 updates,after update 201,31.00676727294922,31.00676679611206,current pre-update objective,False,1.5378486702776172e-08,0.0,,not recorded,0.0,16.02736858139444,16.02736858139444,6.3649516105651855,24.641815185546875,2.9194087982177734,0.093534916639328,2.5993640422821045,36.78446960449219,1.0,1.0,absent quantum block; recorded zero is structural
core,pinn_soft_uniform_fixed_seed0,reviewer11_experiments/results/elastostatic_core/pinn_soft_uniform_fixed_seed0.json,pinn,soft,uniform,fixed,0,5,5,0.005,1000,76,1,301,before update 301; after 300 updates,after update 301,26.010662078857422,26.01066255569458,current pre-update objective,False,1.83323726253459e-08,0.0,,not recorded,0.0,7.671137354078603,7.671137354078603,5.491409778594971,20.51925277709961,2.676589012145996,0.14365719258785248,2.4319276809692383,34.452903747558594,1.0,1.0,absent quantum block; recorded zero is structural
core,pinn_soft_uniform_fixed_seed0,reviewer11_experiments/results/elastostatic_core/pinn_soft_uniform_fixed_seed0.json,pinn,soft,uniform,fixed,0,5,5,0.005,1000,76,1,401,before update 401; after 400 updates,after update 401,24.431459426879883,24.43145990371704,current pre-update objective,False,1.9517341987843233e-08,0.0,,not recorded,0.0,5.93851085747587,5.93851085747587,5.628265857696533,18.803194046020508,2.5622692108154297,0.13101710379123688,2.3548011779785156,33.35367965698242,1.0,1.0,absent quantum block; recorded zero is structural
core,pinn_soft_uniform_fixed_seed0,reviewer11_experiments/results/elastostatic_core/pinn_soft_uniform_fixed_seed0.json,pinn,soft,uniform,fixed,0,5,5,0.005,1000,76,1,501,before update 501; after 500 updates,after update 501,23.285884857177734,23.285885334014893,current pre-update objective,False,2.047751895035678e-08,0.0,,not recorded,0.0,5.172815197075442,5.172815197075442,5.23588228225708,18.050003051757812,2.5105013847351074,0.1235620379447937,2.320103645324707,32.85795211791992,1.0,1.0,absent quantum block; recorded zero is structural
core,pinn_soft_uniform_fixed_seed0,reviewer11_experiments/results/elastostatic_core/pinn_soft_uniform_fixed_seed0.json,pinn,soft,uniform,fixed,0,5,5,0.005,1000,76,1,601,before update 601; after 600 updates,after update 601,22.394508361816406,22.394508361816406,current pre-update objective,False,0.0,0.0,,not recorded,0.0,4.5197508599082985,4.5197508599082985,4.774127960205078,17.620380401611328,2.4808311462402344,0.12241094559431076,2.300046443939209,32.57383346557617,1.0,1.0,absent quantum block; recorded zero is structural
core,pinn_soft_uniform_fixed_seed0,reviewer11_experiments/results/elastostatic_core/pinn_soft_uniform_fixed_seed0.json,pinn,soft,uniform,fixed,0,5,5,0.005,1000,76,1,701,before update 701; after 700 updates,after update 701,21.582157135009766,21.582157135009766,current pre-update objective,False,0.0,0.0,,not recorded,0.0,4.1224807967805095,4.1224807967805095,4.366764068603516,17.21539306640625,2.4525275230407715,0.12269341200590134,2.2808258533477783,32.302616119384766,1.0,1.0,absent quantum block; recorded zero is structural
core,pinn_soft_uniform_fixed_seed0,reviewer11_experiments/results/elastostatic_core/pinn_soft_uniform_fixed_seed0.json,pinn,soft,uniform,fixed,0,5,5,0.005,1000,76,1,801,before update 801; after 800 updates,after update 801,20.803932189941406,20.803933143615723,current pre-update objective,False,4.584105850671377e-08,0.0,,not recorded,0.0,3.7059018239241213,3.7059018239241213,4.014111518859863,16.78982162475586,2.4222846031188965,0.12151709944009781,2.2603836059570312,32.01304244995117,1.0,1.0,absent quantum block; recorded zero is structural
core,pinn_soft_uniform_fixed_seed0,reviewer11_experiments/results/elastostatic_core/pinn_soft_uniform_fixed_seed0.json,pinn,soft,uniform,fixed,0,5,5,0.005,1000,76,1,901,before update 901; after 900 updates,after update 901,20.12353515625,20.123534202575684,current pre-update objective,False,4.739099313323466e-08,0.0,,not recorded,0.0,15.079672717240769,15.079672717240769,3.729159355163574,16.39437484741211,2.3940229415893555,0.11913084983825684,2.241380453109741,31.742870330810547,1.0,1.0,absent quantum block; recorded zero is structural
core,pinn_soft_uniform_fixed_seed0,reviewer11_experiments/results/elastostatic_core/pinn_soft_uniform_fixed_seed0.json,pinn,soft,uniform,fixed,0,5,5,0.005,1000,76,1,1000,before update 1000; after 999 updates,after update 1000,19.585140228271484,19.585139989852905,current pre-update objective,False,1.2173442534631496e-08,0.0,,not recorded,0.0,2.664026562119986,2.664026562119986,3.5113179683685303,16.073822021484375,2.3706891536712646,0.11951831728219986,2.2255280017852783,31.519298553466797,1.0,1.0,absent quantum block; recorded zero is structural
core,pinn_soft_uniform_fixed_seed1,reviewer11_experiments/results/elastostatic_core/pinn_soft_uniform_fixed_seed1.json,pinn,soft,uniform,fixed,1,5,5,0.005,1000,76,1,1,before update 1; after 0 updates,after update 1,787.0155029296875,787.0154800584423,current pre-update objective,False,2.9060730162602038e-08,0.0,,not recorded,0.0,2.6128960554081977,2.6128960554081977,787.0149536132812,0.0005264451610855758,0.9942117929458618,0.008694763295352459,0.00536687346175313,0.1447620391845703,1.0,1.0,absent quantum block; recorded zero is structural
core,pinn_soft_uniform_fixed_seed1,reviewer11_experiments/results/elastostatic_core/pinn_soft_uniform_fixed_seed1.json,pinn,soft,uniform,fixed,1,5,5,0.005,1000,76,1,101,before update 101; after 100 updates,after update 101,75.36862182617188,75.36861801147461,current pre-update objective,False,5.061386520272473e-08,0.0,,not recorded,0.0,186.2660421813456,186.2660421813456,54.7587890625,20.60982894897461,2.589287281036377,0.04897955432534218,2.365804433822632,33.46472930908203,1.0,1.0,absent quantum block; recorded zero is structural
core,pinn_soft_uniform_fixed_seed1,reviewer11_experiments/results/elastostatic_core/pinn_soft_uniform_fixed_seed1.json,pinn,soft,uniform,fixed,1,5,5,0.005,1000,76,1,201,before update 201; after 200 updates,after update 201,34.557762145996094,34.557762145996094,current pre-update objective,False,0.0,0.0,,not recorded,0.0,15.260292414365496,15.260292414365496,6.35224723815918,28.205514907836914,3.129249095916748,0.021427884697914124,2.7453036308288574,38.82564926147461,1.0,1.0,absent quantum block; recorded zero is structural
core,pinn_soft_uniform_fixed_seed1,reviewer11_experiments/results/elastostatic_core/pinn_soft_uniform_fixed_seed1.json,pinn,soft,uniform,fixed,1,5,5,0.005,1000,76,1,301,before update 301; after 300 updates,after update 301,30.95838165283203,30.95838165283203,current pre-update objective,False,0.0,0.0,,not recorded,0.0,8.291000814887715,8.291000814887715,5.281522750854492,25.67685890197754,2.9840247631073,0.014448782429099083,2.6462841033935547,37.42466735839844,1.0,1.0,absent quantum block; recorded zero is structural
core,pinn_soft_uniform_fixed_seed1,reviewer11_experiments/results/elastostatic_core/pinn_soft_uniform_fixed_seed1.json,pinn,soft,uniform,fixed,1,5,5,0.005,1000,76,1,401,before update 401; after 400 updates,after update 401,29.754331588745117,29.75433111190796,current pre-update objective,False,1.6025806420181644e-08,0.0,,not recorded,0.0,4.845102454896257,4.845102454896257,5.3944220542907715,24.359909057617188,2.9044013023376465,0.00763500714674592,2.591770887374878,36.6533317565918,1.0,1.0,absent quantum block; recorded zero is structural
core,pinn_soft_uniform_fixed_seed1,reviewer11_experiments/results/elastostatic_core/pinn_soft_uniform_fixed_seed1.json,pinn,soft,uniform,fixed,1,5,5,0.005,1000,76,1,501,before update 501; after 500 updates,after update 501,28.4631404876709,28.463140964508057,current pre-update objective,False,1.6752794738912135e-08,0.0,,not recorded,0.0,5.962897138615563,5.962897138615563,4.596632480621338,23.86650848388672,2.875864028930664,0.003934674896299839,2.572455644607544,36.38005828857422,1.0,1.0,absent quantum block; recorded zero is structural
core,pinn_soft_uniform_fixed_seed1,reviewer11_experiments/results/elastostatic_core/pinn_soft_uniform_fixed_seed1.json,pinn,soft,uniform,fixed,1,5,5,0.005,1000,76,1,601,before update 601; after 600 updates,after update 601,26.876220703125,26.87622046470642,current pre-update objective,False,8.870986056229277e-09,0.0,,not recorded,0.0,4.644401644306284,4.644401644306284,3.7672250270843506,23.10899543762207,2.8310306072235107,0.003451503813266754,2.5421087741851807,35.95088195800781,1.0,1.0,absent quantum block; recorded zero is structural
core,pinn_soft_uniform_fixed_seed1,reviewer11_experiments/results/elastostatic_core/pinn_soft_uniform_fixed_seed1.json,pinn,soft,uniform,fixed,1,5,5,0.005,1000,76,1,701,before update 701; after 700 updates,after update 701,26.229000091552734,26.22900080680847,current pre-update objective,False,2.7269652495455445e-08,0.0,,not recorded,0.0,3.4915434434436405,3.4915434434436405,3.762505292892456,22.466495513916016,2.791109561920166,0.004061508923768997,2.514876365661621,35.56576919555664,1.0,1.0,absent quantum block; recorded zero is structural
core,pinn_soft_uniform_fixed_seed1,reviewer11_experiments/results/elastostatic_core/pinn_soft_uniform_fixed_seed1.json,pinn,soft,uniform,fixed,1,5,5,0.005,1000,76,1,801,before update 801; after 800 updates,after update 801,25.675525665283203,25.675525188446045,current pre-update objective,False,1.8571660982500296e-08,0.0,,not recorded,0.0,3.388425695387921,3.388425695387921,3.524819850921631,22.150705337524414,2.7716917991638184,0.004418216645717621,2.501692295074463,35.37932586669922,1.0,1.0,absent quantum block; recorded zero is structural
core,pinn_soft_uniform_fixed_seed1,reviewer11_experiments/results/elastostatic_core/pinn_soft_uniform_fixed_seed1.json,pinn,soft,uniform,fixed,1,5,5,0.005,1000,76,1,901,before update 901; after 900 updates,after update 901,25.10650634765625,25.10650610923767,current pre-update objective,False,9.496286572098847e-09,0.0,,not recorded,0.0,3.353002958370669,3.353002958370669,3.260061025619507,21.846445083618164,2.752897024154663,0.004977401811629534,2.488940477371216,35.199005126953125,1.0,1.0,absent quantum block; recorded zero is structural
core,pinn_soft_uniform_fixed_seed1,reviewer11_experiments/results/elastostatic_core/pinn_soft_uniform_fixed_seed1.json,pinn,soft,uniform,fixed,1,5,5,0.005,1000,76,1,1000,before update 1000; after 999 updates,after update 1000,24.504547119140625,24.504546642303467,current pre-update objective,False,1.9459129600916603e-08,0.0,,not recorded,0.0,3.3651522548286836,3.3651522548286836,2.962581157684326,21.54196548461914,2.7339999675750732,0.0057107675820589066,2.476125955581665,35.01780700683594,1.0,1.0,absent quantum block; recorded zero is structural
core,pinn_soft_uniform_fixed_seed2,reviewer11_experiments/results/elastostatic_core/pinn_soft_uniform_fixed_seed2.json,pinn,soft,uniform,fixed,2,5,5,0.005,1000,76,1,1,before update 1; after 0 updates,after update 1,787.1803588867188,787.1803381741047,current pre-update objective,False,2.631241217545285e-08,0.0,,not recorded,0.0,1.4114654701755525,1.4114654701755525,787.075927734375,0.10441043972969055,1.0484120845794678,0.19868548214435577,0.008463769219815731,2.819395065307617,1.0,1.0,absent quantum block; recorded zero is structural
core,pinn_soft_uniform_fixed_seed2,reviewer11_experiments/results/elastostatic_core/pinn_soft_uniform_fixed_seed2.json,pinn,soft,uniform,fixed,2,5,5,0.005,1000,76,1,101,before update 101; after 100 updates,after update 101,466.5634460449219,466.5634546279907,current pre-update objective,False,1.8396359085817954e-08,0.0,,not recorded,0.0,207.0894807144654,207.0894807144654,459.1341247558594,7.429329872131348,3.598123073577881,-2.1757240295410156,0.7753297686576843,32.73707580566406,1.0,1.0,absent quantum block; recorded zero is structural
core,pinn_soft_uniform_fixed_seed2,reviewer11_experiments/results/elastostatic_core/pinn_soft_uniform_fixed_seed2.json,pinn,soft,uniform,fixed,2,5,5,0.005,1000,76,1,201,before update 201; after 200 updates,after update 201,417.36578369140625,417.36579179763794,current pre-update objective,False,1.942236725855931e-08,0.0,,not recorded,0.0,13.291080843836353,13.291080843836353,412.39111328125,4.9746785163879395,2.748943567276001,-1.4399116039276123,0.8081437349319458,23.395761489868164,1.0,1.0,absent quantum block; recorded zero is structural
core,pinn_soft_uniform_fixed_seed2,reviewer11_experiments/results/elastostatic_core/pinn_soft_uniform_fixed_seed2.json,pinn,soft,uniform,fixed,2,5,5,0.005,1000,76,1,301,before update 301; after 300 updates,after update 301,408.5189208984375,408.5189251899719,current pre-update objective,False,1.0505105539070069e-08,0.0,,not recorded,0.0,12.673034850603297,12.673034850603297,403.6184387207031,4.900486469268799,2.5684385299682617,-1.2513829469680786,0.8248319029808044,21.232694625854492,1.0,1.0,absent quantum block; recorded zero is structural
core,pinn_soft_uniform_fixed_seed2,reviewer11_experiments/results/elastostatic_core/pinn_soft_uniform_fixed_seed2.json,pinn,soft,uniform,fixed,2,5,5,0.005,1000,76,1,401,before update 401; after 400 updates,after update 401,404.37353515625,404.3735365867615,current pre-update objective,False,3.5375991383710334e-09,0.0,,not recorded,0.0,5.181562065307523,5.181562065307523,399.5948486328125,4.778687953948975,2.3175621032714844,-0.9900119304656982,0.8178078532218933,18.186994552612305,1.0,1.0,absent quantum block; recorded zero is structural
core,pinn_soft_uniform_fixed_seed2,reviewer11_experiments/results/elastostatic_core/pinn_soft_uniform_fixed_seed2.json,pinn,soft,uniform,fixed,2,5,5,0.005,1000,76,1,501,before update 501; after 500 updates,after update 501,402.9134216308594,402.9134273529053,current pre-update objective,False,1.4201675868760893e-08,0.0,,not recorded,0.0,3.961525887952939,3.961525887952939,398.17962646484375,4.733800888061523,2.4037020206451416,-1.0915021896362305,0.8150635957717896,19.29591941833496,1.0,1.0,absent quantum block; recorded zero is structural
core,pinn_soft_uniform_fixed_seed2,reviewer11_experiments/results/elastostatic_core/pinn_soft_uniform_fixed_seed2.json,pinn,soft,uniform,fixed,2,5,5,0.005,1000,76,1,601,before update 601; after 600 updates,after update 601,401.8049011230469,401.8048982620239,current pre-update objective,False,7.120428200905901e-09,0.0,,not recorded,0.0,3.1752765148012156,3.1752765148012156,397.0660705566406,4.738827705383301,2.435861110687256,-1.1269516944885254,0.8151326179504395,19.70183563232422,1.0,1.0,absent quantum block; recorded zero is structural
core,pinn_soft_uniform_fixed_seed2,reviewer11_experiments/results/elastostatic_core/pinn_soft_uniform_fixed_seed2.json,pinn,soft,uniform,fixed,2,5,5,0.005,1000,76,1,701,before update 701; after 700 updates,after update 701,400.93280029296875,400.93280124664307,current pre-update objective,False,2.3786387979255787e-09,0.0,,not recorded,0.0,2.533082353809231,2.533082353809231,396.1919860839844,4.740815162658691,2.4432108402252197,-1.1352722644805908,0.8151875138282776,19.798072814941406,1.0,1.0,absent quantum block; recorded zero is structural
core,pinn_soft_uniform_fixed_seed2,reviewer11_experiments/results/elastostatic_core/pinn_soft_uniform_fixed_seed2.json,pinn,soft,uniform,fixed,2,5,5,0.005,1000,76,1,801,before update 801; after 800 updates,after update 801,333.7754821777344,333.77548003196716,current pre-update objective,False,6.428774210477953e-09,0.0,,not recorded,0.0,237.77252695630358,237.77252695630358,331.2398376464844,2.535642385482788,2.247650623321533,-1.2547870874404907,0.5825894474983215,19.60496711730957,1.0,1.0,absent quantum block; recorded zero is structural
core,pinn_soft_uniform_fixed_seed2,reviewer11_experiments/results/elastostatic_core/pinn_soft_uniform_fixed_seed2.json,pinn,soft,uniform,fixed,2,5,5,0.005,1000,76,1,901,before update 901; after 900 updates,after update 901,66.88099670410156,66.88100004196167,current pre-update objective,False,4.9907449130959095e-08,0.0,,not recorded,0.0,66.43107705028869,66.43107705028869,62.81477737426758,4.066222667694092,1.3131263256072998,-0.46203482151031494,1.3737539052963257,20.50240707397461,1.0,1.0,absent quantum block; recorded zero is structural
core,pinn_soft_uniform_fixed_seed2,reviewer11_experiments/results/elastostatic_core/pinn_soft_uniform_fixed_seed2.json,pinn,soft,uniform,fixed,2,5,5,0.005,1000,76,1,1000,before update 1000; after 999 updates,after update 1000,26.79373550415039,26.79373550415039,current pre-update objective,False,0.0,0.0,,not recorded,0.0,18.235588547557608,18.235588547557608,16.338111877441406,10.455623626708984,1.8939647674560547,-0.15809722244739532,1.8930360078811646,26.865236282348633,1.0,1.0,absent quantum block; recorded zero is structural
core,pinn_soft_uniform_gradnorm_seed0,reviewer11_experiments/results/elastostatic_core/pinn_soft_uniform_gradnorm_seed0.json,pinn,soft,uniform,gradnorm,0,5,5,0.005,1000,76,1,1,before update 1; after 0 updates,after update 1,790.4374389648438,790.4374252557755,current pre-update objective,False,1.7343647482453803e-08,0.0,,not recorded,0.0,27.616885701526353,27.616885701526353,789.6328125,0.8046127557754517,1.395815134048462,0.6384099721908569,0.05132073163986206,9.080077171325684,1.0,1.0,absent quantum block; recorded zero is structural
core,pinn_soft_uniform_gradnorm_seed0,reviewer11_experiments/results/elastostatic_core/pinn_soft_uniform_gradnorm_seed0.json,pinn,soft,uniform,gradnorm,0,5,5,0.005,1000,76,1,101,before update 101; after 100 updates,after update 101,111.52288818359375,111.52289199829102,current pre-update objective,False,3.42055088177184e-08,0.0,,not recorded,0.0,170.26125301281036,170.26125301281036,99.06352996826172,12.459362030029297,1.9180324077606201,0.14878550171852112,1.8867380619049072,26.76575469970703,1.0,1.0,absent quantum block; recorded zero is structural
core,pinn_soft_uniform_gradnorm_seed0,reviewer11_experiments/results/elastostatic_core/pinn_soft_uniform_gradnorm_seed0.json,pinn,soft,uniform,gradnorm,0,5,5,0.005,1000,76,1,201,before update 201; after 200 updates,after update 201,31.00676727294922,31.00676679611206,current pre-update objective,False,1.5378486702776172e-08,0.0,,not recorded,0.0,16.02736858139444,16.02736858139444,6.3649516105651855,24.641815185546875,2.9194087982177734,0.093534916639328,2.5993640422821045,36.78446960449219,1.0,1.0,absent quantum block; recorded zero is structural
core,pinn_soft_uniform_gradnorm_seed0,reviewer11_experiments/results/elastostatic_core/pinn_soft_uniform_gradnorm_seed0.json,pinn,soft,uniform,gradnorm,0,5,5,0.005,1000,76,1,301,before update 301; after 300 updates,after update 301,26.010662078857422,26.01066255569458,current pre-update objective,False,1.83323726253459e-08,0.0,,not recorded,0.0,7.671137354078603,7.671137354078603,5.491409778594971,20.51925277709961,2.676589012145996,0.14365719258785248,2.4319276809692383,34.452903747558594,1.0,1.0,absent quantum block; recorded zero is structural
core,pinn_soft_uniform_gradnorm_seed0,reviewer11_experiments/results/elastostatic_core/pinn_soft_uniform_gradnorm_seed0.json,pinn,soft,uniform,gradnorm,0,5,5,0.005,1000,76,1,401,before update 401; after 400 updates,after update 401,24.431459426879883,24.43145990371704,current pre-update objective,False,1.9517341987843233e-08,0.0,,not recorded,0.0,5.93851085747587,5.93851085747587,5.628265857696533,18.803194046020508,2.5622692108154297,0.13101710379123688,2.3548011779785156,33.35367965698242,1.0,1.0,absent quantum block; recorded zero is structural
core,pinn_soft_uniform_gradnorm_seed0,reviewer11_experiments/results/elastostatic_core/pinn_soft_uniform_gradnorm_seed0.json,pinn,soft,uniform,gradnorm,0,5,5,0.005,1000,76,1,501,before update 501; after 500 updates,after update 501,23.29595947265625,23.101935702216863,previous iteration (archived stale-variable branch),True,0.00832864474490192,0.0,,not recorded,0.0,5.117533929082233,5.117533929082233,5.23588228225708,18.050003051757812,2.5105671882629395,0.12351414561271667,2.320152759552002,32.85860824584961,1.014968057130745,0.9854670042893339,absent quantum block; recorded zero is structural
core,pinn_soft_uniform_gradnorm_seed0,reviewer11_experiments/results/elastostatic_core/pinn_soft_uniform_gradnorm_seed0.json,pinn,soft,uniform,gradnorm,0,5,5,0.005,1000,76,1,601,before update 601; after 600 updates,after update 601,22.20685577392578,22.206854709685597,current pre-update objective,False,4.792394721761832e-08,0.0,,not recorded,0.0,4.507024763950742,4.507024763950742,4.630434036254883,17.765295028686523,2.49114990234375,0.11879518628120422,2.3073809146881104,32.67472839355469,1.014968057130745,0.9854670042893339,absent quantum block; recorded zero is structural
core,pinn_soft_uniform_gradnorm_seed0,reviewer11_experiments/results/elastostatic_core/pinn_soft_uniform_gradnorm_seed0.json,pinn,soft,uniform,gradnorm,0,5,5,0.005,1000,76,1,701,before update 701; after 700 updates,after update 701,21.395702362060547,21.39570268521906,current pre-update objective,False,1.5103898106866148e-08,0.0,,not recorded,0.0,4.115495231584983,4.115495231584983,4.217887878417969,17.367076873779297,2.4634878635406494,0.11967680603265762,2.2885611057281494,32.409584045410156,1.014968057130745,0.9854670042893339,absent quantum block; recorded zero is structural
core,pinn_soft_uniform_gradnorm_seed0,reviewer11_experiments/results/elastostatic_core/pinn_soft_uniform_gradnorm_seed0.json,pinn,soft,uniform,gradnorm,0,5,5,0.005,1000,76,1,801,before update 801; after 800 updates,after update 801,20.618877410888672,20.618876909714622,current pre-update objective,False,2.4306563341393827e-08,0.0,,not recorded,0.0,3.7005635378128816,3.7005635378128816,3.8694775104522705,16.93763542175293,2.433101177215576,0.11857394129037857,2.2680137157440186,32.11858367919922,1.014968057130745,0.9854670042893339,absent quantum block; recorded zero is structural
core,pinn_soft_uniform_gradnorm_seed0,reviewer11_experiments/results/elastostatic_core/pinn_soft_uniform_gradnorm_seed0.json,pinn,soft,uniform,gradnorm,0,5,5,0.005,1000,76,1,901,before update 901; after 900 updates,after update 901,19.93716049194336,19.937160734594247,current pre-update objective,False,1.2170784549388115e-08,0.0,,not recorded,0.0,3.35190096172534,3.35190096172534,3.5838139057159424,16.540081024169922,2.4046988487243652,0.11788565665483475,2.2487897872924805,31.846574783325195,1.014968057130745,0.9854670042893339,absent quantum block; recorded zero is structural
core,pinn_soft_uniform_gradnorm_seed0,reviewer11_experiments/results/elastostatic_core/pinn_soft_uniform_gradnorm_seed0.json,pinn,soft,uniform,gradnorm,0,5,5,0.005,1000,76,1,1000,before update 1000; after 999 updates,after update 1000,19.40443229675293,19.404431823848736,current pre-update objective,False,2.4370936845480554e-08,0.0,,not recorded,0.0,2.6590597798836137,2.6590597798836137,3.3745548725128174,16.21501922607422,2.3812408447265625,0.1166379526257515,2.232969045639038,31.622217178344727,1.014968057130745,0.9854670042893339,absent quantum block; recorded zero is structural
core,pinn_soft_uniform_gradnorm_seed1,reviewer11_experiments/results/elastostatic_core/pinn_soft_uniform_gradnorm_seed1.json,pinn,soft,uniform,gradnorm,1,5,5,0.005,1000,76,1,1,before update 1; after 0 updates,after update 1,787.0155029296875,787.0154800584423,current pre-update objective,False,2.9060730162602038e-08,0.0,,not recorded,0.0,2.6128960554081977,2.6128960554081977,787.0149536132812,0.0005264451610855758,0.9942117929458618,0.008694763295352459,0.00536687346175313,0.1447620391845703,1.0,1.0,absent quantum block; recorded zero is structural
core,pinn_soft_uniform_gradnorm_seed1,reviewer11_experiments/results/elastostatic_core/pinn_soft_uniform_gradnorm_seed1.json,pinn,soft,uniform,gradnorm,1,5,5,0.005,1000,76,1,101,before update 101; after 100 updates,after update 101,75.36862182617188,75.36861801147461,current pre-update objective,False,5.061386520272473e-08,0.0,,not recorded,0.0,186.2660421813456,186.2660421813456,54.7587890625,20.60982894897461,2.589287281036377,0.04897955432534218,2.365804433822632,33.46472930908203,1.0,1.0,absent quantum block; recorded zero is structural
core,pinn_soft_uniform_gradnorm_seed1,reviewer11_experiments/results/elastostatic_core/pinn_soft_uniform_gradnorm_seed1.json,pinn,soft,uniform,gradnorm,1,5,5,0.005,1000,76,1,201,before update 201; after 200 updates,after update 201,34.557762145996094,34.557762145996094,current pre-update objective,False,0.0,0.0,,not recorded,0.0,15.260292414365496,15.260292414365496,6.35224723815918,28.205514907836914,3.129249095916748,0.021427884697914124,2.7453036308288574,38.82564926147461,1.0,1.0,absent quantum block; recorded zero is structural
core,pinn_soft_uniform_gradnorm_seed1,reviewer11_experiments/results/elastostatic_core/pinn_soft_uniform_gradnorm_seed1.json,pinn,soft,uniform,gradnorm,1,5,5,0.005,1000,76,1,301,before update 301; after 300 updates,after update 301,30.95838165283203,30.95838165283203,current pre-update objective,False,0.0,0.0,,not recorded,0.0,8.291000814887715,8.291000814887715,5.281522750854492,25.67685890197754,2.9840247631073,0.014448782429099083,2.6462841033935547,37.42466735839844,1.0,1.0,absent quantum block; recorded zero is structural
core,pinn_soft_uniform_gradnorm_seed1,reviewer11_experiments/results/elastostatic_core/pinn_soft_uniform_gradnorm_seed1.json,pinn,soft,uniform,gradnorm,1,5,5,0.005,1000,76,1,401,before update 401; after 400 updates,after update 401,29.754331588745117,29.75433111190796,current pre-update objective,False,1.6025806420181644e-08,0.0,,not recorded,0.0,4.845102454896257,4.845102454896257,5.3944220542907715,24.359909057617188,2.9044013023376465,0.00763500714674592,2.591770887374878,36.6533317565918,1.0,1.0,absent quantum block; recorded zero is structural
core,pinn_soft_uniform_gradnorm_seed1,reviewer11_experiments/results/elastostatic_core/pinn_soft_uniform_gradnorm_seed1.json,pinn,soft,uniform,gradnorm,1,5,5,0.005,1000,76,1,501,before update 501; after 500 updates,after update 501,28.479942321777344,28.24170143387048,previous iteration (archived stale-variable branch),True,0.008365216657222296,0.0,,not recorded,0.0,5.922019201847823,5.922019201847823,4.596632480621338,23.86650848388672,2.875908613204956,0.003921446856111288,2.57248854637146,36.380523681640625,1.0118301474587437,0.9884432877610401,absent quantum block; recorded zero is structural
core,pinn_soft_uniform_gradnorm_seed1,reviewer11_experiments/results/elastostatic_core/pinn_soft_uniform_gradnorm_seed1.json,pinn,soft,uniform,gradnorm,1,5,5,0.005,1000,76,1,601,before update 601; after 600 updates,after update 601,26.656723022460938,26.656722170978902,current pre-update objective,False,3.194248724364871e-08,0.0,,not recorded,0.0,4.617668462966748,4.617668462966748,3.710536479949951,23.170059204101562,2.835341215133667,0.003429692704230547,2.545107841491699,35.99329376220703,1.0118301474587437,0.9884432877610401,absent quantum block; recorded zero is structural
core,pinn_soft_uniform_gradnorm_seed1,reviewer11_experiments/results/elastostatic_core/pinn_soft_uniform_gradnorm_seed1.json,pinn,soft,uniform,gradnorm,1,5,5,0.005,1000,76,1,701,before update 701; after 700 updates,after update 701,26.015193939208984,26.015195010969506,current pre-update objective,False,4.1197481766212894e-08,0.0,,not recorded,0.0,3.486348699823651,3.486348699823651,3.7011969089508057,22.53059196472168,2.7956652641296387,0.004031613003462553,2.5180418491363525,35.61053466796875,1.0118301474587437,0.9884432877610401,absent quantum block; recorded zero is structural
core,pinn_soft_uniform_gradnorm_seed1,reviewer11_experiments/results/elastostatic_core/pinn_soft_uniform_gradnorm_seed1.json,pinn,soft,uniform,gradnorm,1,5,5,0.005,1000,76,1,801,before update 801; after 800 updates,after update 801,25.46309471130371,25.463093471763173,current pre-update objective,False,4.8679885607822905e-08,0.0,,not recorded,0.0,3.3850461869695017,3.3850461869695017,3.4649956226348877,22.213825225830078,2.7762084007263184,0.004391214810311794,2.5048301219940186,35.423702239990234,1.0118301474587437,0.9884432877610401,absent quantum block; recorded zero is structural
core,pinn_soft_uniform_gradnorm_seed1,reviewer11_experiments/results/elastostatic_core/pinn_soft_uniform_gradnorm_seed1.json,pinn,soft,uniform,gradnorm,1,5,5,0.005,1000,76,1,901,before update 901; after 900 updates,after update 901,24.89483070373535,24.89483124053645,current pre-update objective,False,2.156275310261659e-08,0.0,,not recorded,0.0,3.3518315891265447,3.3518315891265447,3.2022485733032227,21.907882690429688,2.7573275566101074,0.004952596500515938,2.492018938064575,35.24253845214844,1.0118301474587437,0.9884432877610401,absent quantum block; recorded zero is structural
core,pinn_soft_uniform_gradnorm_seed1,reviewer11_experiments/results/elastostatic_core/pinn_soft_uniform_gradnorm_seed1.json,pinn,soft,uniform,gradnorm,1,5,5,0.005,1000,76,1,1000,before update 1000; after 999 updates,after update 1000,24.292734146118164,24.292733821969527,current pre-update objective,False,1.334343984795394e-08,0.0,,not recorded,0.0,3.3657557544296135,3.3657557544296135,2.906557559967041,21.60143280029297,2.7383265495300293,0.0056877038441598415,2.479132652282715,35.06032180786133,1.0118301474587437,0.9884432877610401,absent quantum block; recorded zero is structural
core,pinn_soft_uniform_gradnorm_seed2,reviewer11_experiments/results/elastostatic_core/pinn_soft_uniform_gradnorm_seed2.json,pinn,soft,uniform,gradnorm,2,5,5,0.005,1000,76,1,1,before update 1; after 0 updates,after update 1,787.1803588867188,787.1803381741047,current pre-update objective,False,2.631241217545285e-08,0.0,,not recorded,0.0,1.4114654701755525,1.4114654701755525,787.075927734375,0.10441043972969055,1.0484120845794678,0.19868548214435577,0.008463769219815731,2.819395065307617,1.0,1.0,absent quantum block; recorded zero is structural
core,pinn_soft_uniform_gradnorm_seed2,reviewer11_experiments/results/elastostatic_core/pinn_soft_uniform_gradnorm_seed2.json,pinn,soft,uniform,gradnorm,2,5,5,0.005,1000,76,1,101,before update 101; after 100 updates,after update 101,466.5634460449219,466.5634546279907,current pre-update objective,False,1.8396359085817954e-08,0.0,,not recorded,0.0,207.0894807144654,207.0894807144654,459.1341247558594,7.429329872131348,3.598123073577881,-2.1757240295410156,0.7753297686576843,32.73707580566406,1.0,1.0,absent quantum block; recorded zero is structural
core,pinn_soft_uniform_gradnorm_seed2,reviewer11_experiments/results/elastostatic_core/pinn_soft_uniform_gradnorm_seed2.json,pinn,soft,uniform,gradnorm,2,5,5,0.005,1000,76,1,201,before update 201; after 200 updates,after update 201,417.36578369140625,417.36579179763794,current pre-update objective,False,1.942236725855931e-08,0.0,,not recorded,0.0,13.291080843836353,13.291080843836353,412.39111328125,4.9746785163879395,2.748943567276001,-1.4399116039276123,0.8081437349319458,23.395761489868164,1.0,1.0,absent quantum block; recorded zero is structural
core,pinn_soft_uniform_gradnorm_seed2,reviewer11_experiments/results/elastostatic_core/pinn_soft_uniform_gradnorm_seed2.json,pinn,soft,uniform,gradnorm,2,5,5,0.005,1000,76,1,301,before update 301; after 300 updates,after update 301,408.5189208984375,408.5189251899719,current pre-update objective,False,1.0505105539070069e-08,0.0,,not recorded,0.0,12.673034850603297,12.673034850603297,403.6184387207031,4.900486469268799,2.5684385299682617,-1.2513829469680786,0.8248319029808044,21.232694625854492,1.0,1.0,absent quantum block; recorded zero is structural
core,pinn_soft_uniform_gradnorm_seed2,reviewer11_experiments/results/elastostatic_core/pinn_soft_uniform_gradnorm_seed2.json,pinn,soft,uniform,gradnorm,2,5,5,0.005,1000,76,1,401,before update 401; after 400 updates,after update 401,404.37353515625,404.3735365867615,current pre-update objective,False,3.5375991383710334e-09,0.0,,not recorded,0.0,5.181562065307523,5.181562065307523,399.5948486328125,4.778687953948975,2.3175621032714844,-0.9900119304656982,0.8178078532218933,18.186994552612305,1.0,1.0,absent quantum block; recorded zero is structural
core,pinn_soft_uniform_gradnorm_seed2,reviewer11_experiments/results/elastostatic_core/pinn_soft_uniform_gradnorm_seed2.json,pinn,soft,uniform,gradnorm,2,5,5,0.005,1000,76,1,501,before update 501; after 500 updates,after update 501,402.9259948730469,396.62650977004733,previous iteration (archived stale-variable branch),True,0.01563434770443235,0.0,,not recorded,0.0,3.7810283991726252,3.7810283991726252,398.17962646484375,4.733800888061523,2.4035162925720215,-1.0916980504989624,0.81471186876297,19.295175552368164,0.9840145291109713,1.0165134204941484,absent quantum block; recorded zero is structural
core,pinn_soft_uniform_gradnorm_seed2,reviewer11_experiments/results/elastostatic_core/pinn_soft_uniform_gradnorm_seed2.json,pinn,soft,uniform,gradnorm,2,5,5,0.005,1000,76,1,601,before update 601; after 600 updates,after update 601,395.5491943359375,395.5492090351081,current pre-update objective,False,3.7161420804994046e-08,0.0,,not recorded,0.0,3.138401131106892,3.138401131106892,397.0865173339844,4.7321624755859375,2.433114528656006,-1.1246329545974731,0.8145461082458496,19.670326232910156,0.9840145291109713,1.0165134204941484,absent quantum block; recorded zero is structural
core,pinn_soft_uniform_gradnorm_seed2,reviewer11_experiments/results/elastostatic_core/pinn_soft_uniform_gradnorm_seed2.json,pinn,soft,uniform,gradnorm,2,5,5,0.005,1000,76,1,701,before update 701; after 700 updates,after update 701,394.7004699707031,394.70048817970553,current pre-update objective,False,4.613372151991231e-08,0.0,,not recorded,0.0,2.503410496591264,2.503410496591264,396.2220153808594,4.7340922355651855,2.4400532245635986,-1.1325093507766724,0.8146069645881653,19.76145362854004,0.9840145291109713,1.0165134204941484,absent quantum block; recorded zero is structural
core,pinn_soft_uniform_gradnorm_seed2,reviewer11_experiments/results/elastostatic_core/pinn_soft_uniform_gradnorm_seed2.json,pinn,soft,uniform,gradnorm,2,5,5,0.005,1000,76,1,801,before update 801; after 800 updates,after update 801,331.4840393066406,331.4840607130288,current pre-update objective,False,6.457742828155627e-08,0.0,,not recorded,0.0,81.70541352275494,81.70541352275494,333.1724853515625,3.5784027576446533,2.3535616397857666,-1.2623569965362549,0.664467453956604,20.214004516601562,0.9840145291109713,1.0165134204941484,absent quantum block; recorded zero is structural
core,pinn_soft_uniform_gradnorm_seed2,reviewer11_experiments/results/elastostatic_core/pinn_soft_uniform_gradnorm_seed2.json,pinn,soft,uniform,gradnorm,2,5,5,0.005,1000,76,1,901,before update 901; after 900 updates,after update 901,71.59545135498047,71.59545681207433,current pre-update objective,False,7.622123115072632e-08,0.0,,not recorded,0.0,65.36614591515274,65.36614591515274,68.955810546875,3.6811490058898926,1.2879698276519775,-0.49412801861763,1.3324583768844604,20.103872299194336,0.9840145291109713,1.0165134204941484,absent quantum block; recorded zero is structural
core,pinn_soft_uniform_gradnorm_seed2,reviewer11_experiments/results/elastostatic_core/pinn_soft_uniform_gradnorm_seed2.json,pinn,soft,uniform,gradnorm,2,5,5,0.005,1000,76,1,1000,before update 1000; after 999 updates,after update 1000,27.146549224853516,27.146549512767706,current pre-update objective,False,1.0605922131331414e-08,0.0,,not recorded,0.0,18.156244296110955,18.156244296110955,16.97835350036621,10.270009994506836,1.877406120300293,-0.1633497029542923,1.880980372428894,26.701698303222656,0.9840145291109713,1.0165134204941484,absent quantum block; recorded zero is structural
core,qpinn_hard_adaptive_fixed_seed0,reviewer11_experiments/results/elastostatic_core/qpinn_hard_adaptive_fixed_seed0.json,qpinn,hard,adaptive,fixed,0,5,5,0.005,1000,106,1,1,before update 1; after 0 updates,after update 1,1116.0303955078125,1116.0303955078125,current pre-update objective,False,0.0,0.0,,not recorded,25.246751409305354,96.84083314170722,100.0776969174613,1116.0303955078125,0.0,1.0014171600341797,0.024338411167263985,0.011398956179618835,0.3808559477329254,1.0,0.0,full weighted physics loss quantum-parameter gradient
core,qpinn_hard_adaptive_fixed_seed0,reviewer11_experiments/results/elastostatic_core/qpinn_hard_adaptive_fixed_seed0.json,qpinn,hard,adaptive,fixed,0,5,5,0.005,1000,106,1,101,before update 101; after 100 updates,after update 101,202.60707092285156,202.60707092285156,current pre-update objective,False,0.0,1.1365837517293135e-16,,not recorded,125.79262882391492,219.5273138735431,253.01388697651427,202.60707092285156,0.0,0.6395778656005859,-0.03919248655438423,0.27724283933639526,3.9599826335906982,1.0,0.0,full weighted physics loss quantum-parameter gradient
core,qpinn_hard_adaptive_fixed_seed0,reviewer11_experiments/results/elastostatic_core/qpinn_hard_adaptive_fixed_seed0.json,qpinn,hard,adaptive,fixed,0,5,5,0.005,1000,106,1,201,before update 201; after 200 updates,after update 201,46.5007209777832,46.5007209777832,current pre-update objective,False,0.0,1.1217265139765686e-16,,not recorded,9.650288560240151,62.93541752468146,63.67098906332369,46.5007209777832,0.0,0.2937866151332855,-0.02999267727136612,0.5057434439659119,7.164921283721924,1.0,0.0,full weighted physics loss quantum-parameter gradient
core,qpinn_hard_adaptive_fixed_seed0,reviewer11_experiments/results/elastostatic_core/qpinn_hard_adaptive_fixed_seed0.json,qpinn,hard,adaptive,fixed,0,5,5,0.005,1000,106,1,301,before update 301; after 300 updates,after update 301,18.28984832763672,18.28984832763672,current pre-update objective,False,0.0,1.3869365776937228e-16,,not recorded,4.647328877906308,28.25065990633427,28.630358901745968,18.28984832763672,0.0,0.1657947450876236,-0.039231136441230774,0.5988569259643555,8.487360000610352,1.0,0.0,full weighted physics loss quantum-parameter gradient
core,qpinn_hard_adaptive_fixed_seed0,reviewer11_experiments/results/elastostatic_core/qpinn_hard_adaptive_fixed_seed0.json,qpinn,hard,adaptive,fixed,0,5,5,0.005,1000,106,1,401,before update 401; after 400 updates,after update 401,10.485224723815918,10.485224723815918,current pre-update objective,False,0.0,1.3672096301886432e-16,,not recorded,3.6300067792280206,13.953644296220364,14.418083727135327,10.485224723815918,0.0,0.09900613874197006,-0.016817718744277954,0.6403670310974121,9.059295654296875,1.0,0.0,full weighted physics loss quantum-parameter gradient
core,qpinn_hard_adaptive_fixed_seed0,reviewer11_experiments/results/elastostatic_core/qpinn_hard_adaptive_fixed_seed0.json,qpinn,hard,adaptive,fixed,0,5,5,0.005,1000,106,1,501,before update 501; after 500 updates,after update 501,50.01922607421875,50.01922607421875,current pre-update objective,False,0.0,1.9878102148123516e-16,,not recorded,55.84202288988659,123.2197541879112,135.28281244328076,50.01922607421875,0.0,0.0700056403875351,0.017387807369232178,0.6628616452217102,9.377520561218262,1.0,0.0,full weighted physics loss quantum-parameter gradient
core,qpinn_hard_adaptive_fixed_seed0,reviewer11_experiments/results/elastostatic_core/qpinn_hard_adaptive_fixed_seed0.json,qpinn,hard,adaptive,fixed,0,5,5,0.005,1000,106,1,601,before update 601; after 600 updates,after update 601,1.2904733419418335,1.2904733419418335,current pre-update objective,False,0.0,1.606146110443767e-16,,not recorded,3.457477783942894,8.747789276978816,9.406272899554011,1.2904733419418335,0.0,0.03519316017627716,-0.010818068869411945,0.6875256299972534,9.724289894104004,1.0,0.0,full weighted physics loss quantum-parameter gradient
core,qpinn_hard_adaptive_fixed_seed0,reviewer11_experiments/results/elastostatic_core/qpinn_hard_adaptive_fixed_seed0.json,qpinn,hard,adaptive,fixed,0,5,5,0.005,1000,106,1,701,before update 701; after 700 updates,after update 701,0.24346446990966797,0.24346446990966797,current pre-update objective,False,0.0,0.0,,not recorded,0.9056106346680065,1.997373910730143,2.1930875862329837,0.24346446990966797,0.0,0.012670988216996193,-0.0049165706150233746,0.7012026906013489,9.916748046875,1.0,0.0,full weighted physics loss quantum-parameter gradient
core,qpinn_hard_adaptive_fixed_seed0,reviewer11_experiments/results/elastostatic_core/qpinn_hard_adaptive_fixed_seed0.json,qpinn,hard,adaptive,fixed,0,5,5,0.005,1000,106,1,801,before update 801; after 800 updates,after update 801,0.12378961592912674,0.12378961592912674,current pre-update objective,False,0.0,1.6329550674247192e-16,,not recorded,0.5240462951811625,1.0417039679020996,1.166092481853854,0.12378961592912674,0.0,0.01126332301646471,-0.005934278480708599,0.7038652300834656,9.954513549804688,1.0,0.0,full weighted physics loss quantum-parameter gradient
core,qpinn_hard_adaptive_fixed_seed0,reviewer11_experiments/results/elastostatic_core/qpinn_hard_adaptive_fixed_seed0.json,qpinn,hard,adaptive,fixed,0,5,5,0.005,1000,106,1,901,before update 901; after 900 updates,after update 901,0.07681432366371155,0.07681432366371155,current pre-update objective,False,0.0,0.0,,not recorded,0.32957408598241367,0.6737975100077296,0.7500814373411462,0.07681432366371155,0.0,0.01038422156125307,-0.005903533194214106,0.7050495743751526,9.971258163452148,1.0,0.0,full weighted physics loss quantum-parameter gradient
core,qpinn_hard_adaptive_fixed_seed0,reviewer11_experiments/results/elastostatic_core/qpinn_hard_adaptive_fixed_seed0.json,qpinn,hard,adaptive,fixed,0,5,5,0.005,1000,106,1,1000,before update 1000; after 999 updates,after update 1000,0.05511222779750824,0.05511222779750824,current pre-update objective,False,0.0,2.111841402446811e-16,,not recorded,0.2125397775679572,0.4665656139121957,0.5126954545672321,0.05511222779750824,0.0,0.008725776337087154,-0.005065965466201305,0.7058001756668091,9.981780052185059,1.0,0.0,full weighted physics loss quantum-parameter gradient
core,qpinn_hard_adaptive_fixed_seed1,reviewer11_experiments/results/elastostatic_core/qpinn_hard_adaptive_fixed_seed1.json,qpinn,hard,adaptive,fixed,1,5,5,0.005,1000,106,1,1,before update 1; after 0 updates,after update 1,1199.5936279296875,1199.5936279296875,current pre-update objective,False,0.0,0.0,,not recorded,17.90687466010272,94.3466155526432,96.03093265365533,1199.5936279296875,0.0,1.0083545446395874,-0.07807252556085587,0.03558465093374252,1.21589994430542,1.0,0.0,full weighted physics loss quantum-parameter gradient
core,qpinn_hard_adaptive_fixed_seed1,reviewer11_experiments/results/elastostatic_core/qpinn_hard_adaptive_fixed_seed1.json,qpinn,hard,adaptive,fixed,1,5,5,0.005,1000,106,1,101,before update 101; after 100 updates,after update 101,209.880126953125,209.880126953125,current pre-update objective,False,0.0,1.5156447028737697e-16,,not recorded,55.876420165364436,144.50146288548146,154.92852257263837,209.880126953125,0.0,0.5939148664474487,-0.09279607981443405,0.35348057746887207,5.169190883636475,1.0,0.0,full weighted physics loss quantum-parameter gradient
core,qpinn_hard_adaptive_fixed_seed1,reviewer11_experiments/results/elastostatic_core/qpinn_hard_adaptive_fixed_seed1.json,qpinn,hard,adaptive,fixed,1,5,5,0.005,1000,106,1,201,before update 201; after 200 updates,after update 201,63.478153228759766,63.478153228759766,current pre-update objective,False,0.0,2.145593608364758e-16,,not recorded,17.283572738797165,90.438205669838,92.07492020847593,63.478153228759766,0.0,0.29029935598373413,-0.00616935221478343,0.5163218379020691,7.302416801452637,1.0,0.0,full weighted physics loss quantum-parameter gradient
core,qpinn_hard_adaptive_fixed_seed1,reviewer11_experiments/results/elastostatic_core/qpinn_hard_adaptive_fixed_seed1.json,qpinn,hard,adaptive,fixed,1,5,5,0.005,1000,106,1,301,before update 301; after 300 updates,after update 301,11.17367935180664,11.17367935180664,current pre-update objective,False,0.0,0.0,,not recorded,3.263824335075057,24.794720078752462,25.008612378017272,11.17367935180664,0.0,0.10562445223331451,0.023922953754663467,0.6375747919082642,9.023045539855957,1.0,0.0,full weighted physics loss quantum-parameter gradient
core,qpinn_hard_adaptive_fixed_seed1,reviewer11_experiments/results/elastostatic_core/qpinn_hard_adaptive_fixed_seed1.json,qpinn,hard,adaptive,fixed,1,5,5,0.005,1000,106,1,401,before update 401; after 400 updates,after update 401,6.429689884185791,6.429689884185791,current pre-update objective,False,0.0,1.3642915480388125e-16,,not recorded,1.4869245205731243,10.097125484784062,10.206022123499311,6.429689884185791,0.0,0.05283315107226372,0.010904235765337944,0.671990692615509,9.504640579223633,1.0,0.0,full weighted physics loss quantum-parameter gradient
core,qpinn_hard_adaptive_fixed_seed1,reviewer11_experiments/results/elastostatic_core/qpinn_hard_adaptive_fixed_seed1.json,qpinn,hard,adaptive,fixed,1,5,5,0.005,1000,106,1,501,before update 501; after 500 updates,after update 501,73.51932525634766,73.51932525634766,current pre-update objective,False,0.0,0.0,,not recorded,76.11020604863742,195.75112789201313,210.02682575271504,73.51932525634766,0.0,0.0241138506680727,-0.006146891042590141,0.6927210092544556,9.796941757202148,1.0,0.0,full weighted physics loss quantum-parameter gradient
core,qpinn_hard_adaptive_fixed_seed1,reviewer11_experiments/results/elastostatic_core/qpinn_hard_adaptive_fixed_seed1.json,qpinn,hard,adaptive,fixed,1,5,5,0.005,1000,106,1,601,before update 601; after 600 updates,after update 601,5.796208381652832,5.796208381652832,current pre-update objective,False,0.0,0.0,,not recorded,5.706923845565787,19.06945427386382,19.905101508961728,5.796208381652832,0.0,0.11852540820837021,0.052551936358213425,0.6521083116531372,9.252250671386719,1.0,0.0,full weighted physics loss quantum-parameter gradient
core,qpinn_hard_adaptive_fixed_seed1,reviewer11_experiments/results/elastostatic_core/qpinn_hard_adaptive_fixed_seed1.json,qpinn,hard,adaptive,fixed,1,5,5,0.005,1000,106,1,701,before update 701; after 700 updates,after update 701,0.8548997044563293,0.8548997044563293,current pre-update objective,False,0.0,1.7445010928596197e-16,,not recorded,1.432035723534763,6.21930062033343,6.382039369947472,0.8548997044563293,0.0,0.04946358874440193,0.025775691494345665,0.6900131106376648,9.76509952545166,1.0,0.0,full weighted physics loss quantum-parameter gradient
core,qpinn_hard_adaptive_fixed_seed1,reviewer11_experiments/results/elastostatic_core/qpinn_hard_adaptive_fixed_seed1.json,qpinn,hard,adaptive,fixed,1,5,5,0.005,1000,106,1,801,before update 801; after 800 updates,after update 801,0.2749690115451813,0.2749690115451813,current pre-update objective,False,0.0,1.5115130051023786e-16,,not recorded,0.4768143434845892,2.376707089344792,2.4240644600947463,0.2749690115451813,0.0,0.02693834900856018,0.015278711915016174,0.7004784941673279,9.908629417419434,1.0,0.0,full weighted physics loss quantum-parameter gradient
core,qpinn_hard_adaptive_fixed_seed1,reviewer11_experiments/results/elastostatic_core/qpinn_hard_adaptive_fixed_seed1.json,qpinn,hard,adaptive,fixed,1,5,5,0.005,1000,106,1,901,before update 901; after 900 updates,after update 901,0.15437504649162292,0.15437504649162292,current pre-update objective,False,0.0,1.6692818639882903e-16,,not recorded,0.21637254066865821,1.1328562762475072,1.1533344783664357,0.15437504649162292,0.0,0.018982794135808945,0.011301861144602299,0.7039319276809692,9.956390380859375,1.0,0.0,full weighted physics loss quantum-parameter gradient
core,qpinn_hard_adaptive_fixed_seed1,reviewer11_experiments/results/elastostatic_core/qpinn_hard_adaptive_fixed_seed1.json,qpinn,hard,adaptive,fixed,1,5,5,0.005,1000,106,1,1000,before update 1000; after 999 updates,after update 1000,0.11020146310329437,0.11020146310329437,current pre-update objective,False,0.0,0.0,,not recorded,0.153428346913018,0.6928186894456669,0.7096041108122704,0.11020146310329437,0.0,0.01573275215923786,0.009597640484571457,0.7052597403526306,9.974807739257812,1.0,0.0,full weighted physics loss quantum-parameter gradient
core,qpinn_hard_adaptive_fixed_seed2,reviewer11_experiments/results/elastostatic_core/qpinn_hard_adaptive_fixed_seed2.json,qpinn,hard,adaptive,fixed,2,5,5,0.005,1000,106,1,1,before update 1; after 0 updates,after update 1,1193.4190673828125,1193.4190673828125,current pre-update objective,False,0.0,1.2169825035552798e-16,,not recorded,9.113033870613968,85.96692101295199,86.44859105141092,1193.4190673828125,0.0,1.000234842300415,0.017238669097423553,0.007847189903259277,0.26841607689857483,1.0,0.0,full weighted physics loss quantum-parameter gradient
core,qpinn_hard_adaptive_fixed_seed2,reviewer11_experiments/results/elastostatic_core/qpinn_hard_adaptive_fixed_seed2.json,qpinn,hard,adaptive,fixed,2,5,5,0.005,1000,106,1,101,before update 101; after 100 updates,after update 101,256.5311584472656,256.5311584472656,current pre-update objective,False,0.0,0.0,,not recorded,156.51923399384677,292.10788192900156,331.3989820368615,256.5311584472656,0.0,0.5710604786872864,0.049998145550489426,0.3724044859409332,5.314083099365234,1.0,0.0,full weighted physics loss quantum-parameter gradient
core,qpinn_hard_adaptive_fixed_seed2,reviewer11_experiments/results/elastostatic_core/qpinn_hard_adaptive_fixed_seed2.json,qpinn,hard,adaptive,fixed,2,5,5,0.005,1000,106,1,201,before update 201; after 200 updates,after update 201,18.07598304748535,18.07598304748535,current pre-update objective,False,0.0,0.0,,not recorded,9.015880866209736,49.048708660979635,49.87045146279854,18.07598304748535,0.0,0.17330524325370789,-0.07339350879192352,0.6148272156715393,8.75700855255127,1.0,0.0,full weighted physics loss quantum-parameter gradient
core,qpinn_hard_adaptive_fixed_seed2,reviewer11_experiments/results/elastostatic_core/qpinn_hard_adaptive_fixed_seed2.json,qpinn,hard,adaptive,fixed,2,5,5,0.005,1000,106,1,301,before update 301; after 300 updates,after update 301,6.8723978996276855,6.8723978996276855,current pre-update objective,False,0.0,1.5449780137447715e-16,,not recorded,2.7437302503385848,13.282840303873828,13.56325559092794,6.8723978996276855,0.0,0.09822613000869751,-0.05556511506438255,0.6742150187492371,9.567328453063965,1.0,0.0,full weighted physics loss quantum-parameter gradient
core,qpinn_hard_adaptive_fixed_seed2,reviewer11_experiments/results/elastostatic_core/qpinn_hard_adaptive_fixed_seed2.json,qpinn,hard,adaptive,fixed,2,5,5,0.005,1000,106,1,401,before update 401; after 400 updates,after update 401,5.346253395080566,5.346253395080566,current pre-update objective,False,0.0,1.4093444138939739e-16,,not recorded,1.6709393649866378,4.734578466559533,5.020783964429377,5.346253395080566,0.0,0.07535077631473541,-0.046480387449264526,0.6924737095832825,9.815202713012695,1.0,0.0,full weighted physics loss quantum-parameter gradient
core,qpinn_hard_adaptive_fixed_seed2,reviewer11_experiments/results/elastostatic_core/qpinn_hard_adaptive_fixed_seed2.json,qpinn,hard,adaptive,fixed,2,5,5,0.005,1000,106,1,501,before update 501; after 500 updates,after update 501,86.14910125732422,86.14910125732422,current pre-update objective,False,0.0,2.049937622810903e-16,,not recorded,112.72236363322796,241.4141277120827,266.43406749522,86.14910125732422,0.0,0.08662080764770508,-0.05361895263195038,0.704646646976471,9.994160652160645,1.0,0.0,full weighted physics loss quantum-parameter gradient
core,qpinn_hard_adaptive_fixed_seed2,reviewer11_experiments/results/elastostatic_core/qpinn_hard_adaptive_fixed_seed2.json,qpinn,hard,adaptive,fixed,2,5,5,0.005,1000,106,1,601,before update 601; after 600 updates,after update 601,26.46202278137207,26.46202278137207,current pre-update objective,False,0.0,0.0,,not recorded,4.403206996329366,11.41897785115706,12.238516536645255,26.46202278137207,0.0,0.09334789216518402,-0.0026242933236062527,0.6427187919616699,9.089492797851562,1.0,0.0,full weighted physics loss quantum-parameter gradient
core,qpinn_hard_adaptive_fixed_seed2,reviewer11_experiments/results/elastostatic_core/qpinn_hard_adaptive_fixed_seed2.json,qpinn,hard,adaptive,fixed,2,5,5,0.005,1000,106,1,701,before update 701; after 700 updates,after update 701,20.986000061035156,20.986000061035156,current pre-update objective,False,0.0,0.0,,not recorded,8.438476942107656,8.26751522625166,11.813538890560508,20.986000061035156,0.0,0.10467628389596939,-0.043028127402067184,0.6519181132316589,9.239673614501953,1.0,0.0,full weighted physics loss quantum-parameter gradient
core,qpinn_hard_adaptive_fixed_seed2,reviewer11_experiments/results/elastostatic_core/qpinn_hard_adaptive_fixed_seed2.json,qpinn,hard,adaptive,fixed,2,5,5,0.005,1000,106,1,801,before update 801; after 800 updates,after update 801,5.977522850036621,5.977522850036621,current pre-update objective,False,0.0,0.0,,not recorded,6.743404755094714,15.203359674666554,16.631766385093048,5.977522850036621,0.0,0.16172422468662262,-0.09245778620243073,0.658118724822998,9.399057388305664,1.0,0.0,full weighted physics loss quantum-parameter gradient
core,qpinn_hard_adaptive_fixed_seed2,reviewer11_experiments/results/elastostatic_core/qpinn_hard_adaptive_fixed_seed2.json,qpinn,hard,adaptive,fixed,2,5,5,0.005,1000,106,1,901,before update 901; after 900 updates,after update 901,1.4119808673858643,1.4119808673858643,current pre-update objective,False,0.0,0.0,,not recorded,2.1506629485192064,7.41774209396976,7.72322788028323,1.4119808673858643,0.0,0.08169503509998322,-0.04806087166070938,0.6854254007339478,9.717297554016113,1.0,0.0,full weighted physics loss quantum-parameter gradient
core,qpinn_hard_adaptive_fixed_seed2,reviewer11_experiments/results/elastostatic_core/qpinn_hard_adaptive_fixed_seed2.json,qpinn,hard,adaptive,fixed,2,5,5,0.005,1000,106,1,1000,before update 1000; after 999 updates,after update 1000,0.3799382746219635,0.3799382746219635,current pre-update objective,False,0.0,0.0,,not recorded,0.8978728486166444,3.541530227243334,3.653575235678224,0.3799382746219635,0.0,0.031649790704250336,-0.01788313500583172,0.6970279812812805,9.860724449157715,1.0,0.0,full weighted physics loss quantum-parameter gradient
core,qpinn_hard_uniform_fixed_seed0,reviewer11_experiments/results/elastostatic_core/qpinn_hard_uniform_fixed_seed0.json,qpinn,hard,uniform,fixed,0,5,5,0.005,1000,106,1,1,before update 1; after 0 updates,after update 1,789.0296630859375,789.0296630859375,current pre-update objective,False,0.0,1.667911260608325e-16,,not recorded,12.680956311572839,22.821160689876287,26.10770055384376,789.0296630859375,0.0,1.0014833211898804,0.02644132263958454,0.012363513000309467,0.4136413335800171,1.0,0.0,full weighted physics loss quantum-parameter gradient
core,qpinn_hard_uniform_fixed_seed0,reviewer11_experiments/results/elastostatic_core/qpinn_hard_uniform_fixed_seed0.json,qpinn,hard,uniform,fixed,0,5,5,0.005,1000,106,1,101,before update 101; after 100 updates,after update 101,208.97303771972656,208.97303771972656,current pre-update objective,False,0.0,0.0,,not recorded,31.82491629508072,184.98570566564962,187.70332068934542,208.97303771972656,0.0,0.4740169942378998,0.02013719268143177,0.37509745359420776,5.312355995178223,1.0,0.0,full weighted physics loss quantum-parameter gradient
core,qpinn_hard_uniform_fixed_seed0,reviewer11_experiments/results/elastostatic_core/qpinn_hard_uniform_fixed_seed0.json,qpinn,hard,uniform,fixed,0,5,5,0.005,1000,106,1,201,before update 201; after 200 updates,after update 201,25.440509796142578,25.440509796142578,current pre-update objective,False,0.0,1.9978929091425066e-16,,not recorded,5.796503815420965,47.35541478361119,47.7088541657631,25.440509796142578,0.0,0.12065738439559937,0.01999920979142189,0.6257719993591309,8.854293823242188,1.0,0.0,full weighted physics loss quantum-parameter gradient
core,qpinn_hard_uniform_fixed_seed0,reviewer11_experiments/results/elastostatic_core/qpinn_hard_uniform_fixed_seed0.json,qpinn,hard,uniform,fixed,0,5,5,0.005,1000,106,1,301,before update 301; after 300 updates,after update 301,9.953076362609863,9.953076362609863,current pre-update objective,False,0.0,0.0,,not recorded,2.9441213353460185,16.389579341756416,16.65191164512256,9.953076362609863,0.0,0.0620248019695282,0.02825300395488739,0.6776707768440247,9.592079162597656,1.0,0.0,full weighted physics loss quantum-parameter gradient
core,qpinn_hard_uniform_fixed_seed0,reviewer11_experiments/results/elastostatic_core/qpinn_hard_uniform_fixed_seed0.json,qpinn,hard,uniform,fixed,0,5,5,0.005,1000,106,1,401,before update 401; after 400 updates,after update 401,6.399540901184082,6.399540901184082,current pre-update objective,False,0.0,1.8782401873163855e-16,,not recorded,1.0054734823616684,4.231328650410923,4.349151534669817,6.399540901184082,0.0,0.05509829521179199,0.03317377716302872,0.6962733864784241,9.85801887512207,1.0,0.0,full weighted physics loss quantum-parameter gradient
core,qpinn_hard_uniform_fixed_seed0,reviewer11_experiments/results/elastostatic_core/qpinn_hard_uniform_fixed_seed0.json,qpinn,hard,uniform,fixed,0,5,5,0.005,1000,106,1,501,before update 501; after 500 updates,after update 501,5.873384475708008,5.873384475708008,current pre-update objective,False,0.0,1.228876562460127e-16,,not recorded,0.7648752472010903,2.577310616487572,2.688412944032311,5.873384475708008,0.0,0.054280836135149,0.033509623259305954,0.6996982097625732,9.906624794006348,1.0,0.0,full weighted physics loss quantum-parameter gradient
core,qpinn_hard_uniform_fixed_seed0,reviewer11_experiments/results/elastostatic_core/qpinn_hard_uniform_fixed_seed0.json,qpinn,hard,uniform,fixed,0,5,5,0.005,1000,106,1,601,before update 601; after 600 updates,after update 601,4.84177827835083,4.84177827835083,current pre-update objective,False,0.0,0.0,,not recorded,2.671447831131411,6.960459023107529,7.455509595380837,4.84177827835083,0.0,0.06987406313419342,0.043444760143756866,0.6967924237251282,9.873364448547363,1.0,0.0,full weighted physics loss quantum-parameter gradient
core,qpinn_hard_uniform_fixed_seed0,reviewer11_experiments/results/elastostatic_core/qpinn_hard_uniform_fixed_seed0.json,qpinn,hard,uniform,fixed,0,5,5,0.005,1000,106,1,701,before update 701; after 700 updates,after update 701,0.2652037441730499,0.2652037441730499,current pre-update objective,False,0.0,0.0,,not recorded,17.616067967865582,22.094587573994144,28.257683038659703,0.2652037441730499,0.0,0.0100716482847929,0.005317621398717165,0.7036412358283997,9.951275825500488,1.0,0.0,full weighted physics loss quantum-parameter gradient
core,qpinn_hard_uniform_fixed_seed0,reviewer11_experiments/results/elastostatic_core/qpinn_hard_uniform_fixed_seed0.json,qpinn,hard,uniform,fixed,0,5,5,0.005,1000,106,1,801,before update 801; after 800 updates,after update 801,0.08981933444738388,0.08981933444738388,current pre-update objective,False,0.0,1.5016603751252187e-16,,not recorded,0.18998547288302828,0.8385915728632537,0.8598431868566813,0.08981933444738388,0.0,0.002316935220733285,0.0009478857973590493,0.70587557554245,9.982598304748535,1.0,0.0,full weighted physics loss quantum-parameter gradient
core,qpinn_hard_uniform_fixed_seed0,reviewer11_experiments/results/elastostatic_core/qpinn_hard_uniform_fixed_seed0.json,qpinn,hard,uniform,fixed,0,5,5,0.005,1000,106,1,901,before update 901; after 900 updates,after update 901,0.05385184288024902,0.05385184288024902,current pre-update objective,False,0.0,1.4750491800386526e-16,,not recorded,0.4933813431729679,0.7136128715578531,0.8675646836082063,0.05385184288024902,0.0,0.0014595803804695606,0.0006250552251003683,0.7063872218132019,9.989828109741211,1.0,0.0,full weighted physics loss quantum-parameter gradient
core,qpinn_hard_uniform_fixed_seed0,reviewer11_experiments/results/elastostatic_core/qpinn_hard_uniform_fixed_seed0.json,qpinn,hard,uniform,fixed,0,5,5,0.005,1000,106,1,1000,before update 1000; after 999 updates,after update 1000,0.03717381879687309,0.03717381879687309,current pre-update objective,False,0.0,0.0,,not recorded,0.3435744488547677,0.47301430109047743,0.5846246068563743,0.03717381879687309,0.0,0.0010160275269299746,0.0004328922077547759,0.7066084742546082,9.992955207824707,1.0,0.0,full weighted physics loss quantum-parameter gradient
core,qpinn_hard_uniform_fixed_seed1,reviewer11_experiments/results/elastostatic_core/qpinn_hard_uniform_fixed_seed1.json,qpinn,hard,uniform,fixed,1,5,5,0.005,1000,106,1,1,before update 1; after 0 updates,after update 1,789.7645263671875,789.7645263671875,current pre-update objective,False,0.0,0.0,,not recorded,6.502610839899962,15.501091424867143,16.80975261856266,789.7645263671875,0.0,1.0086508989334106,-0.080941341817379,0.0368981771171093,1.2606136798858643,1.0,0.0,full weighted physics loss quantum-parameter gradient
core,qpinn_hard_uniform_fixed_seed1,reviewer11_experiments/results/elastostatic_core/qpinn_hard_uniform_fixed_seed1.json,qpinn,hard,uniform,fixed,1,5,5,0.005,1000,106,1,101,before update 101; after 100 updates,after update 101,223.5271453857422,223.5271453857422,current pre-update objective,False,0.0,0.0,,not recorded,40.14286787487181,181.7565045692567,186.13671533164447,223.5271453857422,0.0,0.4879574179649353,-0.013489091768860817,0.36495959758758545,5.164850234985352,1.0,0.0,full weighted physics loss quantum-parameter gradient
core,qpinn_hard_uniform_fixed_seed1,reviewer11_experiments/results/elastostatic_core/qpinn_hard_uniform_fixed_seed1.json,qpinn,hard,uniform,fixed,1,5,5,0.005,1000,106,1,201,before update 201; after 200 updates,after update 201,22.345876693725586,22.345876693725586,current pre-update objective,False,0.0,1.2264872097032994e-16,,not recorded,6.609240316049878,42.5461972585067,43.05648567538998,22.345876693725586,0.0,0.10340911149978638,0.004962925799190998,0.6348721981048584,8.978724479675293,1.0,0.0,full weighted physics loss quantum-parameter gradient
core,qpinn_hard_uniform_fixed_seed1,reviewer11_experiments/results/elastostatic_core/qpinn_hard_uniform_fixed_seed1.json,qpinn,hard,uniform,fixed,1,5,5,0.005,1000,106,1,301,before update 301; after 300 updates,after update 301,10.81980037689209,10.81980037689209,current pre-update objective,False,0.0,0.0,,not recorded,4.749049831431177,13.821582977694266,14.614705960459977,10.81980037689209,0.0,0.03822771832346916,-0.003775032004341483,0.6807765960693359,9.62778377532959,1.0,0.0,full weighted physics loss quantum-parameter gradient
core,qpinn_hard_uniform_fixed_seed1,reviewer11_experiments/results/elastostatic_core/qpinn_hard_uniform_fixed_seed1.json,qpinn,hard,uniform,fixed,1,5,5,0.005,1000,106,1,401,before update 401; after 400 updates,after update 401,4.050724983215332,4.050724983215332,current pre-update objective,False,0.0,0.0,,not recorded,2.079582566491776,7.316674549981996,7.60647028004519,4.050724983215332,0.0,0.0559086874127388,0.03383605554699898,0.6951529383659363,9.842643737792969,1.0,0.0,full weighted physics loss quantum-parameter gradient
core,qpinn_hard_uniform_fixed_seed1,reviewer11_experiments/results/elastostatic_core/qpinn_hard_uniform_fixed_seed1.json,qpinn,hard,uniform,fixed,1,5,5,0.005,1000,106,1,501,before update 501; after 500 updates,after update 501,0.8346680998802185,0.8346680998802185,current pre-update objective,False,0.0,0.0,,not recorded,1.49044027235364,5.492917163853702,5.691533288527108,0.8346680998802185,0.0,0.01929420791566372,0.0096977474167943,0.6987304091453552,9.88249683380127,1.0,0.0,full weighted physics loss quantum-parameter gradient
core,qpinn_hard_uniform_fixed_seed1,reviewer11_experiments/results/elastostatic_core/qpinn_hard_uniform_fixed_seed1.json,qpinn,hard,uniform,fixed,1,5,5,0.005,1000,106,1,601,before update 601; after 600 updates,after update 601,0.1835724413394928,0.1835724413394928,current pre-update objective,False,0.0,0.0,,not recorded,8.300014461499085,12.870366610190175,15.314587057501488,0.1835724413394928,0.0,0.004514369182288647,0.0010293988743796945,0.7041947841644287,9.958829879760742,1.0,0.0,full weighted physics loss quantum-parameter gradient
core,qpinn_hard_uniform_fixed_seed1,reviewer11_experiments/results/elastostatic_core/qpinn_hard_uniform_fixed_seed1.json,qpinn,hard,uniform,fixed,1,5,5,0.005,1000,106,1,701,before update 701; after 700 updates,after update 701,0.08302734047174454,0.08302734047174454,current pre-update objective,False,0.0,0.0,,not recorded,0.23662959719773677,0.9590870041860433,0.9878468747070684,0.08302734047174454,0.0,0.002241868991404772,0.00048591839731670916,0.7056686282157898,9.979663848876953,1.0,0.0,full weighted physics loss quantum-parameter gradient
core,qpinn_hard_uniform_fixed_seed1,reviewer11_experiments/results/elastostatic_core/qpinn_hard_uniform_fixed_seed1.json,qpinn,hard,uniform,fixed,1,5,5,0.005,1000,106,1,801,before update 801; after 800 updates,after update 801,0.05763006955385208,0.05763006955385208,current pre-update objective,False,0.0,0.0,,not recorded,2.963392853515816,4.5459480619946255,5.426540425226859,0.05763006955385208,0.0,0.002995993010699749,-0.0014212119858711958,0.7063029408454895,9.988651275634766,1.0,0.0,full weighted physics loss quantum-parameter gradient
core,qpinn_hard_uniform_fixed_seed1,reviewer11_experiments/results/elastostatic_core/qpinn_hard_uniform_fixed_seed1.json,qpinn,hard,uniform,fixed,1,5,5,0.005,1000,106,1,901,before update 901; after 900 updates,after update 901,0.046356942504644394,0.046356942504644394,current pre-update objective,False,0.0,1.9355758330672621e-16,,not recorded,0.07120746895571649,0.371922694095438,0.3786779555483631,0.046356942504644394,0.0,0.0008914281497709453,-7.624175486853346e-05,0.7065239548683167,9.991758346557617,1.0,0.0,full weighted physics loss quantum-parameter gradient
core,qpinn_hard_uniform_fixed_seed1,reviewer11_experiments/results/elastostatic_core/qpinn_hard_uniform_fixed_seed1.json,qpinn,hard,uniform,fixed,1,5,5,0.005,1000,106,1,1000,before update 1000; after 999 updates,after update 1000,0.041200388222932816,0.041200388222932816,current pre-update objective,False,0.0,1.1132342296940205e-16,,not recorded,3.0817823911706808,4.734560167722053,5.649198411129667,0.041200388222932816,0.0,0.0016597207868471742,-0.0008491781773045659,0.7066909074783325,9.994126319885254,1.0,0.0,full weighted physics loss quantum-parameter gradient
core,qpinn_hard_uniform_fixed_seed2,reviewer11_experiments/results/elastostatic_core/qpinn_hard_uniform_fixed_seed2.json,qpinn,hard,uniform,fixed,2,5,5,0.005,1000,106,1,1,before update 1; after 0 updates,after update 1,786.9724731445312,786.9724731445312,current pre-update objective,False,0.0,0.0,,not recorded,0.8644088074497032,3.472704708316558,3.5786702247567614,786.9724731445312,0.0,1.000221610069275,0.017909608781337738,0.008154328912496567,0.278873085975647,1.0,0.0,full weighted physics loss quantum-parameter gradient
core,qpinn_hard_uniform_fixed_seed2,reviewer11_experiments/results/elastostatic_core/qpinn_hard_uniform_fixed_seed2.json,qpinn,hard,uniform,fixed,2,5,5,0.005,1000,106,1,101,before update 101; after 100 updates,after update 101,173.061279296875,173.061279296875,current pre-update objective,False,0.0,1.1661149872595879e-16,,not recorded,47.00892950304291,170.25741776373766,176.62793594615192,173.061279296875,0.0,0.41664639115333557,0.002947852248325944,0.4150330722332001,5.869602680206299,1.0,0.0,full weighted physics loss quantum-parameter gradient
core,qpinn_hard_uniform_fixed_seed2,reviewer11_experiments/results/elastostatic_core/qpinn_hard_uniform_fixed_seed2.json,qpinn,hard,uniform,fixed,2,5,5,0.005,1000,106,1,201,before update 201; after 200 updates,after update 201,23.51140594482422,23.51140594482422,current pre-update objective,False,0.0,1.180110572470296e-16,,not recorded,6.522375124240624,43.40706893561316,43.89436194823187,23.51140594482422,0.0,0.10456936061382294,0.002774186432361603,0.6339121460914612,8.964958190917969,1.0,0.0,full weighted physics loss quantum-parameter gradient
core,qpinn_hard_uniform_fixed_seed2,reviewer11_experiments/results/elastostatic_core/qpinn_hard_uniform_fixed_seed2.json,qpinn,hard,uniform,fixed,2,5,5,0.005,1000,106,1,301,before update 301; after 300 updates,after update 301,11.252342224121094,11.252342224121094,current pre-update objective,False,0.0,1.366769336900727e-16,,not recorded,1.493739259001659,7.053776960497228,7.210202936278862,11.252342224121094,0.0,0.02549879252910614,0.0010179358068853617,0.689408540725708,9.749719619750977,1.0,0.0,full weighted physics loss quantum-parameter gradient
core,qpinn_hard_uniform_fixed_seed2,reviewer11_experiments/results/elastostatic_core/qpinn_hard_uniform_fixed_seed2.json,qpinn,hard,uniform,fixed,2,5,5,0.005,1000,106,1,401,before update 401; after 400 updates,after update 401,10.021025657653809,10.021025657653809,current pre-update objective,False,0.0,1.6559094024810373e-16,,not recorded,2.412253048650646,3.9542121853796943,4.631928192203501,10.021025657653809,0.0,0.0163832176476717,0.0029047210700809956,0.6962875127792358,9.847078323364258,1.0,0.0,full weighted physics loss quantum-parameter gradient
core,qpinn_hard_uniform_fixed_seed2,reviewer11_experiments/results/elastostatic_core/qpinn_hard_uniform_fixed_seed2.json,qpinn,hard,uniform,fixed,2,5,5,0.005,1000,106,1,501,before update 501; after 500 updates,after update 501,5.557906150817871,5.557906150817871,current pre-update objective,False,0.0,1.4424969850307905e-16,,not recorded,1.632834308961704,9.7902765703949,9.92550569015734,5.557906150817871,0.0,0.04256511107087135,-0.021331701427698135,0.6893802881240845,9.753998756408691,1.0,0.0,full weighted physics loss quantum-parameter gradient
core,qpinn_hard_uniform_fixed_seed2,reviewer11_experiments/results/elastostatic_core/qpinn_hard_uniform_fixed_seed2.json,qpinn,hard,uniform,fixed,2,5,5,0.005,1000,106,1,601,before update 601; after 600 updates,after update 601,3.895944356918335,3.895944356918335,current pre-update objective,False,0.0,1.2017405851621574e-16,,not recorded,1.1688953436913703,3.6626789247743625,3.8446759591010586,3.895944356918335,0.0,0.04207508638501167,-0.025655703619122505,0.6997096538543701,9.902070999145508,1.0,0.0,full weighted physics loss quantum-parameter gradient
core,qpinn_hard_uniform_fixed_seed2,reviewer11_experiments/results/elastostatic_core/qpinn_hard_uniform_fixed_seed2.json,qpinn,hard,uniform,fixed,2,5,5,0.005,1000,106,1,701,before update 701; after 700 updates,after update 701,0.7986331582069397,0.7986331582069397,current pre-update objective,False,0.0,0.0,,not recorded,1.2716087570140024,6.184204277883222,6.313586253588671,0.7986331582069397,0.0,0.02461623027920723,-0.013365394435822964,0.698046863079071,9.87369155883789,1.0,0.0,full weighted physics loss quantum-parameter gradient
core,qpinn_hard_uniform_fixed_seed2,reviewer11_experiments/results/elastostatic_core/qpinn_hard_uniform_fixed_seed2.json,qpinn,hard,uniform,fixed,2,5,5,0.005,1000,106,1,801,before update 801; after 800 updates,after update 801,0.13964404165744781,0.13964404165744781,current pre-update objective,False,0.0,1.112903657639049e-16,,not recorded,1.4421095817184737,2.429207789361752,2.825018677740032,0.13964404165744781,0.0,0.003454721998423338,0.0001976952626137063,0.7047291398048401,9.966375350952148,1.0,0.0,full weighted physics loss quantum-parameter gradient
core,qpinn_hard_uniform_fixed_seed2,reviewer11_experiments/results/elastostatic_core/qpinn_hard_uniform_fixed_seed2.json,qpinn,hard,uniform,fixed,2,5,5,0.005,1000,106,1,901,before update 901; after 900 updates,after update 901,0.05839588865637779,0.05839588865637779,current pre-update objective,False,0.0,0.0,,not recorded,3.738294182654546,5.083340447717911,6.30992816943852,0.05839588865637779,0.0,0.0013393269618973136,-0.00011266166984569281,0.7062511444091797,9.987899780273438,1.0,0.0,full weighted physics loss quantum-parameter gradient
core,qpinn_hard_uniform_fixed_seed2,reviewer11_experiments/results/elastostatic_core/qpinn_hard_uniform_fixed_seed2.json,qpinn,hard,uniform,fixed,2,5,5,0.005,1000,106,1,1000,before update 1000; after 999 updates,after update 1000,0.037342462688684464,0.037342462688684464,current pre-update objective,False,0.0,2.0948654479260434e-16,,not recorded,2.4245986275717004,3.3287341770650345,4.1181488227580365,0.037342462688684464,0.0,0.0008780782809481025,-0.00023090779723133892,0.7067016363143921,9.994271278381348,1.0,0.0,full weighted physics loss quantum-parameter gradient
core,qpinn_soft_adaptive_fixed_seed0,reviewer11_experiments/results/elastostatic_core/qpinn_soft_adaptive_fixed_seed0.json,qpinn,soft,adaptive,fixed,0,5,5,0.005,1000,106,1,1,before update 1; after 0 updates,after update 1,1100.3123779296875,1100.3124165348709,current pre-update objective,False,3.508565638524479e-08,1.5562890426296095e-16,,not recorded,8.47107361720368,17.131569247872456,19.1115083947535,1100.260498046875,0.05191848799586296,1.0301315784454346,0.15633711218833923,0.006047259084880352,2.2181103229522705,1.0,1.0,full weighted physics loss quantum-parameter gradient
core,qpinn_soft_adaptive_fixed_seed0,reviewer11_experiments/results/elastostatic_core/qpinn_soft_adaptive_fixed_seed0.json,qpinn,soft,adaptive,fixed,0,5,5,0.005,1000,106,1,101,before update 101; after 100 updates,after update 101,107.05740356445312,107.05740642547607,current pre-update objective,False,2.672419447420802e-08,0.0,,not recorded,47.225001361548514,160.6430230949975,167.4406809072937,101.12638092041016,5.931025505065918,1.4671827554702759,0.2988251745700836,1.5654245615005493,22.540172576904297,1.0,1.0,full weighted physics loss quantum-parameter gradient
core,qpinn_soft_adaptive_fixed_seed0,reviewer11_experiments/results/elastostatic_core/qpinn_soft_adaptive_fixed_seed0.json,qpinn,soft,adaptive,fixed,0,5,5,0.005,1000,106,1,201,before update 201; after 200 updates,after update 201,4.038048267364502,4.038048148155212,current pre-update objective,False,2.9521511794257263e-08,0.0,,not recorded,12.050482111519207,7.162509039737558,14.018404148274747,1.1445506811141968,2.8934974670410156,0.9897629618644714,0.08293846249580383,1.3024799823760986,18.457340240478516,1.0,1.0,full weighted physics loss quantum-parameter gradient
core,qpinn_soft_adaptive_fixed_seed0,reviewer11_experiments/results/elastostatic_core/qpinn_soft_adaptive_fixed_seed0.json,qpinn,soft,adaptive,fixed,0,5,5,0.005,1000,106,1,301,before update 301; after 300 updates,after update 301,1.0288959741592407,1.028896003961563,current pre-update objective,False,2.896533981369088e-08,1.651894595930309e-16,,not recorded,3.3679885446418107,3.1880332700808403,4.637553554190053,0.17415645718574524,0.8547395467758179,0.5413066744804382,0.025607308372855186,1.022007942199707,14.457934379577637,1.0,1.0,full weighted physics loss quantum-parameter gradient
core,qpinn_soft_adaptive_fixed_seed0,reviewer11_experiments/results/elastostatic_core/qpinn_soft_adaptive_fixed_seed0.json,qpinn,soft,adaptive,fixed,0,5,5,0.005,1000,106,1,401,before update 401; after 400 updates,after update 401,0.49825000762939453,0.4982500225305557,current pre-update objective,False,2.990699552438821e-08,0.0,,not recorded,1.6020149554300014,1.6168829018895927,2.276128782789827,0.06310053169727325,0.43514949083328247,0.3896633982658386,0.011527355760335922,0.93075031042099,13.163810729980469,1.0,1.0,full weighted physics loss quantum-parameter gradient
core,qpinn_soft_adaptive_fixed_seed0,reviewer11_experiments/results/elastostatic_core/qpinn_soft_adaptive_fixed_seed0.json,qpinn,soft,adaptive,fixed,0,5,5,0.005,1000,106,1,501,before update 501; after 500 updates,after update 501,0.6039729714393616,0.6039729714393616,current pre-update objective,False,0.0,1.501339909925148e-16,,not recorded,36.03283974113016,104.00676798751094,110.07167359051964,0.3422071635723114,0.26176580786705017,0.31738632917404175,0.010822831653058529,0.8861965537071228,12.533651351928711,1.0,1.0,full weighted physics loss quantum-parameter gradient
core,qpinn_soft_adaptive_fixed_seed0,reviewer11_experiments/results/elastostatic_core/qpinn_soft_adaptive_fixed_seed0.json,qpinn,soft,adaptive,fixed,0,5,5,0.005,1000,106,1,601,before update 601; after 600 updates,after update 601,0.2663317024707794,0.2663317024707794,current pre-update objective,False,0.0,0.0,,not recorded,0.8195126014405164,1.0276158406143392,1.314380165629913,0.0651683509349823,0.20116335153579712,0.26714637875556946,0.001701720291748643,0.8580121994018555,12.134148597717285,1.0,1.0,full weighted physics loss quantum-parameter gradient
core,qpinn_soft_adaptive_fixed_seed0,reviewer11_experiments/results/elastostatic_core/qpinn_soft_adaptive_fixed_seed0.json,qpinn,soft,adaptive,fixed,0,5,5,0.005,1000,106,1,701,before update 701; after 700 updates,after update 701,0.2001069188117981,0.2001069262623787,current pre-update objective,False,3.7232997058556e-08,0.0,,not recorded,0.5367659600426441,0.7390434818603571,0.9134018633333202,0.06806949526071548,0.1320374310016632,0.2165399044752121,0.0019723905716091394,0.8282663226127625,11.713486671447754,1.0,1.0,full weighted physics loss quantum-parameter gradient
core,qpinn_soft_adaptive_fixed_seed0,reviewer11_experiments/results/elastostatic_core/qpinn_soft_adaptive_fixed_seed0.json,qpinn,soft,adaptive,fixed,0,5,5,0.005,1000,106,1,801,before update 801; after 800 updates,after update 801,0.15340754389762878,0.15340754389762878,current pre-update objective,False,0.0,0.0,,not recorded,0.41778716540147925,0.6293221658123647,0.7553757369395501,0.06682467460632324,0.08658286929130554,0.17544707655906677,0.001934191444888711,0.8044779896736145,11.377069473266602,1.0,1.0,full weighted physics loss quantum-parameter gradient
core,qpinn_soft_adaptive_fixed_seed0,reviewer11_experiments/results/elastostatic_core/qpinn_soft_adaptive_fixed_seed0.json,qpinn,soft,adaptive,fixed,0,5,5,0.005,1000,106,1,901,before update 901; after 900 updates,after update 901,0.11831799149513245,0.11831799522042274,current pre-update objective,False,3.14854075368824e-08,1.3826829382250755e-16,,not recorded,0.33448930501039886,0.5381366876445953,0.6336199095320761,0.06244238093495369,0.055875614285469055,0.14108502864837646,0.001752013573423028,0.7848576307296753,11.099590301513672,1.0,1.0,full weighted physics loss quantum-parameter gradient
core,qpinn_soft_adaptive_fixed_seed0,reviewer11_experiments/results/elastostatic_core/qpinn_soft_adaptive_fixed_seed0.json,qpinn,soft,adaptive,fixed,0,5,5,0.005,1000,106,1,1000,before update 1000; after 999 updates,after update 1000,0.09177440404891968,0.09177440777420998,current pre-update objective,False,4.0591820626368324e-08,1.9634860626432224e-16,,not recorded,0.269844526037786,0.4581498107952123,0.5317116863152871,0.0565168671309948,0.03525754064321518,0.11225931346416473,0.0015056286938488483,0.7686054706573486,10.869743347167969,1.0,1.0,full weighted physics loss quantum-parameter gradient
core,qpinn_soft_adaptive_fixed_seed1,reviewer11_experiments/results/elastostatic_core/qpinn_soft_adaptive_fixed_seed1.json,qpinn,soft,adaptive,fixed,1,5,5,0.005,1000,106,1,1,before update 1; after 0 updates,after update 1,1165.5010986328125,1165.5011090040207,current pre-update objective,False,8.89849705915826e-09,1.2781047835157792e-16,,not recorded,1.4742493040468123,5.061948389720564,5.272260664143714,1165.0133056640625,0.4878033399581909,1.2141495943069458,-0.47600141167640686,0.00547297578305006,6.748928546905518,1.0,1.0,full weighted physics loss quantum-parameter gradient
core,qpinn_soft_adaptive_fixed_seed1,reviewer11_experiments/results/elastostatic_core/qpinn_soft_adaptive_fixed_seed1.json,qpinn,soft,adaptive,fixed,1,5,5,0.005,1000,106,1,101,before update 101; after 100 updates,after update 101,88.82343292236328,88.82343530654907,current pre-update objective,False,2.6841855224212834e-08,1.1358643570328618e-16,,not recorded,24.22881033931783,86.13963175314339,89.48224074656257,81.95812225341797,6.8653130531311035,1.6779067516326904,0.3820123076438904,1.6902278661727905,24.50931739807129,1.0,1.0,full weighted physics loss quantum-parameter gradient
core,qpinn_soft_adaptive_fixed_seed1,reviewer11_experiments/results/elastostatic_core/qpinn_soft_adaptive_fixed_seed1.json,qpinn,soft,adaptive,fixed,1,5,5,0.005,1000,106,1,201,before update 201; after 200 updates,after update 201,34.92662811279297,34.92662811279297,current pre-update objective,False,0.0,1.2363326830829346e-16,,not recorded,24.020950669550903,35.525930794034274,42.884703914700296,21.757930755615234,13.168697357177734,2.166930913925171,0.16801059246063232,2.081230401992798,29.529268264770508,1.0,1.0,full weighted physics loss quantum-parameter gradient
core,qpinn_soft_adaptive_fixed_seed1,reviewer11_experiments/results/elastostatic_core/qpinn_soft_adaptive_fixed_seed1.json,qpinn,soft,adaptive,fixed,1,5,5,0.005,1000,106,1,301,before update 301; after 300 updates,after update 301,18.326004028320312,18.32600498199463,current pre-update objective,False,5.203940069552741e-08,1.388793864980586e-16,,not recorded,9.956907040509376,17.61137760632326,20.231179377531344,5.629185676574707,12.696819305419922,2.1025102138519287,0.19530387222766876,2.03391432762146,28.89685821533203,1.0,1.0,full weighted physics loss quantum-parameter gradient
core,qpinn_soft_adaptive_fixed_seed1,reviewer11_experiments/results/elastostatic_core/qpinn_soft_adaptive_fixed_seed1.json,qpinn,soft,adaptive,fixed,1,5,5,0.005,1000,106,1,401,before update 401; after 400 updates,after update 401,7.040806770324707,7.040807008743286,current pre-update objective,False,3.386239372922648e-08,0.0,,not recorded,6.90121891493519,11.241285747960754,13.190653045970272,1.8757836818695068,5.165023326873779,1.3203284740447998,-0.014193220995366573,1.5230910778045654,21.540700912475586,1.0,1.0,full weighted physics loss quantum-parameter gradient
core,qpinn_soft_adaptive_fixed_seed1,reviewer11_experiments/results/elastostatic_core/qpinn_soft_adaptive_fixed_seed1.json,qpinn,soft,adaptive,fixed,1,5,5,0.005,1000,106,1,501,before update 501; after 500 updates,after update 501,5.387836933135986,5.387836933135986,current pre-update objective,False,0.0,1.9137346142216676e-16,,not recorded,80.37966408170846,263.77730766479647,275.75234983001866,2.8429489135742188,2.5448880195617676,0.9312063455581665,-0.031284332275390625,1.2710641622543335,17.981033325195312,1.0,1.0,full weighted physics loss quantum-parameter gradient
core,qpinn_soft_adaptive_fixed_seed1,reviewer11_experiments/results/elastostatic_core/qpinn_soft_adaptive_fixed_seed1.json,qpinn,soft,adaptive,fixed,1,5,5,0.005,1000,106,1,601,before update 601; after 600 updates,after update 601,1.5180416107177734,1.518041655421257,current pre-update objective,False,2.944812707997643e-08,2.0270805122861083e-16,,not recorded,2.526964387930413,3.337770116203682,4.186437431335965,0.22835902869701385,1.2896826267242432,0.6754356026649475,-0.029635148122906685,1.1080210208892822,15.675415992736816,1.0,1.0,full weighted physics loss quantum-parameter gradient
core,qpinn_soft_adaptive_fixed_seed1,reviewer11_experiments/results/elastostatic_core/qpinn_soft_adaptive_fixed_seed1.json,qpinn,soft,adaptive,fixed,1,5,5,0.005,1000,106,1,701,before update 701; after 700 updates,after update 701,0.9801244139671326,0.9801244288682938,current pre-update objective,False,1.5203336183604124e-08,1.4363618561947487e-16,,not recorded,1.8385341445106462,1.6743119501921375,2.486670124300305,0.19264836609363556,0.7874760627746582,0.527774453163147,-0.014176290482282639,1.0160608291625977,14.370675086975098,1.0,1.0,full weighted physics loss quantum-parameter gradient
core,qpinn_soft_adaptive_fixed_seed1,reviewer11_experiments/results/elastostatic_core/qpinn_soft_adaptive_fixed_seed1.json,qpinn,soft,adaptive,fixed,1,5,5,0.005,1000,106,1,801,before update 801; after 800 updates,after update 801,0.6375475525856018,0.637547567486763,current pre-update objective,False,2.3372626536069467e-08,0.0,,not recorded,1.4568949019551463,1.3403681614345162,1.9796791567146026,0.14439548552036285,0.49315208196640015,0.417351096868515,-0.005783235188573599,0.9482508897781372,13.410544395446777,1.0,1.0,full weighted physics loss quantum-parameter gradient
core,qpinn_soft_adaptive_fixed_seed1,reviewer11_experiments/results/elastostatic_core/qpinn_soft_adaptive_fixed_seed1.json,qpinn,soft,adaptive,fixed,1,5,5,0.005,1000,106,1,901,before update 901; after 900 updates,after update 901,0.4182220995426178,0.4182221069931984,current pre-update objective,False,1.7814889438747432e-08,0.0,,not recorded,1.1084507953309641,1.0793237643886033,1.547127323152116,0.10928580909967422,0.30893629789352417,0.330171138048172,-0.003949986305087805,0.8955214619636536,12.664709091186523,1.0,1.0,full weighted physics loss quantum-parameter gradient
core,qpinn_soft_adaptive_fixed_seed1,reviewer11_experiments/results/elastostatic_core/qpinn_soft_adaptive_fixed_seed1.json,qpinn,soft,adaptive,fixed,1,5,5,0.005,1000,106,1,1000,before update 1000; after 999 updates,after update 1000,0.28311219811439514,0.28311219811439514,current pre-update objective,False,0.0,1.5020803935080617e-16,,not recorded,0.8281665555683702,0.8901613890559903,1.2158318725580723,0.08654581010341644,0.1965663880109787,0.2632902264595032,-0.004036915022879839,0.8557268381118774,12.101940155029297,1.0,1.0,full weighted physics loss quantum-parameter gradient
core,qpinn_soft_adaptive_fixed_seed2,reviewer11_experiments/results/elastostatic_core/qpinn_soft_adaptive_fixed_seed2.json,qpinn,soft,adaptive,fixed,2,5,5,0.005,1000,106,1,1,before update 1; after 0 updates,after update 1,1181.2410888671875,1181.2411186397076,current pre-update objective,False,2.5204439293133502e-08,1.170165562686731e-16,,not recorded,0.08164552469347715,0.6839014281504796,0.688757689705704,1181.208984375,0.03213426470756531,1.0104115009307861,0.10532169789075851,0.0007771808304823935,1.4932332038879395,1.0,1.0,full weighted physics loss quantum-parameter gradient
core,qpinn_soft_adaptive_fixed_seed2,reviewer11_experiments/results/elastostatic_core/qpinn_soft_adaptive_fixed_seed2.json,qpinn,soft,adaptive,fixed,2,5,5,0.005,1000,106,1,101,before update 101; after 100 updates,after update 101,104.75370025634766,104.75369954109192,current pre-update objective,False,6.827975866765106e-09,2.0528023142051148e-16,,not recorded,65.26405050513898,116.02851422614256,133.12404892378947,101.82122802734375,2.932471513748169,1.3723076581954956,0.5619345903396606,1.357786774635315,20.789104461669922,1.0,1.0,full weighted physics loss quantum-parameter gradient
core,qpinn_soft_adaptive_fixed_seed2,reviewer11_experiments/results/elastostatic_core/qpinn_soft_adaptive_fixed_seed2.json,qpinn,soft,adaptive,fixed,2,5,5,0.005,1000,106,1,201,before update 201; after 200 updates,after update 201,2.3175060749053955,2.3175060749053955,current pre-update objective,False,0.0,0.0,,not recorded,13.748288914608377,14.306134866843147,19.841394681519965,1.521921157836914,0.7955849170684814,0.523532509803772,-0.02705451473593712,1.016257405281067,14.377167701721191,1.0,1.0,full weighted physics loss quantum-parameter gradient
core,qpinn_soft_adaptive_fixed_seed2,reviewer11_experiments/results/elastostatic_core/qpinn_soft_adaptive_fixed_seed2.json,qpinn,soft,adaptive,fixed,2,5,5,0.005,1000,106,1,301,before update 301; after 300 updates,after update 301,0.1918589174747467,0.1918589249253273,current pre-update objective,False,3.8833640915186204e-08,1.5857343527323756e-16,,not recorded,1.006236688472271,1.337166732718056,1.6734775601469905,0.11719879508018494,0.07466012984514236,0.1602489948272705,0.013133835978806019,0.7940832376480103,11.231575965881348,1.0,1.0,full weighted physics loss quantum-parameter gradient
core,qpinn_soft_adaptive_fixed_seed2,reviewer11_experiments/results/elastostatic_core/qpinn_soft_adaptive_fixed_seed2.json,qpinn,soft,adaptive,fixed,2,5,5,0.005,1000,106,1,401,before update 401; after 400 updates,after update 401,0.09545771777629852,0.09545771777629852,current pre-update objective,False,0.0,0.0,,not recorded,0.6793044507181084,0.8651039103228604,1.0999360492416523,0.06334094703197479,0.03211677074432373,0.1048324704170227,0.006652381271123886,0.7634791731834412,10.797636985778809,1.0,1.0,full weighted physics loss quantum-parameter gradient
core,qpinn_soft_adaptive_fixed_seed2,reviewer11_experiments/results/elastostatic_core/qpinn_soft_adaptive_fixed_seed2.json,qpinn,soft,adaptive,fixed,2,5,5,0.005,1000,106,1,501,before update 501; after 500 updates,after update 501,0.43348851799964905,0.4334885310381651,current pre-update objective,False,3.007811074814518e-08,0.0,,not recorded,15.419539754129566,74.25889412411351,75.84290054293469,0.4209804832935333,0.012508047744631767,0.05486451834440231,0.0043834904208779335,0.7371277809143066,10.424745559692383,1.0,1.0,full weighted physics loss quantum-parameter gradient
core,qpinn_soft_adaptive_fixed_seed2,reviewer11_experiments/results/elastostatic_core/qpinn_soft_adaptive_fixed_seed2.json,qpinn,soft,adaptive,fixed,2,5,5,0.005,1000,106,1,601,before update 601; after 600 updates,after update 601,0.11689817905426025,0.1168981822556816,current pre-update objective,False,2.73864083124792e-08,1.852587694944271e-16,,not recorded,0.33555631355413285,0.6976275981849961,0.7741332606957317,0.11647757887840271,0.0004206033772788942,0.012900955975055695,0.0028349035419523716,0.7013304829597473,9.918392181396484,1.0,1.0,full weighted physics loss quantum-parameter gradient
core,qpinn_soft_adaptive_fixed_seed2,reviewer11_experiments/results/elastostatic_core/qpinn_soft_adaptive_fixed_seed2.json,qpinn,soft,adaptive,fixed,2,5,5,0.005,1000,106,1,701,before update 701; after 700 updates,after update 701,0.09614153206348419,0.09614153043366969,current pre-update objective,False,1.695224187295963e-08,0.0,,not recorded,0.2106520749165576,0.4018817830324654,0.4537436106437253,0.09299177676439285,0.0031497536692768335,0.03335702791810036,0.0023607376497238874,0.6900575160980225,9.758944511413574,1.0,1.0,full weighted physics loss quantum-parameter gradient
core,qpinn_soft_adaptive_fixed_seed2,reviewer11_experiments/results/elastostatic_core/qpinn_soft_adaptive_fixed_seed2.json,qpinn,soft,adaptive,fixed,2,5,5,0.005,1000,106,1,801,before update 801; after 800 updates,after update 801,0.0847843810915947,0.08478438388556242,current pre-update objective,False,3.295380111056287e-08,0.0,,not recorded,0.1568359857112482,0.3478029444574546,0.38152904815661687,0.07988210767507553,0.004902276210486889,0.04123818501830101,0.0012928644428029656,0.6858530640602112,9.699444770812988,1.0,1.0,full weighted physics loss quantum-parameter gradient
core,qpinn_soft_adaptive_fixed_seed2,reviewer11_experiments/results/elastostatic_core/qpinn_soft_adaptive_fixed_seed2.json,qpinn,soft,adaptive,fixed,2,5,5,0.005,1000,106,1,901,before update 901; after 900 updates,after update 901,0.07632995396852493,0.07632995117455721,current pre-update objective,False,3.660381774890816e-08,1.2309415420116872e-16,,not recorded,0.13008111481715023,0.3095482925285822,0.3357696261418434,0.07102798670530319,0.005301964469254017,0.042645521461963654,0.0003883542085532099,0.6851150989532471,9.68899154663086,1.0,1.0,full weighted physics loss quantum-parameter gradient
core,qpinn_soft_adaptive_fixed_seed2,reviewer11_experiments/results/elastostatic_core/qpinn_soft_adaptive_fixed_seed2.json,qpinn,soft,adaptive,fixed,2,5,5,0.005,1000,106,1,1000,before update 1000; after 999 updates,after update 1000,0.06946329027414322,0.06946329027414322,current pre-update objective,False,0.0,0.0,,not recorded,0.1126262003362116,0.27828424007245883,0.30021122443186293,0.06460971385240555,0.004853576421737671,0.040603041648864746,-0.00026477983919903636,0.6861961483955383,9.704279899597168,1.0,1.0,full weighted physics loss quantum-parameter gradient
core,qpinn_soft_uniform_fixed_seed0,reviewer11_experiments/results/elastostatic_core/qpinn_soft_uniform_fixed_seed0.json,qpinn,soft,uniform,fixed,0,5,5,0.005,1000,106,1,1,before update 1; after 0 updates,after update 1,788.4578857421875,788.4578633122146,current pre-update objective,False,2.84479022819659e-08,1.4000194989277206e-16,,not recorded,6.565118605956252,12.645497239400989,14.248136114663243,788.4059448242188,0.05191848799586296,1.0291639566421509,0.1547030508518219,0.00579781923443079,2.194826602935791,1.0,1.0,full weighted physics loss quantum-parameter gradient
core,qpinn_soft_uniform_fixed_seed0,reviewer11_experiments/results/elastostatic_core/qpinn_soft_uniform_fixed_seed0.json,qpinn,soft,uniform,fixed,0,5,5,0.005,1000,106,1,101,before update 101; after 100 updates,after update 101,83.26903533935547,83.26903533935547,current pre-update objective,False,0.0,1.6027848363483443e-16,,not recorded,28.27111742850089,102.71160898262474,106.53136017368634,75.25062561035156,8.018409729003906,1.5766236782073975,0.17645399272441864,1.6548932790756226,23.53704833984375,1.0,1.0,full weighted physics loss quantum-parameter gradient
core,qpinn_soft_uniform_fixed_seed0,reviewer11_experiments/results/elastostatic_core/qpinn_soft_uniform_fixed_seed0.json,qpinn,soft,uniform,fixed,0,5,5,0.005,1000,106,1,201,before update 201; after 200 updates,after update 201,16.940837860107422,16.940837860107422,current pre-update objective,False,0.0,0.0,,not recorded,26.27764779266243,20.070333500860166,33.06558725247393,5.702056884765625,11.238780975341797,2.0099637508392334,0.38109302520751953,1.9358216524124146,27.904706954956055,1.0,1.0,full weighted physics loss quantum-parameter gradient
core,qpinn_soft_uniform_fixed_seed0,reviewer11_experiments/results/elastostatic_core/qpinn_soft_uniform_fixed_seed0.json,qpinn,soft,uniform,fixed,0,5,5,0.005,1000,106,1,301,before update 301; after 300 updates,after update 301,1.5208356380462646,1.5208356082439423,current pre-update objective,False,1.9596017901040735e-08,0.0,,not recorded,3.7699656906538843,4.272700923745282,5.698123769494763,0.2644324004650116,1.2564032077789307,0.666448712348938,0.08987635374069214,1.0949106216430664,15.536713600158691,1.0,1.0,full weighted physics loss quantum-parameter gradient
core,qpinn_soft_uniform_fixed_seed0,reviewer11_experiments/results/elastostatic_core/qpinn_soft_uniform_fixed_seed0.json,qpinn,soft,uniform,fixed,0,5,5,0.005,1000,106,1,401,before update 401; after 400 updates,after update 401,0.4644148349761963,0.4644148275256157,current pre-update objective,False,1.60429427223308e-08,0.0,,not recorded,1.6721130130948976,1.46494959284892,2.2230697780657973,0.08817281574010849,0.3762420117855072,0.362387478351593,0.020274745300412178,0.9140327572822571,12.929570198059082,1.0,1.0,full weighted physics loss quantum-parameter gradient
core,qpinn_soft_uniform_fixed_seed0,reviewer11_experiments/results/elastostatic_core/qpinn_soft_uniform_fixed_seed0.json,qpinn,soft,uniform,fixed,0,5,5,0.005,1000,106,1,501,before update 501; after 500 updates,after update 501,0.21971604228019714,0.21971603482961655,current pre-update objective,False,3.391004370733354e-08,0.0,,not recorded,0.9007225734988338,0.8175708627995559,1.2164387654580777,0.07185208052396774,0.1478639543056488,0.2271694839000702,0.007441575173288584,0.8343053460121155,11.799331665039062,1.0,1.0,full weighted physics loss quantum-parameter gradient
core,qpinn_soft_uniform_fixed_seed0,reviewer11_experiments/results/elastostatic_core/qpinn_soft_uniform_fixed_seed0.json,qpinn,soft,uniform,fixed,0,5,5,0.005,1000,106,1,601,before update 601; after 600 updates,after update 601,0.13386332988739014,0.13386333733797073,current pre-update objective,False,5.56581118108016e-08,1.7679058836339769e-16,,not recorded,0.5368486439896172,0.5829075078522294,0.7924567049776207,0.0679614394903183,0.06590189784765244,0.15167370438575745,0.0035053035244345665,0.7908492088317871,11.184406280517578,1.0,1.0,full weighted physics loss quantum-parameter gradient
core,qpinn_soft_uniform_fixed_seed0,reviewer11_experiments/results/elastostatic_core/qpinn_soft_uniform_fixed_seed0.json,qpinn,soft,uniform,fixed,0,5,5,0.005,1000,106,1,701,before update 701; after 700 updates,after update 701,0.09427514672279358,0.09427515044808388,current pre-update objective,False,3.9515081978186645e-08,0.0,,not recorded,0.34708667352598904,0.47113649759357007,0.5851826708849747,0.0620390921831131,0.03223605826497078,0.10608688741922379,0.0016827938379719853,0.7651182413101196,10.82043170928955,1.0,1.0,full weighted physics loss quantum-parameter gradient
core,qpinn_soft_uniform_fixed_seed0,reviewer11_experiments/results/elastostatic_core/qpinn_soft_uniform_fixed_seed0.json,qpinn,soft,uniform,fixed,0,5,5,0.005,1000,106,1,801,before update 801; after 800 updates,after update 801,0.0713464692234993,0.0713464692234993,current pre-update objective,False,0.0,1.3077755136290148e-16,,not recorded,0.24339697669888855,0.3911431030239737,0.4606897169564155,0.054217252880334854,0.017129216343164444,0.07733495533466339,0.0006927471258677542,0.7491194605827332,10.59415340423584,1.0,1.0,full weighted physics loss quantum-parameter gradient
core,qpinn_soft_uniform_fixed_seed0,reviewer11_experiments/results/elastostatic_core/qpinn_soft_uniform_fixed_seed0.json,qpinn,soft,uniform,fixed,0,5,5,0.005,1000,106,1,901,before update 901; after 900 updates,after update 901,0.056144215166568756,0.056144217029213905,current pre-update objective,False,3.3176082022156514e-08,2.0106046672239532e-16,,not recorded,0.1811375525857761,0.32439959870355434,0.37154530355771137,0.046423133462667465,0.00972108356654644,0.058259278535842896,0.00016492871509399265,0.7386126518249512,10.445560455322266,1.0,1.0,full weighted physics loss quantum-parameter gradient
core,qpinn_soft_uniform_fixed_seed0,reviewer11_experiments/results/elastostatic_core/qpinn_soft_uniform_fixed_seed0.json,qpinn,soft,uniform,fixed,0,5,5,0.005,1000,106,1,1000,before update 1000; after 999 updates,after update 1000,0.04561261087656021,0.04561261273920536,current pre-update objective,False,4.0836186251395324e-08,0.0,,not recorded,0.14121028866309404,0.265282780589961,0.3005250393924868,0.039835844188928604,0.005776768550276756,0.04490825906395912,-7.497018668800592e-05,0.7313145995140076,10.342350959777832,1.0,1.0,full weighted physics loss quantum-parameter gradient
core,qpinn_soft_uniform_fixed_seed1,reviewer11_experiments/results/elastostatic_core/qpinn_soft_uniform_fixed_seed1.json,qpinn,soft,uniform,fixed,1,5,5,0.005,1000,106,1,1,before update 1; after 0 updates,after update 1,787.706787109375,787.7067974805832,current pre-update objective,False,1.3166330700826049e-08,0.0,,not recorded,1.1906280339088648,4.163284751981543,4.3301887997189805,787.218994140625,0.4878033399581909,1.2130306959152222,-0.4744441509246826,0.0056099058128893375,6.726874351501465,1.0,1.0,full weighted physics loss quantum-parameter gradient
core,qpinn_soft_uniform_fixed_seed1,reviewer11_experiments/results/elastostatic_core/qpinn_soft_uniform_fixed_seed1.json,qpinn,soft,uniform,fixed,1,5,5,0.005,1000,106,1,101,before update 101; after 100 updates,after update 101,92.11941528320312,92.11941909790039,current pre-update objective,False,4.1410348686316734e-08,0.0,,not recorded,13.861489460563606,64.5514536326821,66.02295855350336,85.8988037109375,6.220615386962891,1.3682292699813843,0.10968461632728577,1.5214331150054932,21.57243537902832,1.0,1.0,full weighted physics loss quantum-parameter gradient
core,qpinn_soft_uniform_fixed_seed1,reviewer11_experiments/results/elastostatic_core/qpinn_soft_uniform_fixed_seed1.json,qpinn,soft,uniform,fixed,1,5,5,0.005,1000,106,1,201,before update 201; after 200 updates,after update 201,30.539737701416016,30.539737701416016,current pre-update objective,False,0.0,0.0,,not recorded,16.359437551815038,24.43841120523213,29.408623552416582,17.344194412231445,13.19554328918457,2.1586341857910156,0.24736332893371582,2.0638136863708496,29.396671295166016,1.0,1.0,full weighted physics loss quantum-parameter gradient
core,qpinn_soft_uniform_fixed_seed1,reviewer11_experiments/results/elastostatic_core/qpinn_soft_uniform_fixed_seed1.json,qpinn,soft,uniform,fixed,1,5,5,0.005,1000,106,1,301,before update 301; after 300 updates,after update 301,6.413029670715332,6.413029432296753,current pre-update objective,False,3.71772144124461e-08,0.0,,not recorded,6.975287434796947,14.255907973405435,15.87090252456491,1.2462232112884521,5.166806221008301,1.3553907871246338,0.2114914208650589,1.527175784111023,21.804670333862305,1.0,1.0,full weighted physics loss quantum-parameter gradient
core,qpinn_soft_uniform_fixed_seed1,reviewer11_experiments/results/elastostatic_core/qpinn_soft_uniform_fixed_seed1.json,qpinn,soft,uniform,fixed,1,5,5,0.005,1000,106,1,401,before update 401; after 400 updates,after update 401,2.569108009338379,2.569108009338379,current pre-update objective,False,0.0,1.8876435193597746e-16,,not recorded,2.44705347320087,3.5822928894647768,4.338305319662776,0.5160417556762695,2.0530662536621094,0.8475874662399292,-0.011450862511992455,1.2181035280227661,17.22735023498535,1.0,1.0,full weighted physics loss quantum-parameter gradient
core,qpinn_soft_uniform_fixed_seed1,reviewer11_experiments/results/elastostatic_core/qpinn_soft_uniform_fixed_seed1.json,qpinn,soft,uniform,fixed,1,5,5,0.005,1000,106,1,501,before update 501; after 500 updates,after update 501,1.4838706254959106,1.4838706254959106,current pre-update objective,False,0.0,1.6601678283001941e-16,,not recorded,2.1538817319556034,2.4618400698323013,3.2710645124613453,0.2859363555908203,1.1979342699050903,0.6479302644729614,-0.020109299570322037,1.090666651725769,15.42699146270752,1.0,1.0,full weighted physics loss quantum-parameter gradient
core,qpinn_soft_uniform_fixed_seed1,reviewer11_experiments/results/elastostatic_core/qpinn_soft_uniform_fixed_seed1.json,qpinn,soft,uniform,fixed,1,5,5,0.005,1000,106,1,601,before update 601; after 600 updates,after update 601,0.8159149289131165,0.8159149140119553,current pre-update objective,False,1.8263130953735032e-08,1.6332276538322826e-16,,not recorded,1.6218502403263575,1.6756433740372652,2.331990334242759,0.15738175809383392,0.6585331559181213,0.4805203378200531,-0.01775684580206871,0.9863028526306152,13.950700759887695,1.0,1.0,full weighted physics loss quantum-parameter gradient
core,qpinn_soft_uniform_fixed_seed1,reviewer11_experiments/results/elastostatic_core/qpinn_soft_uniform_fixed_seed1.json,qpinn,soft,uniform,fixed,1,5,5,0.005,1000,106,1,701,before update 701; after 700 updates,after update 701,0.4581434726715088,0.4581434577703476,current pre-update objective,False,3.252509766636327e-08,0.0,,not recorded,1.1115155509388377,1.1773807172863069,1.6191640353640784,0.09830884635448456,0.35983461141586304,0.35545292496681213,-0.016409916803240776,0.9100738763809204,12.872490882873535,1.0,1.0,full weighted physics loss quantum-parameter gradient
core,qpinn_soft_uniform_fixed_seed1,reviewer11_experiments/results/elastostatic_core/qpinn_soft_uniform_fixed_seed1.json,qpinn,soft,uniform,fixed,1,5,5,0.005,1000,106,1,801,before update 801; after 800 updates,after update 801,0.26990705728530884,0.26990706473588943,current pre-update objective,False,2.760424446175353e-08,0.0,,not recorded,0.7542292253117598,0.8677264088526777,1.1497003283180978,0.06783289462327957,0.20207417011260986,0.2664749026298523,-0.013346460647881031,0.857126772403717,12.123080253601074,1.0,1.0,full weighted physics loss quantum-parameter gradient
core,qpinn_soft_uniform_fixed_seed1,reviewer11_experiments/results/elastostatic_core/qpinn_soft_uniform_fixed_seed1.json,qpinn,soft,uniform,fixed,1,5,5,0.005,1000,106,1,901,before update 901; after 900 updates,after update 901,0.16577337682247162,0.16577337309718132,current pre-update objective,False,2.2472186848503212e-08,0.0,,not recorded,0.5232899220460142,0.659516814826237,0.8418995020508496,0.0495574064552784,0.11621596664190292,0.2020738571882248,-0.00985713955014944,0.8196203112602234,11.592022895812988,1.0,1.0,full weighted physics loss quantum-parameter gradient
core,qpinn_soft_uniform_fixed_seed1,reviewer11_experiments/results/elastostatic_core/qpinn_soft_uniform_fixed_seed1.json,qpinn,soft,uniform,fixed,1,5,5,0.005,1000,106,1,1000,before update 1000; after 999 updates,after update 1000,0.10573238134384155,0.10573237761855125,current pre-update objective,False,3.523320151418207e-08,0.0,,not recorded,0.3749732353515859,0.5065017787897895,0.6301975715180571,0.03786292299628258,0.06786945462226868,0.15437431633472443,-0.006901375483721495,0.7923219203948975,11.205551147460938,1.0,1.0,full weighted physics loss quantum-parameter gradient
core,qpinn_soft_uniform_fixed_seed2,reviewer11_experiments/results/elastostatic_core/qpinn_soft_uniform_fixed_seed2.json,qpinn,soft,uniform,fixed,2,5,5,0.005,1000,106,1,1,before update 1; after 0 updates,after update 1,787.098388671875,787.0984184443951,current pre-update objective,False,3.782566368783895e-08,0.0,,not recorded,0.09102714799012461,0.6764410215641758,0.6825382021000743,787.0662841796875,0.03213426470756531,1.0104358196258545,0.10467217862606049,0.0006267288699746132,1.4840106964111328,1.0,1.0,full weighted physics loss quantum-parameter gradient
core,qpinn_soft_uniform_fixed_seed2,reviewer11_experiments/results/elastostatic_core/qpinn_soft_uniform_fixed_seed2.json,qpinn,soft,uniform,fixed,2,5,5,0.005,1000,106,1,101,before update 101; after 100 updates,after update 101,71.36326599121094,71.36326622962952,current pre-update objective,False,3.340914614731757e-09,1.4968954117228015e-16,,not recorded,56.49353979963653,94.65847434327385,110.23496180472577,68.12505340576172,3.238212823867798,0.9263800382614136,-0.0915297120809555,1.226343035697937,17.39158821105957,1.0,1.0,full weighted physics loss quantum-parameter gradient
core,qpinn_soft_uniform_fixed_seed2,reviewer11_experiments/results/elastostatic_core/qpinn_soft_uniform_fixed_seed2.json,qpinn,soft,uniform,fixed,2,5,5,0.005,1000,106,1,201,before update 201; after 200 updates,after update 201,0.9095783829689026,0.9095783829689026,current pre-update objective,False,0.0,0.0,,not recorded,3.7409501598209696,10.728465905569028,11.361984368288033,0.685573399066925,0.22400498390197754,0.2888285219669342,0.08841545879840851,0.8525722622871399,12.122176170349121,1.0,1.0,full weighted physics loss quantum-parameter gradient
core,qpinn_soft_uniform_fixed_seed2,reviewer11_experiments/results/elastostatic_core/qpinn_soft_uniform_fixed_seed2.json,qpinn,soft,uniform,fixed,2,5,5,0.005,1000,106,1,301,before update 301; after 300 updates,after update 301,0.09688457101583481,0.09688457101583481,current pre-update objective,False,0.0,0.0,,not recorded,0.7534705040104137,1.020107617756402,1.2682024097983524,0.09007281810045242,0.006811752915382385,0.048417653888463974,0.005164060741662979,0.7329550385475159,10.365808486938477,1.0,1.0,full weighted physics loss quantum-parameter gradient
core,qpinn_soft_uniform_fixed_seed2,reviewer11_experiments/results/elastostatic_core/qpinn_soft_uniform_fixed_seed2.json,qpinn,soft,uniform,fixed,2,5,5,0.005,1000,106,1,401,before update 401; after 400 updates,after update 401,0.05137348175048828,0.05137348004609521,current pre-update objective,False,3.3176514673472916e-08,1.2545375771306146e-16,,not recorded,0.2631393169489084,0.38987072801083283,0.4703631412898282,0.051360614597797394,1.2865448297816329e-05,0.004735725466161966,0.003113599494099617,0.7077832221984863,10.009664535522461,1.0,1.0,full weighted physics loss quantum-parameter gradient
core,qpinn_soft_uniform_fixed_seed2,reviewer11_experiments/results/elastostatic_core/qpinn_soft_uniform_fixed_seed2.json,qpinn,soft,uniform,fixed,2,5,5,0.005,1000,106,1,501,before update 501; after 500 updates,after update 501,0.04398477077484131,0.04398476949427277,current pre-update objective,False,2.9113907326050016e-08,1.5819392031507245e-16,,not recorded,0.09771624213946228,0.18524241092050206,0.20943546686628356,0.043308209627866745,0.0006765598664060235,0.01587659865617752,0.0020155170932412148,0.6988471150398254,9.883232116699219,1.0,1.0,full weighted physics loss quantum-parameter gradient
core,qpinn_soft_uniform_fixed_seed2,reviewer11_experiments/results/elastostatic_core/qpinn_soft_uniform_fixed_seed2.json,qpinn,soft,uniform,fixed,2,5,5,0.005,1000,106,1,601,before update 601; after 600 updates,after update 601,0.04214092716574669,0.04214092856273055,current pre-update objective,False,3.315028665881631e-08,1.5768008754371933e-16,,not recorded,0.05242737791794073,0.1387603908094918,0.1483343386170359,0.04095787554979324,0.0011830530129373074,0.02062494307756424,0.00163304153829813,0.696260392665863,9.846635818481445,1.0,1.0,full weighted physics loss quantum-parameter gradient
core,qpinn_soft_uniform_fixed_seed2,reviewer11_experiments/results/elastostatic_core/qpinn_soft_uniform_fixed_seed2.json,qpinn,soft,uniform,fixed,2,5,5,0.005,1000,106,1,701,before update 701; after 700 updates,after update 701,0.041007235646247864,0.041007233783602715,current pre-update objective,False,4.5422353393903737e-08,2.0779297311655633e-16,,not recorded,0.04572640910213239,0.12085424060028344,0.12921552522993038,0.03978155553340912,0.0012256782501935959,0.020931478589773178,0.0014981369022279978,0.696084201335907,9.84414005279541,1.0,1.0,full weighted physics loss quantum-parameter gradient
core,qpinn_soft_uniform_fixed_seed2,reviewer11_experiments/results/elastostatic_core/qpinn_soft_uniform_fixed_seed2.json,qpinn,soft,uniform,fixed,2,5,5,0.005,1000,106,1,801,before update 801; after 800 updates,after update 801,0.03997386619448662,0.03997386631090194,current pre-update objective,False,2.9122857649420127e-09,1.257627103581713e-16,,not recorded,0.04360341605327716,0.10905212331811137,0.11744625788718752,0.03888637572526932,0.0010874905856326222,0.019714010879397392,0.0014396971091628075,0.6967243552207947,9.853191375732422,1.0,1.0,full weighted physics loss quantum-parameter gradient
core,qpinn_soft_uniform_fixed_seed2,reviewer11_experiments/results/elastostatic_core/qpinn_soft_uniform_fixed_seed2.json,qpinn,soft,uniform,fixed,2,5,5,0.005,1000,106,1,901,before update 901; after 900 updates,after update 901,0.0389917716383934,0.038991769892163575,current pre-update objective,False,4.4784572591325654e-08,1.406809666639235e-16,,not recorded,0.039383281206801846,0.10382610957409075,0.11104460305618248,0.0380789116024971,0.0009128582896664739,0.01807522587478161,0.0013989832950755954,0.6975909471511841,9.865446090698242,1.0,1.0,full weighted physics loss quantum-parameter gradient
core,qpinn_soft_uniform_fixed_seed2,reviewer11_experiments/results/elastostatic_core/qpinn_soft_uniform_fixed_seed2.json,qpinn,soft,uniform,fixed,2,5,5,0.005,1000,106,1,1000,before update 1000; after 999 updates,after update 1000,0.038072843104600906,0.038072844850830734,current pre-update objective,False,4.586549374615278e-08,1.7419439768548849e-16,,not recorded,0.03749292270338868,0.09248151126412288,0.09979253067508793,0.03732427582144737,0.0007485690293833613,0.016385983675718307,0.001359379617497325,0.6984860301017761,9.878103256225586,1.0,1.0,full weighted physics loss quantum-parameter gradient
core,qpinn_soft_uniform_gradnorm_seed0,reviewer11_experiments/results/elastostatic_core/qpinn_soft_uniform_gradnorm_seed0.json,qpinn,soft,uniform,gradnorm,0,5,5,0.005,1000,106,1,1,before update 1; after 0 updates,after update 1,788.4578857421875,788.4578633122146,current pre-update objective,False,2.84479022819659e-08,1.4000194989277206e-16,,not recorded,6.565118605956252,12.645497239400989,14.248136114663243,788.4059448242188,0.05191848799586296,1.0291639566421509,0.1547030508518219,0.00579781923443079,2.194826602935791,1.0,1.0,full weighted physics loss quantum-parameter gradient
core,qpinn_soft_uniform_gradnorm_seed0,reviewer11_experiments/results/elastostatic_core/qpinn_soft_uniform_gradnorm_seed0.json,qpinn,soft,uniform,gradnorm,0,5,5,0.005,1000,106,1,101,before update 101; after 100 updates,after update 101,83.26903533935547,83.26903533935547,current pre-update objective,False,0.0,1.6027848363483443e-16,,not recorded,28.27111742850089,102.71160898262474,106.53136017368634,75.25062561035156,8.018409729003906,1.5766236782073975,0.17645399272441864,1.6548932790756226,23.53704833984375,1.0,1.0,full weighted physics loss quantum-parameter gradient
core,qpinn_soft_uniform_gradnorm_seed0,reviewer11_experiments/results/elastostatic_core/qpinn_soft_uniform_gradnorm_seed0.json,qpinn,soft,uniform,gradnorm,0,5,5,0.005,1000,106,1,201,before update 201; after 200 updates,after update 201,16.940837860107422,16.940837860107422,current pre-update objective,False,0.0,0.0,,not recorded,26.27764779266243,20.070333500860166,33.06558725247393,5.702056884765625,11.238780975341797,2.0099637508392334,0.38109302520751953,1.9358216524124146,27.904706954956055,1.0,1.0,full weighted physics loss quantum-parameter gradient
core,qpinn_soft_uniform_gradnorm_seed0,reviewer11_experiments/results/elastostatic_core/qpinn_soft_uniform_gradnorm_seed0.json,qpinn,soft,uniform,gradnorm,0,5,5,0.005,1000,106,1,301,before update 301; after 300 updates,after update 301,1.5208356380462646,1.5208356082439423,current pre-update objective,False,1.9596017901040735e-08,0.0,,not recorded,3.7699656906538843,4.272700923745282,5.698123769494763,0.2644324004650116,1.2564032077789307,0.666448712348938,0.08987635374069214,1.0949106216430664,15.536713600158691,1.0,1.0,full weighted physics loss quantum-parameter gradient
core,qpinn_soft_uniform_gradnorm_seed0,reviewer11_experiments/results/elastostatic_core/qpinn_soft_uniform_gradnorm_seed0.json,qpinn,soft,uniform,gradnorm,0,5,5,0.005,1000,106,1,401,before update 401; after 400 updates,after update 401,0.4644148349761963,0.4644148275256157,current pre-update objective,False,1.60429427223308e-08,0.0,,not recorded,1.6721130130948976,1.46494959284892,2.2230697780657973,0.08817281574010849,0.3762420117855072,0.362387478351593,0.020274745300412178,0.9140327572822571,12.929570198059082,1.0,1.0,full weighted physics loss quantum-parameter gradient
core,qpinn_soft_uniform_gradnorm_seed0,reviewer11_experiments/results/elastostatic_core/qpinn_soft_uniform_gradnorm_seed0.json,qpinn,soft,uniform,gradnorm,0,5,5,0.005,1000,106,1,501,before update 501; after 500 updates,after update 501,0.22104579210281372,0.21966848579904574,previous iteration (archived stale-variable branch),True,0.006230864160161708,1.5006182370300793e-16,,not recorded,0.898816079716471,0.8196445302320029,1.2164240630208392,0.07185208052396774,0.1478639543056488,0.22717151045799255,0.00744229881092906,0.8343064785003662,11.799346923828125,1.000627075345456,0.9993737101160186,full weighted physics loss quantum-parameter gradient
core,qpinn_soft_uniform_gradnorm_seed0,reviewer11_experiments/results/elastostatic_core/qpinn_soft_uniform_gradnorm_seed0.json,qpinn,soft,uniform,gradnorm,0,5,5,0.005,1000,106,1,601,before update 601; after 600 updates,after update 601,0.1338854283094406,0.13388542577613194,current pre-update objective,False,1.892146670428877e-08,0.0,,not recorded,0.5358200248895121,0.5842714238136343,0.7927649057304497,0.06792648881673813,0.06595765054225922,0.15173929929733276,0.003509611589834094,0.7908862829208374,11.184931755065918,1.000627075345456,0.9993737101160186,full weighted physics loss quantum-parameter gradient
core,qpinn_soft_uniform_gradnorm_seed0,reviewer11_experiments/results/elastostatic_core/qpinn_soft_uniform_gradnorm_seed0.json,qpinn,soft,uniform,gradnorm,0,5,5,0.005,1000,106,1,701,before update 701; after 700 updates,after update 701,0.09430573880672455,0.09430573863680121,current pre-update objective,False,1.8018345589389345e-09,0.0,,not recorded,0.34713351942937115,0.471088133590961,0.5851715217965043,0.06200770288705826,0.0322793684899807,0.10615848004817963,0.0016855457797646523,0.765158474445343,10.821001052856445,1.000627075345456,0.9993737101160186,full weighted physics loss quantum-parameter gradient
core,qpinn_soft_uniform_gradnorm_seed0,reviewer11_experiments/results/elastostatic_core/qpinn_soft_uniform_gradnorm_seed0.json,qpinn,soft,uniform,gradnorm,0,5,5,0.005,1000,106,1,801,before update 801; after 800 updates,after update 801,0.07137152552604675,0.0713715290353244,current pre-update objective,False,4.9169153213953185e-08,1.3017194559710765e-16,,not recorded,0.241997717385911,0.39326773599667564,0.46176011888852225,0.05419239029288292,0.017155900597572327,0.07739658653736115,0.0006934967823326588,0.7491537928581238,10.59463882446289,1.000627075345456,0.9993737101160186,full weighted physics loss quantum-parameter gradient
core,qpinn_soft_uniform_gradnorm_seed0,reviewer11_experiments/results/elastostatic_core/qpinn_soft_uniform_gradnorm_seed0.json,qpinn,soft,uniform,gradnorm,0,5,5,0.005,1000,106,1,901,before update 901; after 900 updates,after update 901,0.056163351982831955,0.05616335569540005,current pre-update objective,False,6.610303190149739e-08,0.0,,not recorded,0.18338705656470736,0.3214904510131903,0.3701174443445373,0.04640164226293564,0.00973871536552906,0.058311957865953445,0.00016646597941871732,0.7386420965194702,10.445977210998535,1.000627075345456,0.9993737101160186,full weighted physics loss quantum-parameter gradient
core,qpinn_soft_uniform_gradnorm_seed0,reviewer11_experiments/results/elastostatic_core/qpinn_soft_uniform_gradnorm_seed0.json,qpinn,soft,uniform,gradnorm,0,5,5,0.005,1000,106,1,1000,before update 1000; after 999 updates,after update 1000,0.045628033578395844,0.04562803484641071,current pre-update objective,False,2.7790258138137388e-08,1.5009909673229359e-16,,not recorded,0.13879925524819786,0.27054070036001154,0.30406825518087205,0.03981946036219597,0.005787229165434837,0.04495039954781532,-7.310079672606662e-05,0.7313376069068909,10.34267520904541,1.000627075345456,0.9993737101160186,full weighted physics loss quantum-parameter gradient
core,qpinn_soft_uniform_gradnorm_seed1,reviewer11_experiments/results/elastostatic_core/qpinn_soft_uniform_gradnorm_seed1.json,qpinn,soft,uniform,gradnorm,1,5,5,0.005,1000,106,1,1,before update 1; after 0 updates,after update 1,787.706787109375,787.7067974805832,current pre-update objective,False,1.3166330700826049e-08,0.0,,not recorded,1.1906280339088648,4.163284751981543,4.3301887997189805,787.218994140625,0.4878033399581909,1.2130306959152222,-0.4744441509246826,0.0056099058128893375,6.726874351501465,1.0,1.0,full weighted physics loss quantum-parameter gradient
core,qpinn_soft_uniform_gradnorm_seed1,reviewer11_experiments/results/elastostatic_core/qpinn_soft_uniform_gradnorm_seed1.json,qpinn,soft,uniform,gradnorm,1,5,5,0.005,1000,106,1,101,before update 101; after 100 updates,after update 101,92.11941528320312,92.11941909790039,current pre-update objective,False,4.1410348686316734e-08,0.0,,not recorded,13.861489460563606,64.5514536326821,66.02295855350336,85.8988037109375,6.220615386962891,1.3682292699813843,0.10968461632728577,1.5214331150054932,21.57243537902832,1.0,1.0,full weighted physics loss quantum-parameter gradient
core,qpinn_soft_uniform_gradnorm_seed1,reviewer11_experiments/results/elastostatic_core/qpinn_soft_uniform_gradnorm_seed1.json,qpinn,soft,uniform,gradnorm,1,5,5,0.005,1000,106,1,201,before update 201; after 200 updates,after update 201,30.539737701416016,30.539737701416016,current pre-update objective,False,0.0,0.0,,not recorded,16.359437551815038,24.43841120523213,29.408623552416582,17.344194412231445,13.19554328918457,2.1586341857910156,0.24736332893371582,2.0638136863708496,29.396671295166016,1.0,1.0,full weighted physics loss quantum-parameter gradient
core,qpinn_soft_uniform_gradnorm_seed1,reviewer11_experiments/results/elastostatic_core/qpinn_soft_uniform_gradnorm_seed1.json,qpinn,soft,uniform,gradnorm,1,5,5,0.005,1000,106,1,301,before update 301; after 300 updates,after update 301,6.413029670715332,6.413029432296753,current pre-update objective,False,3.71772144124461e-08,0.0,,not recorded,6.975287434796947,14.255907973405435,15.87090252456491,1.2462232112884521,5.166806221008301,1.3553907871246338,0.2114914208650589,1.527175784111023,21.804670333862305,1.0,1.0,full weighted physics loss quantum-parameter gradient
core,qpinn_soft_uniform_gradnorm_seed1,reviewer11_experiments/results/elastostatic_core/qpinn_soft_uniform_gradnorm_seed1.json,qpinn,soft,uniform,gradnorm,1,5,5,0.005,1000,106,1,401,before update 401; after 400 updates,after update 401,2.569108009338379,2.569108009338379,current pre-update objective,False,0.0,1.8876435193597746e-16,,not recorded,2.44705347320087,3.5822928894647768,4.338305319662776,0.5160417556762695,2.0530662536621094,0.8475874662399292,-0.011450862511992455,1.2181035280227661,17.22735023498535,1.0,1.0,full weighted physics loss quantum-parameter gradient
core,qpinn_soft_uniform_gradnorm_seed1,reviewer11_experiments/results/elastostatic_core/qpinn_soft_uniform_gradnorm_seed1.json,qpinn,soft,uniform,gradnorm,1,5,5,0.005,1000,106,1,501,before update 501; after 500 updates,after update 501,1.4925694465637207,1.4965302960107796,previous iteration (archived stale-variable branch),True,0.0026466884483508967,0.0,,not recorded,2.18975528020269,2.4182375599130923,3.2623459478341634,0.2859363555908203,1.1979342699050903,0.6478988528251648,-0.02011968567967415,1.0906482934951782,15.426733016967773,0.9866032185981394,1.0137656111690254,full weighted physics loss quantum-parameter gradient
core,qpinn_soft_uniform_gradnorm_seed1,reviewer11_experiments/results/elastostatic_core/qpinn_soft_uniform_gradnorm_seed1.json,qpinn,soft,uniform,gradnorm,1,5,5,0.005,1000,106,1,601,before update 601; after 600 updates,after update 601,0.8190366625785828,0.8190366796588398,current pre-update objective,False,2.0854080666644124e-08,1.6128737208226436e-16,,not recorded,1.6320691606531226,1.686166419277918,2.3466586753628023,0.1609019786119461,0.6513243913650513,0.4778369069099426,-0.017611302435398102,0.9846464991569519,13.927241325378418,0.9866032185981394,1.0137656111690254,full weighted physics loss quantum-parameter gradient
core,qpinn_soft_uniform_gradnorm_seed1,reviewer11_experiments/results/elastostatic_core/qpinn_soft_uniform_gradnorm_seed1.json,qpinn,soft,uniform,gradnorm,1,5,5,0.005,1000,106,1,701,before update 701; after 700 updates,after update 701,0.45782166719436646,0.4578216777165774,current pre-update objective,False,2.298320819663466e-08,0.0,,not recorded,1.1146994191358652,1.1816047526419835,1.624421308185767,0.10053113102912903,0.3537675142288208,0.3524166941642761,-0.01629689335823059,0.90824294090271,12.846573829650879,0.9866032185981394,1.0137656111690254,full weighted physics loss quantum-parameter gradient
core,qpinn_soft_uniform_gradnorm_seed1,reviewer11_experiments/results/elastostatic_core/qpinn_soft_uniform_gradnorm_seed1.json,qpinn,soft,uniform,gradnorm,1,5,5,0.005,1000,106,1,801,before update 801; after 800 updates,after update 801,0.26872313022613525,0.26872312871903176,current pre-update objective,False,5.608387697357156e-09,1.674043715601644e-16,,not recorded,0.7537834778333522,0.8707509185216457,1.1516929684429065,0.06922402232885361,0.1977049559354782,0.26356035470962524,-0.013233502395451069,0.8554068207740784,12.098733901977539,0.9866032185981394,1.0137656111690254,full weighted physics loss quantum-parameter gradient
core,qpinn_soft_uniform_gradnorm_seed1,reviewer11_experiments/results/elastostatic_core/qpinn_soft_uniform_gradnorm_seed1.json,qpinn,soft,uniform,gradnorm,1,5,5,0.005,1000,106,1,901,before update 901; after 900 updates,after update 901,0.16449801623821259,0.16449802068277392,current pre-update objective,False,2.7018935009904903e-08,0.0,,not recorded,0.5217412620280282,0.6608546125839974,0.8419873891431776,0.05039338767528534,0.1132211834192276,0.19944003224372864,-0.009758955799043179,0.8180938363075256,11.570422172546387,0.9866032185981394,1.0137656111690254,full weighted physics loss quantum-parameter gradient
core,qpinn_soft_uniform_gradnorm_seed1,reviewer11_experiments/results/elastostatic_core/qpinn_soft_uniform_gradnorm_seed1.json,qpinn,soft,uniform,gradnorm,1,5,5,0.005,1000,106,1,1000,before update 1000; after 999 updates,after update 1000,0.10459169745445251,0.10459170485960083,current pre-update objective,False,7.080053168583897e-08,0.0,,not recorded,0.3732011695946631,0.5063991689156304,0.6290621839415128,0.03833369165658951,0.06586489081382751,0.1520671546459198,-0.006819902919232845,0.7910052537918091,11.186921119689941,0.9866032185981394,1.0137656111690254,full weighted physics loss quantum-parameter gradient
core,qpinn_soft_uniform_gradnorm_seed2,reviewer11_experiments/results/elastostatic_core/qpinn_soft_uniform_gradnorm_seed2.json,qpinn,soft,uniform,gradnorm,2,5,5,0.005,1000,106,1,1,before update 1; after 0 updates,after update 1,787.098388671875,787.0984184443951,current pre-update objective,False,3.782566368783895e-08,0.0,,not recorded,0.09102714799012461,0.6764410215641758,0.6825382021000743,787.0662841796875,0.03213426470756531,1.0104358196258545,0.10467217862606049,0.0006267288699746132,1.4840106964111328,1.0,1.0,full weighted physics loss quantum-parameter gradient
core,qpinn_soft_uniform_gradnorm_seed2,reviewer11_experiments/results/elastostatic_core/qpinn_soft_uniform_gradnorm_seed2.json,qpinn,soft,uniform,gradnorm,2,5,5,0.005,1000,106,1,101,before update 101; after 100 updates,after update 101,71.36326599121094,71.36326622962952,current pre-update objective,False,3.340914614731757e-09,1.4968954117228015e-16,,not recorded,56.49353979963653,94.65847434327385,110.23496180472577,68.12505340576172,3.238212823867798,0.9263800382614136,-0.0915297120809555,1.226343035697937,17.39158821105957,1.0,1.0,full weighted physics loss quantum-parameter gradient
core,qpinn_soft_uniform_gradnorm_seed2,reviewer11_experiments/results/elastostatic_core/qpinn_soft_uniform_gradnorm_seed2.json,qpinn,soft,uniform,gradnorm,2,5,5,0.005,1000,106,1,201,before update 201; after 200 updates,after update 201,0.9095783829689026,0.9095783829689026,current pre-update objective,False,0.0,0.0,,not recorded,3.7409501598209696,10.728465905569028,11.361984368288033,0.685573399066925,0.22400498390197754,0.2888285219669342,0.08841545879840851,0.8525722622871399,12.122176170349121,1.0,1.0,full weighted physics loss quantum-parameter gradient
core,qpinn_soft_uniform_gradnorm_seed2,reviewer11_experiments/results/elastostatic_core/qpinn_soft_uniform_gradnorm_seed2.json,qpinn,soft,uniform,gradnorm,2,5,5,0.005,1000,106,1,301,before update 301; after 300 updates,after update 301,0.09688457101583481,0.09688457101583481,current pre-update objective,False,0.0,0.0,,not recorded,0.7534705040104137,1.020107617756402,1.2682024097983524,0.09007281810045242,0.006811752915382385,0.048417653888463974,0.005164060741662979,0.7329550385475159,10.365808486938477,1.0,1.0,full weighted physics loss quantum-parameter gradient
core,qpinn_soft_uniform_gradnorm_seed2,reviewer11_experiments/results/elastostatic_core/qpinn_soft_uniform_gradnorm_seed2.json,qpinn,soft,uniform,gradnorm,2,5,5,0.005,1000,106,1,401,before update 401; after 400 updates,after update 401,0.05137348175048828,0.05137348004609521,current pre-update objective,False,3.3176514673472916e-08,1.2545375771306146e-16,,not recorded,0.2631393169489084,0.38987072801083283,0.4703631412898282,0.051360614597797394,1.2865448297816329e-05,0.004735725466161966,0.003113599494099617,0.7077832221984863,10.009664535522461,1.0,1.0,full weighted physics loss quantum-parameter gradient
core,qpinn_soft_uniform_gradnorm_seed2,reviewer11_experiments/results/elastostatic_core/qpinn_soft_uniform_gradnorm_seed2.json,qpinn,soft,uniform,gradnorm,2,5,5,0.005,1000,106,1,501,before update 501; after 500 updates,after update 501,0.04401496425271034,0.03996232792357121,previous iteration (archived stale-variable branch),True,0.09207405703821692,0.0,,not recorded,0.09010948327499628,0.17494051734601174,0.19678390072710997,0.043308209627866745,0.0006765598664060235,0.015852300450205803,0.002014587167650461,0.6988599300384521,9.883414268493652,0.9052953970344766,1.1168340470343352,full weighted physics loss quantum-parameter gradient
core,qpinn_soft_uniform_gradnorm_seed2,reviewer11_experiments/results/elastostatic_core/qpinn_soft_uniform_gradnorm_seed2.json,qpinn,soft,uniform,gradnorm,2,5,5,0.005,1000,106,1,601,before update 601; after 600 updates,after update 601,0.038474954664707184,0.03847495433870968,current pre-update objective,False,8.472979620327672e-09,0.0,,not recorded,0.05008715135113115,0.1287523479727033,0.1381516914082314,0.04134508967399597,0.0009360701078549027,0.018329376354813576,0.0013592421310022473,0.6974644064903259,9.863655090332031,0.9052953970344766,1.1168340470343352,full weighted physics loss quantum-parameter gradient
core,qpinn_soft_uniform_gradnorm_seed2,reviewer11_experiments/results/elastostatic_core/qpinn_soft_uniform_gradnorm_seed2.json,qpinn,soft,uniform,gradnorm,2,5,5,0.005,1000,106,1,701,before update 701; after 700 updates,after update 701,0.0374668650329113,0.03746686482902748,current pre-update objective,False,5.441710144961578e-09,1.121289704590164e-16,,not recorded,0.043368774655264675,0.11657588471673647,0.12438162047742005,0.04025968536734581,0.0009132574195973575,0.018071245402097702,0.0012926888884976506,0.6975945830345154,9.865493774414062,0.9052953970344766,1.1168340470343352,full weighted physics loss quantum-parameter gradient
core,qpinn_soft_uniform_gradnorm_seed2,reviewer11_experiments/results/elastostatic_core/qpinn_soft_uniform_gradnorm_seed2.json,qpinn,soft,uniform,gradnorm,2,5,5,0.005,1000,106,1,801,before update 801; after 800 updates,after update 801,0.036536891013383865,0.03653689120144698,current pre-update objective,False,5.14721169505433e-09,0.0,,not recorded,0.03998367561171872,0.1084009029303593,0.11553982028521738,0.0393744520843029,0.0007981319795362651,0.016897473484277725,0.0012614121660590172,0.6982148289680481,9.87426471710205,0.9052953970344766,1.1168340470343352,full weighted physics loss quantum-parameter gradient
core,qpinn_soft_uniform_gradnorm_seed2,reviewer11_experiments/results/elastostatic_core/qpinn_soft_uniform_gradnorm_seed2.json,qpinn,soft,uniform,gradnorm,2,5,5,0.005,1000,106,1,901,before update 901; after 900 updates,after update 901,0.03565184026956558,0.035651840276139726,current pre-update objective,False,1.8439844776692324e-10,0.0,,not recorded,0.037412264421558455,0.0987766218646789,0.10562432748257558,0.03855503350496292,0.0006698810029774904,0.015495138242840767,0.0012354969512671232,0.6989578604698181,9.884772300720215,0.9052953970344766,1.1168340470343352,full weighted physics loss quantum-parameter gradient
core,qpinn_soft_uniform_gradnorm_seed2,reviewer11_experiments/results/elastostatic_core/qpinn_soft_uniform_gradnorm_seed2.json,qpinn,soft,uniform,gradnorm,2,5,5,0.005,1000,106,1,1000,before update 1000; after 999 updates,after update 1000,0.03482445701956749,0.034824459280875374,current pre-update objective,False,6.493447222714877e-08,0.0,,not recorded,0.034701457943043905,0.09136200904908917,0.09773028128916184,0.03778624162077904,0.0005522294668480754,0.014086825773119926,0.0012081156019121408,0.6997048854827881,9.895336151123047,0.9052953970344766,1.1168340470343352,full weighted physics loss quantum-parameter gradient
sensitivity,q2_seed0,reviewer11_experiments/results/sensitivity/q2_seed0.json,qpinn,hard,uniform,fixed,0,2,5,0.005,500,55,1,1,before update 1; after 0 updates,after update 1,791.07421875,791.07421875,current pre-update objective,False,0.0,0.0,,not recorded,6.0417728521002125,20.481331955511113,21.353875008255898,791.07421875,0.0,1.0089950561523438,0.07783854752779007,0.03550796955823898,1.2124313116073608,1.0,0.0,full weighted physics loss quantum-parameter gradient
sensitivity,q2_seed0,reviewer11_experiments/results/sensitivity/q2_seed0.json,qpinn,hard,uniform,fixed,0,2,5,0.005,500,55,1,101,before update 101; after 100 updates,after update 101,297.34979248046875,297.34979248046875,current pre-update objective,False,0.0,1.7554374067692263e-16,,not recorded,22.355519391877465,202.35698255971428,203.5881078009055,297.34979248046875,0.0,0.5482515692710876,0.02026604674756527,0.32462096214294434,4.599815845489502,1.0,0.0,full weighted physics loss quantum-parameter gradient
sensitivity,q2_seed0,reviewer11_experiments/results/sensitivity/q2_seed0.json,qpinn,hard,uniform,fixed,0,2,5,0.005,500,55,1,201,before update 201; after 200 updates,after update 201,47.62360763549805,47.62360763549805,current pre-update objective,False,0.0,1.2411678352919697e-16,,not recorded,8.712089952598651,85.15769431820544,85.60218112253384,47.62360763549805,0.0,0.19543296098709106,0.008794798515737057,0.5704713463783264,8.068646430969238,1.0,0.0,full weighted physics loss quantum-parameter gradient
sensitivity,q2_seed0,reviewer11_experiments/results/sensitivity/q2_seed0.json,qpinn,hard,uniform,fixed,0,2,5,0.005,500,55,1,301,before update 301; after 300 updates,after update 301,16.328088760375977,16.328088760375977,current pre-update objective,False,0.0,1.5940997663231973e-16,,not recorded,0.8158581379404418,18.865860901559525,18.883493640167224,16.328088760375977,0.0,0.06031108647584915,0.013321766629815102,0.6678047776222229,9.446074485778809,1.0,0.0,full weighted physics loss quantum-parameter gradient
sensitivity,q2_seed0,reviewer11_experiments/results/sensitivity/q2_seed0.json,qpinn,hard,uniform,fixed,0,2,5,0.005,500,55,1,401,before update 401; after 400 updates,after update 401,11.677108764648438,11.677108764648438,current pre-update objective,False,0.0,0.0,,not recorded,1.7670478301956423,10.669182787888372,10.814523539924107,11.677108764648438,0.0,0.03515927493572235,0.007167574018239975,0.684162437915802,9.676051139831543,1.0,0.0,full weighted physics loss quantum-parameter gradient
sensitivity,q2_seed0,reviewer11_experiments/results/sensitivity/q2_seed0.json,qpinn,hard,uniform,fixed,0,2,5,0.005,500,55,1,500,before update 500; after 499 updates,after update 500,9.06151008605957,9.06151008605957,current pre-update objective,False,0.0,1.4968814054586454e-16,,not recorded,1.7783855782494755,6.656241420098772,6.889717345984829,9.06151008605957,0.0,0.035942692309617996,0.015967853367328644,0.689887523651123,9.759109497070312,1.0,0.0,full weighted physics loss quantum-parameter gradient
sensitivity,q2_seed1,reviewer11_experiments/results/sensitivity/q2_seed1.json,qpinn,hard,uniform,fixed,1,2,5,0.005,500,55,1,1,before update 1; after 0 updates,after update 1,788.0185546875,788.0185546875,current pre-update objective,False,0.0,1.7514096512925362e-16,,not recorded,0.6642323264318124,6.3347105621913675,6.3694397312649,788.0185546875,0.0,1.0079389810562134,0.08158767223358154,0.03713472932577133,1.270340085029602,1.0,0.0,full weighted physics loss quantum-parameter gradient
sensitivity,q2_seed1,reviewer11_experiments/results/sensitivity/q2_seed1.json,qpinn,hard,uniform,fixed,1,2,5,0.005,500,55,1,101,before update 101; after 100 updates,after update 101,283.63720703125,283.63720703125,current pre-update objective,False,0.0,0.0,,not recorded,57.18692455092215,191.31864914338047,199.68267288285375,283.63720703125,0.0,0.5403672456741333,0.010130039416253567,0.32903748750686646,4.655508518218994,1.0,0.0,full weighted physics loss quantum-parameter gradient
sensitivity,q2_seed1,reviewer11_experiments/results/sensitivity/q2_seed1.json,qpinn,hard,uniform,fixed,1,2,5,0.005,500,55,1,201,before update 201; after 200 updates,after update 201,33.37875747680664,33.37875747680664,current pre-update objective,False,0.0,1.3196967540690317e-16,,not recorded,7.532761554873418,58.21601852135316,58.701339926113384,33.37875747680664,0.0,0.1442786604166031,0.008914667181670666,0.6064865589141846,8.577945709228516,1.0,0.0,full weighted physics loss quantum-parameter gradient
sensitivity,q2_seed1,reviewer11_experiments/results/sensitivity/q2_seed1.json,qpinn,hard,uniform,fixed,1,2,5,0.005,500,55,1,301,before update 301; after 300 updates,after update 301,17.20412254333496,17.20412254333496,current pre-update objective,False,0.0,1.4578679819777605e-16,,not recorded,1.9730342947277921,13.822484107568155,13.962590419837795,17.20412254333496,0.0,0.04910016432404518,-0.0024444854352623224,0.6730417609214783,9.518310546875,1.0,0.0,full weighted physics loss quantum-parameter gradient
sensitivity,q2_seed1,reviewer11_experiments/results/sensitivity/q2_seed1.json,qpinn,hard,uniform,fixed,1,2,5,0.005,500,55,1,401,before update 401; after 400 updates,after update 401,15.637426376342773,15.637426376342773,current pre-update objective,False,0.0,0.0,,not recorded,1.3558261461296592,3.7828659561866296,4.018499643026559,15.637426376342773,0.0,0.027048397809267044,-0.002147309249266982,0.6887606382369995,9.740593910217285,1.0,0.0,full weighted physics loss quantum-parameter gradient
sensitivity,q2_seed1,reviewer11_experiments/results/sensitivity/q2_seed1.json,qpinn,hard,uniform,fixed,1,2,5,0.005,500,55,1,500,before update 500; after 499 updates,after update 500,14.7631254196167,14.7631254196167,current pre-update objective,False,0.0,0.0,,not recorded,1.3844055333141894,3.357152208009846,3.631397751337125,14.7631254196167,0.0,0.02497449889779091,-0.00470321299508214,0.6908407807350159,9.770191192626953,1.0,0.0,full weighted physics loss quantum-parameter gradient
sensitivity,q4_seed0,reviewer11_experiments/results/sensitivity/q4_seed0.json,qpinn,hard,uniform,fixed,0,4,5,0.005,500,89,1,1,before update 1; after 0 updates,after update 1,787.5059814453125,787.5059814453125,current pre-update objective,False,0.0,1.8103891110228316e-16,,not recorded,2.8962710134074636,5.555149094825969,6.264827790837517,787.5059814453125,0.0,1.0003020763397217,0.010801614262163639,0.0049100229516625404,0.16814671456813812,1.0,0.0,full weighted physics loss quantum-parameter gradient
sensitivity,q4_seed0,reviewer11_experiments/results/sensitivity/q4_seed0.json,qpinn,hard,uniform,fixed,0,4,5,0.005,500,89,1,101,before update 101; after 100 updates,after update 101,297.3515319824219,297.3515319824219,current pre-update objective,False,0.0,1.6216701855980184e-16,,not recorded,59.43990273075482,203.3075492491314,211.8184638277069,297.3515319824219,0.0,0.5740091800689697,0.014960341155529022,0.30444371700286865,4.310705661773682,1.0,0.0,full weighted physics loss quantum-parameter gradient
sensitivity,q4_seed0,reviewer11_experiments/results/sensitivity/q4_seed0.json,qpinn,hard,uniform,fixed,0,4,5,0.005,500,89,1,201,before update 201; after 200 updates,after update 201,25.776498794555664,25.776498794555664,current pre-update objective,False,0.0,0.0,,not recorded,8.78117462337146,52.12608302982409,52.860548235884366,25.776498794555664,0.0,0.12453172355890274,0.009298660792410374,0.6204903721809387,8.776049613952637,1.0,0.0,full weighted physics loss quantum-parameter gradient
sensitivity,q4_seed0,reviewer11_experiments/results/sensitivity/q4_seed0.json,qpinn,hard,uniform,fixed,0,4,5,0.005,500,89,1,301,before update 301; after 300 updates,after update 301,11.518991470336914,11.518991470336914,current pre-update objective,False,0.0,0.0,,not recorded,3.016003687450192,14.171997282512267,14.489368006170878,11.518991470336914,0.0,0.04051428288221359,0.0037031553220003843,0.679233729839325,9.605958938598633,1.0,0.0,full weighted physics loss quantum-parameter gradient
sensitivity,q4_seed0,reviewer11_experiments/results/sensitivity/q4_seed0.json,qpinn,hard,uniform,fixed,0,4,5,0.005,500,89,1,401,before update 401; after 400 updates,after update 401,4.231837272644043,4.231837272644043,current pre-update objective,False,0.0,2.1954313690606708e-16,,not recorded,2.9435406422104906,10.990632225122969,11.377979970990298,4.231837272644043,0.0,0.03354619815945625,-0.012192023918032646,0.6880314946174622,9.731769561767578,1.0,0.0,full weighted physics loss quantum-parameter gradient
sensitivity,q4_seed0,reviewer11_experiments/results/sensitivity/q4_seed0.json,qpinn,hard,uniform,fixed,0,4,5,0.005,500,89,1,500,before update 500; after 499 updates,after update 500,0.5801281332969666,0.5801281332969666,current pre-update objective,False,0.0,1.1939941258467765e-16,,not recorded,1.1484493256858743,5.332535181329127,5.454802224992323,0.5801281332969666,0.0,0.011579037643969059,4.60183437098749e-05,0.699064314365387,9.886262893676758,1.0,0.0,full weighted physics loss quantum-parameter gradient
sensitivity,q4_seed1,reviewer11_experiments/results/sensitivity/q4_seed1.json,qpinn,hard,uniform,fixed,1,4,5,0.005,500,89,1,1,before update 1; after 0 updates,after update 1,787.705322265625,787.705322265625,current pre-update objective,False,0.0,0.0,,not recorded,2.4078021216271255,6.837036029931479,7.248625575341389,787.705322265625,0.0,1.0021512508392334,0.04081297665834427,0.018577491864562035,0.6354763507843018,1.0,0.0,full weighted physics loss quantum-parameter gradient
sensitivity,q4_seed1,reviewer11_experiments/results/sensitivity/q4_seed1.json,qpinn,hard,uniform,fixed,1,4,5,0.005,500,89,1,101,before update 101; after 100 updates,after update 101,204.26119995117188,204.26119995117188,current pre-update objective,False,0.0,0.0,,not recorded,31.126673194763235,190.95726539757166,193.4775103010482,204.26119995117188,0.0,0.4737846255302429,0.0012853584485128522,0.37398216128349304,5.288938045501709,1.0,0.0,full weighted physics loss quantum-parameter gradient
sensitivity,q4_seed1,reviewer11_experiments/results/sensitivity/q4_seed1.json,qpinn,hard,uniform,fixed,1,4,5,0.005,500,89,1,201,before update 201; after 200 updates,after update 201,24.513057708740234,24.513057708740234,current pre-update objective,False,0.0,1.1296185556241777e-16,,not recorded,4.091335506177823,44.677699686897625,44.864639478510504,24.513057708740234,0.0,0.11236228048801422,0.01088300347328186,0.6293455958366394,8.901628494262695,1.0,0.0,full weighted physics loss quantum-parameter gradient
sensitivity,q4_seed1,reviewer11_experiments/results/sensitivity/q4_seed1.json,qpinn,hard,uniform,fixed,1,4,5,0.005,500,89,1,301,before update 301; after 300 updates,after update 301,11.925878524780273,11.925878524780273,current pre-update objective,False,0.0,1.9461853538564682e-16,,not recorded,1.479249190869019,11.99374260616453,12.0846199721635,11.925878524780273,0.0,0.036258764564991,0.004825036972761154,0.68243408203125,9.651317596435547,1.0,0.0,full weighted physics loss quantum-parameter gradient
sensitivity,q4_seed1,reviewer11_experiments/results/sensitivity/q4_seed1.json,qpinn,hard,uniform,fixed,1,4,5,0.005,500,89,1,401,before update 401; after 400 updates,after update 401,8.38045597076416,8.38045597076416,current pre-update objective,False,0.0,0.0,,not recorded,3.808515096532544,5.880010925227958,7.005663117886589,8.38045597076416,0.0,0.03043774887919426,0.013788540847599506,0.6925591826438904,9.796216011047363,1.0,0.0,full weighted physics loss quantum-parameter gradient
sensitivity,q4_seed1,reviewer11_experiments/results/sensitivity/q4_seed1.json,qpinn,hard,uniform,fixed,1,4,5,0.005,500,89,1,500,before update 500; after 499 updates,after update 500,5.588665008544922,5.588665008544922,current pre-update objective,False,0.0,0.0,,not recorded,1.9262501554043163,4.8656676154361875,5.233083317232741,5.588665008544922,0.0,0.05331873893737793,0.032280609011650085,0.6965135335922241,9.860815048217773,1.0,0.0,full weighted physics loss quantum-parameter gradient
sensitivity,q6_seed0,reviewer11_experiments/results/sensitivity/q6_seed0.json,qpinn,hard,uniform,fixed,0,6,5,0.005,500,123,1,1,before update 1; after 0 updates,after update 1,788.1441040039062,788.1441040039062,current pre-update objective,False,0.0,0.0,,not recorded,1.841969593611465,9.08760266655519,9.272398514352702,788.1441040039062,0.0,1.0022473335266113,-0.038992684334516525,0.017794577404856682,0.6074008345603943,1.0,0.0,full weighted physics loss quantum-parameter gradient
sensitivity,q6_seed0,reviewer11_experiments/results/sensitivity/q6_seed0.json,qpinn,hard,uniform,fixed,0,6,5,0.005,500,123,1,101,before update 101; after 100 updates,after update 101,278.579833984375,278.579833984375,current pre-update objective,False,0.0,1.56505489535293e-16,,not recorded,38.349675632853796,212.17778770032763,215.6156562370887,278.579833984375,0.0,0.5524322390556335,-0.01305868849158287,0.3194604516029358,4.5216450691223145,1.0,0.0,full weighted physics loss quantum-parameter gradient
sensitivity,q6_seed0,reviewer11_experiments/results/sensitivity/q6_seed0.json,qpinn,hard,uniform,fixed,0,6,5,0.005,500,123,1,201,before update 201; after 200 updates,after update 201,37.75614547729492,37.75614547729492,current pre-update objective,False,0.0,1.718855704811357e-16,,not recorded,8.084235132023256,72.29056135484944,72.7411858486586,37.75614547729492,0.0,0.1650342047214508,-0.01205944363027811,0.5922724008560181,8.377740859985352,1.0,0.0,full weighted physics loss quantum-parameter gradient
sensitivity,q6_seed0,reviewer11_experiments/results/sensitivity/q6_seed0.json,qpinn,hard,uniform,fixed,0,6,5,0.005,500,123,1,301,before update 301; after 300 updates,after update 301,10.366059303283691,10.366059303283691,current pre-update objective,False,0.0,0.0,,not recorded,2.7900639839357217,18.188537447270726,18.40128668069776,10.366059303283691,0.0,0.05146018788218498,-0.012762254104018211,0.6742327809333801,9.536808013916016,1.0,0.0,full weighted physics loss quantum-parameter gradient
sensitivity,q6_seed0,reviewer11_experiments/results/sensitivity/q6_seed0.json,qpinn,hard,uniform,fixed,0,6,5,0.005,500,123,1,401,before update 401; after 400 updates,after update 401,6.984395503997803,6.984395503997803,current pre-update objective,False,0.0,0.0,,not recorded,18.205442878515573,33.6212858349773,38.23387256870717,6.984395503997803,0.0,0.06377878785133362,-0.0372917503118515,0.6923990249633789,9.80626392364502,1.0,0.0,full weighted physics loss quantum-parameter gradient
sensitivity,q6_seed0,reviewer11_experiments/results/sensitivity/q6_seed0.json,qpinn,hard,uniform,fixed,0,6,5,0.005,500,123,1,500,before update 500; after 499 updates,after update 500,6.292834758758545,6.292834758758545,current pre-update objective,False,0.0,1.932165562664745e-16,,not recorded,0.7583176510537052,2.935738420413415,3.032095930703886,6.292834758758545,0.0,0.05501405522227287,-0.033706966787576675,0.6985125541687012,9.89001178741455,1.0,0.0,full weighted physics loss quantum-parameter gradient
sensitivity,q6_seed1,reviewer11_experiments/results/sensitivity/q6_seed1.json,qpinn,hard,uniform,fixed,1,6,5,0.005,500,123,1,1,before update 1; after 0 updates,after update 1,788.65380859375,788.65380859375,current pre-update objective,False,0.0,0.0,,not recorded,2.9874602108059904,6.903006510299477,7.52172968089029,788.65380859375,0.0,1.0089097023010254,0.08506030589342117,0.038719676434993744,1.3244353532791138,1.0,0.0,full weighted physics loss quantum-parameter gradient
sensitivity,q6_seed1,reviewer11_experiments/results/sensitivity/q6_seed1.json,qpinn,hard,uniform,fixed,1,6,5,0.005,500,123,1,101,before update 101; after 100 updates,after update 101,198.48245239257812,198.48245239257812,current pre-update objective,False,0.0,2.0394169601524296e-16,,not recorded,22.763531941735515,187.5059386578325,188.88264986074626,198.48245239257812,0.0,0.4602796137332916,0.010481782257556915,0.38431239128112793,5.437028884887695,1.0,0.0,full weighted physics loss quantum-parameter gradient
sensitivity,q6_seed1,reviewer11_experiments/results/sensitivity/q6_seed1.json,qpinn,hard,uniform,fixed,1,6,5,0.005,500,123,1,201,before update 201; after 200 updates,after update 201,23.505615234375,23.505615234375,current pre-update objective,False,0.0,0.0,,not recorded,4.291950001372125,53.66393297952024,53.835290819728264,23.505615234375,0.0,0.12413618713617325,0.009334203787147999,0.6207396984100342,8.779582023620605,1.0,0.0,full weighted physics loss quantum-parameter gradient
sensitivity,q6_seed1,reviewer11_experiments/results/sensitivity/q6_seed1.json,qpinn,hard,uniform,fixed,1,6,5,0.005,500,123,1,301,before update 301; after 300 updates,after update 301,5.066736221313477,5.066736221313477,current pre-update objective,False,0.0,1.9734560993408416e-16,,not recorded,2.485675874638129,16.788727218246315,16.97173963276725,5.066736221313477,0.0,0.05563439056277275,0.026532694697380066,0.6814504861831665,9.64450454711914,1.0,0.0,full weighted physics loss quantum-parameter gradient
sensitivity,q6_seed1,reviewer11_experiments/results/sensitivity/q6_seed1.json,qpinn,hard,uniform,fixed,1,6,5,0.005,500,123,1,401,before update 401; after 400 updates,after update 401,0.5948778390884399,0.5948778390884399,current pre-update objective,False,0.0,0.0,,not recorded,1.1767173754067506,6.258876543234768,6.368531963100959,0.5948778390884399,0.0,0.016486378386616707,0.006480425596237183,0.6979626417160034,9.871109962463379,1.0,0.0,full weighted physics loss quantum-parameter gradient
sensitivity,q6_seed1,reviewer11_experiments/results/sensitivity/q6_seed1.json,qpinn,hard,uniform,fixed,1,6,5,0.005,500,123,1,500,before update 500; after 499 updates,after update 500,0.13421577215194702,0.13421577215194702,current pre-update objective,False,0.0,1.2577262848803193e-16,,not recorded,0.575682365808926,1.788708743229846,1.8790660324773736,0.13421577215194702,0.0,0.003947178367525339,-0.0005744487862102687,0.7044662833213806,9.962661743164062,1.0,0.0,full weighted physics loss quantum-parameter gradient
sensitivity,q10_seed0,reviewer11_experiments/results/sensitivity/q10_seed0.json,qpinn,hard,uniform,fixed,0,10,5,0.005,500,191,1,1,before update 1; after 0 updates,after update 1,787.4805908203125,787.4805908203125,current pre-update objective,False,0.0,2.135371884908686e-16,,not recorded,3.6585080137958057,7.291440703951073,8.15780536824964,787.4805908203125,0.0,1.0038124322891235,0.05795961990952492,0.02646053023636341,0.9029146432876587,1.0,0.0,full weighted physics loss quantum-parameter gradient
sensitivity,q10_seed0,reviewer11_experiments/results/sensitivity/q10_seed0.json,qpinn,hard,uniform,fixed,0,10,5,0.005,500,191,1,101,before update 101; after 100 updates,after update 101,159.65530395507812,159.65530395507812,current pre-update objective,False,0.0,0.0,,not recorded,38.964536523038234,184.12724919810591,188.20488570628706,159.65530395507812,0.0,0.40463513135910034,0.0069820936769247055,0.4232739508152008,5.986815929412842,1.0,0.0,full weighted physics loss quantum-parameter gradient
sensitivity,q10_seed0,reviewer11_experiments/results/sensitivity/q10_seed0.json,qpinn,hard,uniform,fixed,0,10,5,0.005,500,191,1,201,before update 201; after 200 updates,after update 201,19.57573890686035,19.57573890686035,current pre-update objective,False,0.0,1.1809277578533273e-16,,not recorded,6.60241538487497,43.379601914554684,43.87917217974457,19.57573890686035,0.0,0.09756581485271454,0.002058593789115548,0.6387196779251099,9.03290843963623,1.0,0.0,full weighted physics loss quantum-parameter gradient
sensitivity,q10_seed0,reviewer11_experiments/results/sensitivity/q10_seed0.json,qpinn,hard,uniform,fixed,0,10,5,0.005,500,191,1,301,before update 301; after 300 updates,after update 301,11.9801025390625,11.9801025390625,current pre-update objective,False,0.0,0.0,,not recorded,43.47497072842888,24.47472735540898,49.89073419944181,11.9801025390625,0.0,0.0319853350520134,-0.002767515368759632,0.6852474212646484,9.690940856933594,1.0,0.0,full weighted physics loss quantum-parameter gradient
sensitivity,q10_seed0,reviewer11_experiments/results/sensitivity/q10_seed0.json,qpinn,hard,uniform,fixed,0,10,5,0.005,500,191,1,401,before update 401; after 400 updates,after update 401,11.253642082214355,11.253642082214355,current pre-update objective,False,0.0,1.1227729848558227e-16,,not recorded,19.908422045530884,10.48483554124641,22.500600984639586,11.253642082214355,0.0,0.016491521149873734,-0.00045457525993697345,0.6960148215293884,9.843137741088867,1.0,0.0,full weighted physics loss quantum-parameter gradient
sensitivity,q10_seed0,reviewer11_experiments/results/sensitivity/q10_seed0.json,qpinn,hard,uniform,fixed,0,10,5,0.005,500,191,1,500,before update 500; after 499 updates,after update 500,10.922886848449707,10.922886848449707,current pre-update objective,False,0.0,0.0,,not recorded,66.01076595547335,34.466317874862916,74.46709535008985,10.922886848449707,0.0,0.01774861477315426,0.006047035101801157,0.6979846954345703,9.871366500854492,1.0,0.0,full weighted physics loss quantum-parameter gradient
sensitivity,q10_seed1,reviewer11_experiments/results/sensitivity/q10_seed1.json,qpinn,hard,uniform,fixed,1,10,5,0.005,500,191,1,1,before update 1; after 0 updates,after update 1,787.7261352539062,787.7261352539062,current pre-update objective,False,0.0,2.1171235402007746e-16,,not recorded,1.1146360957958799,5.685005749201197,5.793246412375512,787.7261352539062,0.0,1.0028903484344482,0.048231590539216995,0.021950528025627136,0.7509651780128479,1.0,0.0,full weighted physics loss quantum-parameter gradient
sensitivity,q10_seed1,reviewer11_experiments/results/sensitivity/q10_seed1.json,qpinn,hard,uniform,fixed,1,10,5,0.005,500,191,1,101,before update 101; after 100 updates,after update 101,149.81675720214844,149.81675720214844,current pre-update objective,False,0.0,1.4164804767164827e-16,,not recorded,34.54045692523323,156.4933951914598,160.25986990870268,149.81675720214844,0.0,0.3808610737323761,0.011482758447527885,0.4405441880226135,6.232361793518066,1.0,0.0,full weighted physics loss quantum-parameter gradient
sensitivity,q10_seed1,reviewer11_experiments/results/sensitivity/q10_seed1.json,qpinn,hard,uniform,fixed,1,10,5,0.005,500,191,1,201,before update 201; after 200 updates,after update 201,17.031503677368164,17.031503677368164,current pre-update objective,False,0.0,0.0,,not recorded,2.5471591823157236,30.163264812220095,30.2706221282644,17.031503677368164,0.0,0.07551172375679016,0.009400253184139729,0.6553635597229004,9.269198417663574,1.0,0.0,full weighted physics loss quantum-parameter gradient
sensitivity,q10_seed1,reviewer11_experiments/results/sensitivity/q10_seed1.json,qpinn,hard,uniform,fixed,1,10,5,0.005,500,191,1,301,before update 301; after 300 updates,after update 301,6.982022762298584,6.982022762298584,current pre-update objective,False,0.0,0.0,,not recorded,2.0781654346866514,10.258459414251867,10.466841029067897,6.982022762298584,0.0,0.05876766890287399,0.03321022540330887,0.6889538764953613,9.754648208618164,1.0,0.0,full weighted physics loss quantum-parameter gradient
sensitivity,q10_seed1,reviewer11_experiments/results/sensitivity/q10_seed1.json,qpinn,hard,uniform,fixed,1,10,5,0.005,500,191,1,401,before update 401; after 400 updates,after update 401,5.714362621307373,5.714362621307373,current pre-update objective,False,0.0,0.0,,not recorded,0.8178467174789956,2.5060086478910604,2.636086606429301,5.714362621307373,0.0,0.05175356939435005,0.03218131139874458,0.7011385560035706,9.926087379455566,1.0,0.0,full weighted physics loss quantum-parameter gradient
sensitivity,q10_seed1,reviewer11_experiments/results/sensitivity/q10_seed1.json,qpinn,hard,uniform,fixed,1,10,5,0.005,500,191,1,500,before update 500; after 499 updates,after update 500,5.229581356048584,5.229581356048584,current pre-update objective,False,0.0,1.8163373110513533e-16,,not recorded,3.6748514148639084,2.460738768060286,4.422642672199748,5.229581356048584,0.0,0.04943709075450897,0.030834775418043137,0.7018417119979858,9.935163497924805,1.0,0.0,full weighted physics loss quantum-parameter gradient
sensitivity,lr5e-3_seed0,reviewer11_experiments/results/sensitivity/lr5e-3_seed0.json,qpinn,hard,uniform,fixed,0,5,5,0.005,500,106,1,1,before update 1; after 0 updates,after update 1,789.0296630859375,789.0296630859375,current pre-update objective,False,0.0,1.667911260608325e-16,,not recorded,12.680956311572839,22.821160689876287,26.10770055384376,789.0296630859375,0.0,1.0014833211898804,0.02644132263958454,0.012363513000309467,0.4136413335800171,1.0,0.0,full weighted physics loss quantum-parameter gradient
sensitivity,lr5e-3_seed0,reviewer11_experiments/results/sensitivity/lr5e-3_seed0.json,qpinn,hard,uniform,fixed,0,5,5,0.005,500,106,1,101,before update 101; after 100 updates,after update 101,208.97303771972656,208.97303771972656,current pre-update objective,False,0.0,0.0,,not recorded,31.82491629508072,184.98570566564962,187.70332068934542,208.97303771972656,0.0,0.4740169942378998,0.02013719268143177,0.37509745359420776,5.312355995178223,1.0,0.0,full weighted physics loss quantum-parameter gradient
sensitivity,lr5e-3_seed0,reviewer11_experiments/results/sensitivity/lr5e-3_seed0.json,qpinn,hard,uniform,fixed,0,5,5,0.005,500,106,1,201,before update 201; after 200 updates,after update 201,25.440509796142578,25.440509796142578,current pre-update objective,False,0.0,1.9978929091425066e-16,,not recorded,5.796503815420965,47.35541478361119,47.7088541657631,25.440509796142578,0.0,0.12065738439559937,0.01999920979142189,0.6257719993591309,8.854293823242188,1.0,0.0,full weighted physics loss quantum-parameter gradient
sensitivity,lr5e-3_seed0,reviewer11_experiments/results/sensitivity/lr5e-3_seed0.json,qpinn,hard,uniform,fixed,0,5,5,0.005,500,106,1,301,before update 301; after 300 updates,after update 301,9.953076362609863,9.953076362609863,current pre-update objective,False,0.0,0.0,,not recorded,2.9441213353460185,16.389579341756416,16.65191164512256,9.953076362609863,0.0,0.0620248019695282,0.02825300395488739,0.6776707768440247,9.592079162597656,1.0,0.0,full weighted physics loss quantum-parameter gradient
sensitivity,lr5e-3_seed0,reviewer11_experiments/results/sensitivity/lr5e-3_seed0.json,qpinn,hard,uniform,fixed,0,5,5,0.005,500,106,1,401,before update 401; after 400 updates,after update 401,6.399540901184082,6.399540901184082,current pre-update objective,False,0.0,1.8782401873163855e-16,,not recorded,1.0054734823616684,4.231328650410923,4.349151534669817,6.399540901184082,0.0,0.05509829521179199,0.03317377716302872,0.6962733864784241,9.85801887512207,1.0,0.0,full weighted physics loss quantum-parameter gradient
sensitivity,lr5e-3_seed0,reviewer11_experiments/results/sensitivity/lr5e-3_seed0.json,qpinn,hard,uniform,fixed,0,5,5,0.005,500,106,1,500,before update 500; after 499 updates,after update 500,5.87786340713501,5.87786340713501,current pre-update objective,False,0.0,1.2245598454996223e-16,,not recorded,0.7614833015675504,2.5832509265888186,2.693147260787684,5.87786340713501,0.0,0.054284531623125076,0.033508360385894775,0.6996814608573914,9.906387329101562,1.0,0.0,full weighted physics loss quantum-parameter gradient
sensitivity,lr5e-3_seed1,reviewer11_experiments/results/sensitivity/lr5e-3_seed1.json,qpinn,hard,uniform,fixed,1,5,5,0.005,500,106,1,1,before update 1; after 0 updates,after update 1,789.7645263671875,789.7645263671875,current pre-update objective,False,0.0,0.0,,not recorded,6.502610839899962,15.501091424867143,16.80975261856266,789.7645263671875,0.0,1.0086508989334106,-0.080941341817379,0.0368981771171093,1.2606136798858643,1.0,0.0,full weighted physics loss quantum-parameter gradient
sensitivity,lr5e-3_seed1,reviewer11_experiments/results/sensitivity/lr5e-3_seed1.json,qpinn,hard,uniform,fixed,1,5,5,0.005,500,106,1,101,before update 101; after 100 updates,after update 101,223.5271453857422,223.5271453857422,current pre-update objective,False,0.0,0.0,,not recorded,40.14286787487181,181.7565045692567,186.13671533164447,223.5271453857422,0.0,0.4879574179649353,-0.013489091768860817,0.36495959758758545,5.164850234985352,1.0,0.0,full weighted physics loss quantum-parameter gradient
sensitivity,lr5e-3_seed1,reviewer11_experiments/results/sensitivity/lr5e-3_seed1.json,qpinn,hard,uniform,fixed,1,5,5,0.005,500,106,1,201,before update 201; after 200 updates,after update 201,22.345876693725586,22.345876693725586,current pre-update objective,False,0.0,1.2264872097032994e-16,,not recorded,6.609240316049878,42.5461972585067,43.05648567538998,22.345876693725586,0.0,0.10340911149978638,0.004962925799190998,0.6348721981048584,8.978724479675293,1.0,0.0,full weighted physics loss quantum-parameter gradient
sensitivity,lr5e-3_seed1,reviewer11_experiments/results/sensitivity/lr5e-3_seed1.json,qpinn,hard,uniform,fixed,1,5,5,0.005,500,106,1,301,before update 301; after 300 updates,after update 301,10.81980037689209,10.81980037689209,current pre-update objective,False,0.0,0.0,,not recorded,4.749049831431177,13.821582977694266,14.614705960459977,10.81980037689209,0.0,0.03822771832346916,-0.003775032004341483,0.6807765960693359,9.62778377532959,1.0,0.0,full weighted physics loss quantum-parameter gradient
sensitivity,lr5e-3_seed1,reviewer11_experiments/results/sensitivity/lr5e-3_seed1.json,qpinn,hard,uniform,fixed,1,5,5,0.005,500,106,1,401,before update 401; after 400 updates,after update 401,4.050724983215332,4.050724983215332,current pre-update objective,False,0.0,0.0,,not recorded,2.079582566491776,7.316674549981996,7.60647028004519,4.050724983215332,0.0,0.0559086874127388,0.03383605554699898,0.6951529383659363,9.842643737792969,1.0,0.0,full weighted physics loss quantum-parameter gradient
sensitivity,lr5e-3_seed1,reviewer11_experiments/results/sensitivity/lr5e-3_seed1.json,qpinn,hard,uniform,fixed,1,5,5,0.005,500,106,1,500,before update 500; after 499 updates,after update 500,0.8505131602287292,0.8505131602287292,current pre-update objective,False,0.0,0.0,,not recorded,1.5088139221065904,5.5472930677562875,5.7488242129256,0.8505131602287292,0.0,0.019620362669229507,0.009902114048600197,0.6986448168754578,9.881327629089355,1.0,0.0,full weighted physics loss quantum-parameter gradient
