suite,run_id,source,model,bc,sampling,weighting,seed,qubits,width,lr,steps,params,n_rep,metric,first,first_step,mid,mid_step,end,end_step,min_step,max_step,n_checkpoints,min,max,mean,median,sample_sd,state_note
core,pinn_hard_adaptive_fixed_seed0,reviewer11_experiments/results/elastostatic_core/pinn_hard_adaptive_fixed_seed0.json,pinn,hard,adaptive,fixed,0,5,5,0.005,1000,76,1,grad_q,0.0,1,0.0,501,0.0,1000,1,1,11,0.0,0.0,0.0,0.0,0.0,pre-update
core,pinn_hard_adaptive_fixed_seed0,reviewer11_experiments/results/elastostatic_core/pinn_hard_adaptive_fixed_seed0.json,pinn,hard,adaptive,fixed,0,5,5,0.005,1000,76,1,grad_classical,153.066118437937,1,124.27989566846875,501,3.0295257919773313,1000,1000,101,11,3.0295257919773313,253.42739307884673,59.022447033893314,16.215025995734642,82.79380171103045,pre-update
core,pinn_hard_adaptive_fixed_seed0,reviewer11_experiments/results/elastostatic_core/pinn_hard_adaptive_fixed_seed0.json,pinn,hard,adaptive,fixed,0,5,5,0.005,1000,76,1,grad_total,153.066118437937,1,124.27989566846875,501,3.0295257919773313,1000,1000,101,11,3.0295257919773313,253.42739307884673,59.022447033893314,16.215025995734642,82.79380171103045,pre-update
core,pinn_hard_adaptive_fixed_seed0,reviewer11_experiments/results/elastostatic_core/pinn_hard_adaptive_fixed_seed0.json,pinn,hard,adaptive,fixed,0,5,5,0.005,1000,76,1,loss_logged,1166.0689697265625,1,75.90769958496094,501,46.57479476928711,1000,401,1,11,10.28014850616455,1166.0689697265625,155.39073822715065,48.05304718017578,337.94733025866765,preserve logged branch status in checkpoints.csv
core,pinn_hard_adaptive_fixed_seed0,reviewer11_experiments/results/elastostatic_core/pinn_hard_adaptive_fixed_seed0.json,pinn,hard,adaptive,fixed,0,5,5,0.005,1000,76,1,objective_reconstructed,1166.0689697265625,1,75.90769958496094,501,46.57479476928711,1000,401,1,11,10.28014850616455,1166.0689697265625,155.39073822715065,48.05304718017578,337.94733025866765,pre-update
core,pinn_hard_adaptive_fixed_seed0,reviewer11_experiments/results/elastostatic_core/pinn_hard_adaptive_fixed_seed0.json,pinn,hard,adaptive,fixed,0,5,5,0.005,1000,76,1,lf,1166.0689697265625,1,75.90769958496094,501,46.57479476928711,1000,401,1,11,10.28014850616455,1166.0689697265625,155.39073822715065,48.05304718017578,337.94733025866765,pre-update
core,pinn_hard_adaptive_fixed_seed0,reviewer11_experiments/results/elastostatic_core/pinn_hard_adaptive_fixed_seed0.json,pinn,hard,adaptive,fixed,0,5,5,0.005,1000,76,1,lb,0.0,1,0.0,501,0.0,1000,1,1,11,0.0,0.0,0.0,0.0,0.0,pre-update
core,pinn_hard_adaptive_fixed_seed0,reviewer11_experiments/results/elastostatic_core/pinn_hard_adaptive_fixed_seed0.json,pinn,hard,adaptive,fixed,0,5,5,0.005,1000,76,1,rel_l2_51,1.0214293003082275,1,0.057410143315792084,501,0.17816779017448425,1000,501,1,11,0.057410143315792084,1.0214293003082275,0.2706409286368977,0.1821085512638092,0.28078960289803456,post-update
core,pinn_hard_adaptive_fixed_seed0,reviewer11_experiments/results/elastostatic_core/pinn_hard_adaptive_fixed_seed0.json,pinn,hard,adaptive,fixed,0,5,5,0.005,1000,76,1,pred_mean,0.10324101150035858,1,-0.011046153493225574,501,-0.006645983085036278,1000,401,101,11,-0.01572340540587902,0.15094923973083496,0.027588631788438015,0.011476113460958004,0.05258734782744796,post-update
core,pinn_hard_adaptive_fixed_seed0,reviewer11_experiments/results/elastostatic_core/pinn_hard_adaptive_fixed_seed0.json,pinn,hard,adaptive,fixed,0,5,5,0.005,1000,76,1,pred_std,0.04792370647192001,1,0.6690511107444763,501,0.5847841501235962,1000,1,501,11,0.04792370647192001,0.6690511107444763,0.5365515561266379,0.5847841501235962,0.1735433220205347,post-update
core,pinn_hard_adaptive_fixed_seed0,reviewer11_experiments/results/elastostatic_core/pinn_hard_adaptive_fixed_seed0.json,pinn,hard,adaptive,fixed,0,5,5,0.005,1000,76,1,pred_norm,1.612989902496338,1,9.46310806274414,501,8.270633697509766,1000,1,501,11,1.612989902496338,9.46310806274414,7.7090575911782,8.270633697509766,2.170330111245526,post-update
core,pinn_hard_adaptive_fixed_seed0,reviewer11_experiments/results/elastostatic_core/pinn_hard_adaptive_fixed_seed0.json,pinn,hard,adaptive,fixed,0,5,5,0.005,1000,76,1,wf,1.0,1,1.0,501,1.0,1000,1,1,11,1.0,1.0,1.0,1.0,0.0,pre-update
core,pinn_hard_adaptive_fixed_seed0,reviewer11_experiments/results/elastostatic_core/pinn_hard_adaptive_fixed_seed0.json,pinn,hard,adaptive,fixed,0,5,5,0.005,1000,76,1,wb,0.0,1,0.0,501,0.0,1000,1,1,11,0.0,0.0,0.0,0.0,0.0,pre-update
core,pinn_hard_adaptive_fixed_seed1,reviewer11_experiments/results/elastostatic_core/pinn_hard_adaptive_fixed_seed1.json,pinn,hard,adaptive,fixed,1,5,5,0.005,1000,76,1,grad_q,0.0,1,0.0,501,0.0,1000,1,1,11,0.0,0.0,0.0,0.0,0.0,pre-update
core,pinn_hard_adaptive_fixed_seed1,reviewer11_experiments/results/elastostatic_core/pinn_hard_adaptive_fixed_seed1.json,pinn,hard,adaptive,fixed,1,5,5,0.005,1000,76,1,grad_classical,38.84083624982508,1,126.76005781562952,501,2.82455312588895,1000,1000,101,11,2.82455312588895,300.2581343798842,53.077560700790556,20.461801181037025,89.5290182903865,pre-update
core,pinn_hard_adaptive_fixed_seed1,reviewer11_experiments/results/elastostatic_core/pinn_hard_adaptive_fixed_seed1.json,pinn,hard,adaptive,fixed,1,5,5,0.005,1000,76,1,grad_total,38.84083624982508,1,126.76005781562952,501,2.82455312588895,1000,1000,101,11,2.82455312588895,300.2581343798842,53.077560700790556,20.461801181037025,89.5290182903865,pre-update
core,pinn_hard_adaptive_fixed_seed1,reviewer11_experiments/results/elastostatic_core/pinn_hard_adaptive_fixed_seed1.json,pinn,hard,adaptive,fixed,1,5,5,0.005,1000,76,1,loss_logged,1163.41455078125,1,71.40348815917969,501,46.543094635009766,1000,401,1,11,4.778107166290283,1163.41455078125,161.06271648406982,48.31792068481445,339.9866943980196,preserve logged branch status in checkpoints.csv
core,pinn_hard_adaptive_fixed_seed1,reviewer11_experiments/results/elastostatic_core/pinn_hard_adaptive_fixed_seed1.json,pinn,hard,adaptive,fixed,1,5,5,0.005,1000,76,1,objective_reconstructed,1163.41455078125,1,71.40348815917969,501,46.543094635009766,1000,401,1,11,4.778107166290283,1163.41455078125,161.06271648406982,48.31792068481445,339.9866943980196,pre-update
core,pinn_hard_adaptive_fixed_seed1,reviewer11_experiments/results/elastostatic_core/pinn_hard_adaptive_fixed_seed1.json,pinn,hard,adaptive,fixed,1,5,5,0.005,1000,76,1,lf,1163.41455078125,1,71.40348815917969,501,46.543094635009766,1000,401,1,11,4.778107166290283,1163.41455078125,161.06271648406982,48.31792068481445,339.9866943980196,pre-update
core,pinn_hard_adaptive_fixed_seed1,reviewer11_experiments/results/elastostatic_core/pinn_hard_adaptive_fixed_seed1.json,pinn,hard,adaptive,fixed,1,5,5,0.005,1000,76,1,lb,0.0,1,0.0,501,0.0,1000,1,1,11,0.0,0.0,0.0,0.0,0.0,pre-update
core,pinn_hard_adaptive_fixed_seed1,reviewer11_experiments/results/elastostatic_core/pinn_hard_adaptive_fixed_seed1.json,pinn,hard,adaptive,fixed,1,5,5,0.005,1000,76,1,rel_l2_51,0.9990369081497192,1,0.04060248285531998,501,0.1572418063879013,1000,501,1,11,0.04060248285531998,0.9990369081497192,0.220478547567671,0.14586491882801056,0.27322138753485653,post-update
core,pinn_hard_adaptive_fixed_seed1,reviewer11_experiments/results/elastostatic_core/pinn_hard_adaptive_fixed_seed1.json,pinn,hard,adaptive,fixed,1,5,5,0.005,1000,76,1,pred_mean,-0.0003289075393695384,1,-0.015631219372153282,501,-0.030362313613295555,1000,201,601,11,-0.031859006732702255,0.0059691802598536015,-0.017141400763648562,-0.022110136225819588,0.013675735934236133,post-update
core,pinn_hard_adaptive_fixed_seed1,reviewer11_experiments/results/elastostatic_core/pinn_hard_adaptive_fixed_seed1.json,pinn,hard,adaptive,fixed,1,5,5,0.005,1000,76,1,pred_std,0.0007100616348907351,1,0.6845036745071411,501,0.6016252636909485,1000,1,501,11,0.0007100616348907351,0.6845036745071411,0.5559209496185015,0.6102340817451477,0.19476067456506213,post-update
core,pinn_hard_adaptive_fixed_seed1,reviewer11_experiments/results/elastostatic_core/pinn_hard_adaptive_fixed_seed1.json,pinn,hard,adaptive,fixed,1,5,5,0.005,1000,76,1,pred_norm,0.011071663349866867,1,9.682880401611328,501,8.519148826599121,1000,1,501,11,0.011071663349866867,9.682880401611328,7.867306664247405,8.641824722290039,2.755996619365835,post-update
core,pinn_hard_adaptive_fixed_seed1,reviewer11_experiments/results/elastostatic_core/pinn_hard_adaptive_fixed_seed1.json,pinn,hard,adaptive,fixed,1,5,5,0.005,1000,76,1,wf,1.0,1,1.0,501,1.0,1000,1,1,11,1.0,1.0,1.0,1.0,0.0,pre-update
core,pinn_hard_adaptive_fixed_seed1,reviewer11_experiments/results/elastostatic_core/pinn_hard_adaptive_fixed_seed1.json,pinn,hard,adaptive,fixed,1,5,5,0.005,1000,76,1,wb,0.0,1,0.0,501,0.0,1000,1,1,11,0.0,0.0,0.0,0.0,0.0,pre-update
core,pinn_hard_adaptive_fixed_seed2,reviewer11_experiments/results/elastostatic_core/pinn_hard_adaptive_fixed_seed2.json,pinn,hard,adaptive,fixed,2,5,5,0.005,1000,76,1,grad_q,0.0,1,0.0,501,0.0,1000,1,1,11,0.0,0.0,0.0,0.0,0.0,pre-update
core,pinn_hard_adaptive_fixed_seed2,reviewer11_experiments/results/elastostatic_core/pinn_hard_adaptive_fixed_seed2.json,pinn,hard,adaptive,fixed,2,5,5,0.005,1000,76,1,grad_classical,94.38750682565063,1,262.12265355128915,501,4.342811707476938,1000,1000,101,11,4.342811707476938,569.8539800894158,97.03296835030955,11.482265333529824,175.00498204349572,pre-update
core,pinn_hard_adaptive_fixed_seed2,reviewer11_experiments/results/elastostatic_core/pinn_hard_adaptive_fixed_seed2.json,pinn,hard,adaptive,fixed,2,5,5,0.005,1000,76,1,grad_total,94.38750682565063,1,262.12265355128915,501,4.342811707476938,1000,1000,101,11,4.342811707476938,569.8539800894158,97.03296835030955,11.482265333529824,175.00498204349572,pre-update
core,pinn_hard_adaptive_fixed_seed2,reviewer11_experiments/results/elastostatic_core/pinn_hard_adaptive_fixed_seed2.json,pinn,hard,adaptive,fixed,2,5,5,0.005,1000,76,1,loss_logged,1203.37646484375,1,100.91799926757812,501,42.757205963134766,1000,401,1,11,5.958881855010986,1203.37646484375,188.4253037626093,45.063812255859375,362.8762182954429,preserve logged branch status in checkpoints.csv
core,pinn_hard_adaptive_fixed_seed2,reviewer11_experiments/results/elastostatic_core/pinn_hard_adaptive_fixed_seed2.json,pinn,hard,adaptive,fixed,2,5,5,0.005,1000,76,1,objective_reconstructed,1203.37646484375,1,100.91799926757812,501,42.757205963134766,1000,401,1,11,5.958881855010986,1203.37646484375,188.4253037626093,45.063812255859375,362.8762182954429,pre-update
core,pinn_hard_adaptive_fixed_seed2,reviewer11_experiments/results/elastostatic_core/pinn_hard_adaptive_fixed_seed2.json,pinn,hard,adaptive,fixed,2,5,5,0.005,1000,76,1,lf,1203.37646484375,1,100.91799926757812,501,42.757205963134766,1000,401,1,11,5.958881855010986,1203.37646484375,188.4253037626093,45.063812255859375,362.8762182954429,pre-update
core,pinn_hard_adaptive_fixed_seed2,reviewer11_experiments/results/elastostatic_core/pinn_hard_adaptive_fixed_seed2.json,pinn,hard,adaptive,fixed,2,5,5,0.005,1000,76,1,lb,0.0,1,0.0,501,0.0,1000,1,1,11,0.0,0.0,0.0,0.0,0.0,pre-update
core,pinn_hard_adaptive_fixed_seed2,reviewer11_experiments/results/elastostatic_core/pinn_hard_adaptive_fixed_seed2.json,pinn,hard,adaptive,fixed,2,5,5,0.005,1000,76,1,rel_l2_51,1.0026925802230835,1,0.10664490610361099,501,0.17787137627601624,1000,401,1,11,0.1012604832649231,1.0026925802230835,0.26954254575751047,0.17604854702949524,0.2803562422308722,post-update
core,pinn_hard_adaptive_fixed_seed2,reviewer11_experiments/results/elastostatic_core/pinn_hard_adaptive_fixed_seed2.json,pinn,hard,adaptive,fixed,2,5,5,0.005,1000,76,1,pred_mean,0.03290693089365959,1,-0.06692464649677277,501,0.024089209735393524,1000,301,1,11,-0.08240742981433868,0.03290693089365959,-0.03135873351923444,-0.04494894668459892,0.038759045191528015,post-update
core,pinn_hard_adaptive_fixed_seed2,reviewer11_experiments/results/elastostatic_core/pinn_hard_adaptive_fixed_seed2.json,pinn,hard,adaptive,fixed,2,5,5,0.005,1000,76,1,pred_std,0.014969836920499802,1,0.7040857076644897,501,0.5852054357528687,1000,1,501,11,0.014969836920499802,0.7040857076644897,0.5427253906699744,0.5870007872581482,0.20923582048674733,post-update
core,pinn_hard_adaptive_fixed_seed2,reviewer11_experiments/results/elastostatic_core/pinn_hard_adaptive_fixed_seed2.json,pinn,hard,adaptive,fixed,2,5,5,0.005,1000,76,1,pred_norm,0.5123234391212463,1,10.00238037109375,501,8.283098220825195,1000,1,501,11,0.5123234391212463,10.00238037109375,7.729237085038966,8.314082145690918,2.8915870385165356,post-update
core,pinn_hard_adaptive_fixed_seed2,reviewer11_experiments/results/elastostatic_core/pinn_hard_adaptive_fixed_seed2.json,pinn,hard,adaptive,fixed,2,5,5,0.005,1000,76,1,wf,1.0,1,1.0,501,1.0,1000,1,1,11,1.0,1.0,1.0,1.0,0.0,pre-update
core,pinn_hard_adaptive_fixed_seed2,reviewer11_experiments/results/elastostatic_core/pinn_hard_adaptive_fixed_seed2.json,pinn,hard,adaptive,fixed,2,5,5,0.005,1000,76,1,wb,0.0,1,0.0,501,0.0,1000,1,1,11,0.0,0.0,0.0,0.0,0.0,pre-update
core,pinn_hard_uniform_fixed_seed0,reviewer11_experiments/results/elastostatic_core/pinn_hard_uniform_fixed_seed0.json,pinn,hard,uniform,fixed,0,5,5,0.005,1000,76,1,grad_q,0.0,1,0.0,501,0.0,1000,1,1,11,0.0,0.0,0.0,0.0,0.0,pre-update
core,pinn_hard_uniform_fixed_seed0,reviewer11_experiments/results/elastostatic_core/pinn_hard_uniform_fixed_seed0.json,pinn,hard,uniform,fixed,0,5,5,0.005,1000,76,1,grad_classical,89.20237348512408,1,2.3311205534064086,501,1.7054446520673334,1000,1000,101,11,1.7054446520673334,212.51437821133666,37.807239034899084,2.3311205534064086,66.13330222263912,pre-update
core,pinn_hard_uniform_fixed_seed0,reviewer11_experiments/results/elastostatic_core/pinn_hard_uniform_fixed_seed0.json,pinn,hard,uniform,fixed,0,5,5,0.005,1000,76,1,grad_total,89.20237348512408,1,2.3311205534064086,501,1.7054446520673334,1000,1000,101,11,1.7054446520673334,212.51437821133666,37.807239034899084,2.3311205534064086,66.13330222263912,pre-update
core,pinn_hard_uniform_fixed_seed0,reviewer11_experiments/results/elastostatic_core/pinn_hard_uniform_fixed_seed0.json,pinn,hard,uniform,fixed,0,5,5,0.005,1000,76,1,loss_logged,804.549072265625,1,10.631112098693848,501,8.253474235534668,1000,1000,1,11,8.253474235534668,804.549072265625,103.73882102966309,10.631112098693848,240.70147158687425,preserve logged branch status in checkpoints.csv
core,pinn_hard_uniform_fixed_seed0,reviewer11_experiments/results/elastostatic_core/pinn_hard_uniform_fixed_seed0.json,pinn,hard,uniform,fixed,0,5,5,0.005,1000,76,1,objective_reconstructed,804.549072265625,1,10.631112098693848,501,8.253474235534668,1000,1000,1,11,8.253474235534668,804.549072265625,103.73882102966309,10.631112098693848,240.70147158687425,pre-update
core,pinn_hard_uniform_fixed_seed0,reviewer11_experiments/results/elastostatic_core/pinn_hard_uniform_fixed_seed0.json,pinn,hard,uniform,fixed,0,5,5,0.005,1000,76,1,lf,804.549072265625,1,10.631112098693848,501,8.253474235534668,1000,1000,1,11,8.253474235534668,804.549072265625,103.73882102966309,10.631112098693848,240.70147158687425,pre-update
core,pinn_hard_uniform_fixed_seed0,reviewer11_experiments/results/elastostatic_core/pinn_hard_uniform_fixed_seed0.json,pinn,hard,uniform,fixed,0,5,5,0.005,1000,76,1,lb,0.0,1,0.0,501,0.0,1000,1,1,11,0.0,0.0,0.0,0.0,0.0,pre-update
core,pinn_hard_uniform_fixed_seed0,reviewer11_experiments/results/elastostatic_core/pinn_hard_uniform_fixed_seed0.json,pinn,hard,uniform,fixed,0,5,5,0.005,1000,76,1,rel_l2_51,1.0218819379806519,1,0.013997005298733711,501,0.011347426101565361,1000,1000,1,11,0.011347426101565361,1.0218819379806519,0.16490047196434302,0.013997005298733711,0.3172857822280488,post-update
core,pinn_hard_uniform_fixed_seed0,reviewer11_experiments/results/elastostatic_core/pinn_hard_uniform_fixed_seed0.json,pinn,hard,uniform,fixed,0,5,5,0.005,1000,76,1,pred_mean,0.10592860728502274,1,0.0018783587729558349,501,0.0033500490244477987,1000,301,1,11,0.0013793546240776777,0.10592860728502274,0.012265514032068577,0.0030206944793462753,0.031088289109346474,post-update
core,pinn_hard_uniform_fixed_seed0,reviewer11_experiments/results/elastostatic_core/pinn_hard_uniform_fixed_seed0.json,pinn,hard,uniform,fixed,0,5,5,0.005,1000,76,1,pred_std,0.04913691058754921,1,0.6977771520614624,501,0.700295090675354,1000,1,1000,11,0.04913691058754921,0.700295090675354,0.5972825427624312,0.6977771520614624,0.20708140386794624,post-update
core,pinn_hard_uniform_fixed_seed0,reviewer11_experiments/results/elastostatic_core/pinn_hard_uniform_fixed_seed0.json,pinn,hard,uniform,fixed,0,5,5,0.005,1000,76,1,pred_norm,1.6547755002975464,1,9.868094444274902,501,9.90378189086914,1000,1,1000,11,1.6547755002975464,9.90378189086914,8.534230958331715,9.868094444274902,2.6780355547542047,post-update
core,pinn_hard_uniform_fixed_seed0,reviewer11_experiments/results/elastostatic_core/pinn_hard_uniform_fixed_seed0.json,pinn,hard,uniform,fixed,0,5,5,0.005,1000,76,1,wf,1.0,1,1.0,501,1.0,1000,1,1,11,1.0,1.0,1.0,1.0,0.0,pre-update
core,pinn_hard_uniform_fixed_seed0,reviewer11_experiments/results/elastostatic_core/pinn_hard_uniform_fixed_seed0.json,pinn,hard,uniform,fixed,0,5,5,0.005,1000,76,1,wb,0.0,1,0.0,501,0.0,1000,1,1,11,0.0,0.0,0.0,0.0,0.0,pre-update
core,pinn_hard_uniform_fixed_seed1,reviewer11_experiments/results/elastostatic_core/pinn_hard_uniform_fixed_seed1.json,pinn,hard,uniform,fixed,1,5,5,0.005,1000,76,1,grad_q,0.0,1,0.0,501,0.0,1000,1,1,11,0.0,0.0,0.0,0.0,0.0,pre-update
core,pinn_hard_uniform_fixed_seed1,reviewer11_experiments/results/elastostatic_core/pinn_hard_uniform_fixed_seed1.json,pinn,hard,uniform,fixed,1,5,5,0.005,1000,76,1,grad_classical,25.114482379199092,1,2.1719792068958172,501,1.7400129515765916,1000,1000,101,11,1.7400129515765916,208.31638803698416,30.03721283992211,2.1719792068958172,62.13461718117941,pre-update
core,pinn_hard_uniform_fixed_seed1,reviewer11_experiments/results/elastostatic_core/pinn_hard_uniform_fixed_seed1.json,pinn,hard,uniform,fixed,1,5,5,0.005,1000,76,1,grad_total,25.114482379199092,1,2.1719792068958172,501,1.7400129515765916,1000,1000,101,11,1.7400129515765916,208.31638803698416,30.03721283992211,2.1719792068958172,62.13461718117941,pre-update
core,pinn_hard_uniform_fixed_seed1,reviewer11_experiments/results/elastostatic_core/pinn_hard_uniform_fixed_seed1.json,pinn,hard,uniform,fixed,1,5,5,0.005,1000,76,1,loss_logged,786.1390991210938,1,10.191990852355957,501,7.890672206878662,1000,1000,1,11,7.890672206878662,786.1390991210938,97.13894839720292,10.191990852355957,233.7514746582285,preserve logged branch status in checkpoints.csv
core,pinn_hard_uniform_fixed_seed1,reviewer11_experiments/results/elastostatic_core/pinn_hard_uniform_fixed_seed1.json,pinn,hard,uniform,fixed,1,5,5,0.005,1000,76,1,objective_reconstructed,786.1390991210938,1,10.191990852355957,501,7.890672206878662,1000,1000,1,11,7.890672206878662,786.1390991210938,97.13894839720292,10.191990852355957,233.7514746582285,pre-update
core,pinn_hard_uniform_fixed_seed1,reviewer11_experiments/results/elastostatic_core/pinn_hard_uniform_fixed_seed1.json,pinn,hard,uniform,fixed,1,5,5,0.005,1000,76,1,lf,786.1390991210938,1,10.191990852355957,501,7.890672206878662,1000,1000,1,11,7.890672206878662,786.1390991210938,97.13894839720292,10.191990852355957,233.7514746582285,pre-update
core,pinn_hard_uniform_fixed_seed1,reviewer11_experiments/results/elastostatic_core/pinn_hard_uniform_fixed_seed1.json,pinn,hard,uniform,fixed,1,5,5,0.005,1000,76,1,lb,0.0,1,0.0,501,0.0,1000,1,1,11,0.0,0.0,0.0,0.0,0.0,pre-update
core,pinn_hard_uniform_fixed_seed1,reviewer11_experiments/results/elastostatic_core/pinn_hard_uniform_fixed_seed1.json,pinn,hard,uniform,fixed,1,5,5,0.005,1000,76,1,rel_l2_51,0.9990285634994507,1,0.013138120993971825,501,0.011868273839354515,1000,1000,1,11,0.011868273839354515,0.9990285634994507,0.155825872736221,0.013138120993971825,0.3072356859303013,post-update
core,pinn_hard_uniform_fixed_seed1,reviewer11_experiments/results/elastostatic_core/pinn_hard_uniform_fixed_seed1.json,pinn,hard,uniform,fixed,1,5,5,0.005,1000,76,1,pred_mean,0.00035551603650674224,1,0.002113252179697156,501,0.004250469617545605,1000,101,201,11,-0.004761420655995607,0.005975324660539627,0.0023787418983622706,0.0028960478957742453,0.0027843354725996124,post-update
core,pinn_hard_uniform_fixed_seed1,reviewer11_experiments/results/elastostatic_core/pinn_hard_uniform_fixed_seed1.json,pinn,hard,uniform,fixed,1,5,5,0.005,1000,76,1,pred_std,0.0007056092726998031,1,0.6984665989875793,501,0.7004567384719849,1000,1,1000,11,0.0007056092726998031,0.7004567384719849,0.5979084679168988,0.6984665989875793,0.2174670900841501,post-update
core,pinn_hard_uniform_fixed_seed1,reviewer11_experiments/results/elastostatic_core/pinn_hard_uniform_fixed_seed1.json,pinn,hard,uniform,fixed,1,5,5,0.005,1000,76,1,pred_norm,0.011179517954587936,1,9.87785530090332,501,9.906137466430664,1000,1,1000,11,0.011179517954587936,9.906137466430664,8.455961450595748,9.87785530090332,3.075122628632068,post-update
core,pinn_hard_uniform_fixed_seed1,reviewer11_experiments/results/elastostatic_core/pinn_hard_uniform_fixed_seed1.json,pinn,hard,uniform,fixed,1,5,5,0.005,1000,76,1,wf,1.0,1,1.0,501,1.0,1000,1,1,11,1.0,1.0,1.0,1.0,0.0,pre-update
core,pinn_hard_uniform_fixed_seed1,reviewer11_experiments/results/elastostatic_core/pinn_hard_uniform_fixed_seed1.json,pinn,hard,uniform,fixed,1,5,5,0.005,1000,76,1,wb,0.0,1,0.0,501,0.0,1000,1,1,11,0.0,0.0,0.0,0.0,0.0,pre-update
core,pinn_hard_uniform_fixed_seed2,reviewer11_experiments/results/elastostatic_core/pinn_hard_uniform_fixed_seed2.json,pinn,hard,uniform,fixed,2,5,5,0.005,1000,76,1,grad_q,0.0,1,0.0,501,0.0,1000,1,1,11,0.0,0.0,0.0,0.0,0.0,pre-update
core,pinn_hard_uniform_fixed_seed2,reviewer11_experiments/results/elastostatic_core/pinn_hard_uniform_fixed_seed2.json,pinn,hard,uniform,fixed,2,5,5,0.005,1000,76,1,grad_classical,16.286444798318655,1,2.2891890027004886,501,1.7436001253178524,1000,1000,101,11,1.7436001253178524,172.87672396957154,23.865741974160674,2.2891890027004886,51.451708130341295,pre-update
core,pinn_hard_uniform_fixed_seed2,reviewer11_experiments/results/elastostatic_core/pinn_hard_uniform_fixed_seed2.json,pinn,hard,uniform,fixed,2,5,5,0.005,1000,76,1,grad_total,16.286444798318655,1,2.2891890027004886,501,1.7436001253178524,1000,1000,101,11,1.7436001253178524,172.87672396957154,23.865741974160674,2.2891890027004886,51.451708130341295,pre-update
core,pinn_hard_uniform_fixed_seed2,reviewer11_experiments/results/elastostatic_core/pinn_hard_uniform_fixed_seed2.json,pinn,hard,uniform,fixed,2,5,5,0.005,1000,76,1,loss_logged,789.6357421875,1,10.535319328308105,501,8.743410110473633,1000,1000,1,11,8.743410110473633,789.6357421875,95.8325822136619,10.535319328308105,234.2937649707035,preserve logged branch status in checkpoints.csv
core,pinn_hard_uniform_fixed_seed2,reviewer11_experiments/results/elastostatic_core/pinn_hard_uniform_fixed_seed2.json,pinn,hard,uniform,fixed,2,5,5,0.005,1000,76,1,objective_reconstructed,789.6357421875,1,10.535319328308105,501,8.743410110473633,1000,1000,1,11,8.743410110473633,789.6357421875,95.8325822136619,10.535319328308105,234.2937649707035,pre-update
core,pinn_hard_uniform_fixed_seed2,reviewer11_experiments/results/elastostatic_core/pinn_hard_uniform_fixed_seed2.json,pinn,hard,uniform,fixed,2,5,5,0.005,1000,76,1,lf,789.6357421875,1,10.535319328308105,501,8.743410110473633,1000,1000,1,11,8.743410110473633,789.6357421875,95.8325822136619,10.535319328308105,234.2937649707035,pre-update
core,pinn_hard_uniform_fixed_seed2,reviewer11_experiments/results/elastostatic_core/pinn_hard_uniform_fixed_seed2.json,pinn,hard,uniform,fixed,2,5,5,0.005,1000,76,1,lb,0.0,1,0.0,501,0.0,1000,1,1,11,0.0,0.0,0.0,0.0,0.0,pre-update
core,pinn_hard_uniform_fixed_seed2,reviewer11_experiments/results/elastostatic_core/pinn_hard_uniform_fixed_seed2.json,pinn,hard,uniform,fixed,2,5,5,0.005,1000,76,1,rel_l2_51,1.0027186870574951,1,0.012351670302450657,501,0.010927459225058556,1000,1000,1,11,0.010927459225058556,1.0027186870574951,0.14801410128447143,0.012356356717646122,0.30613655018872876,post-update
core,pinn_hard_uniform_fixed_seed2,reviewer11_experiments/results/elastostatic_core/pinn_hard_uniform_fixed_seed2.json,pinn,hard,uniform,fixed,2,5,5,0.005,1000,76,1,pred_mean,0.035365279763936996,1,0.000828766671475023,501,-6.423304876079783e-05,1000,1000,1,11,-6.423304876079783e-05,0.035365279763936996,0.0036413046896500005,0.0004746213962789625,0.010526175004426161,post-update
core,pinn_hard_uniform_fixed_seed2,reviewer11_experiments/results/elastostatic_core/pinn_hard_uniform_fixed_seed2.json,pinn,hard,uniform,fixed,2,5,5,0.005,1000,76,1,pred_std,0.0160842202603817,1,0.6988030076026917,501,0.6996665000915527,1000,1,1000,11,0.0160842202603817,0.6996665000915527,0.6046092181720517,0.6987494826316833,0.21138848453499806,post-update
core,pinn_hard_uniform_fixed_seed2,reviewer11_experiments/results/elastostatic_core/pinn_hard_uniform_fixed_seed2.json,pinn,hard,uniform,fixed,2,5,5,0.005,1000,76,1,pred_norm,0.550574004650116,1,9.882573127746582,501,9.89477825164795,1000,1,1000,11,0.550574004650116,9.89477825164795,8.579842193560166,9.881814956665039,2.8997703466214575,post-update
core,pinn_hard_uniform_fixed_seed2,reviewer11_experiments/results/elastostatic_core/pinn_hard_uniform_fixed_seed2.json,pinn,hard,uniform,fixed,2,5,5,0.005,1000,76,1,wf,1.0,1,1.0,501,1.0,1000,1,1,11,1.0,1.0,1.0,1.0,0.0,pre-update
core,pinn_hard_uniform_fixed_seed2,reviewer11_experiments/results/elastostatic_core/pinn_hard_uniform_fixed_seed2.json,pinn,hard,uniform,fixed,2,5,5,0.005,1000,76,1,wb,0.0,1,0.0,501,0.0,1000,1,1,11,0.0,0.0,0.0,0.0,0.0,pre-update
core,pinn_soft_adaptive_fixed_seed0,reviewer11_experiments/results/elastostatic_core/pinn_soft_adaptive_fixed_seed0.json,pinn,soft,adaptive,fixed,0,5,5,0.005,1000,76,1,grad_q,0.0,1,0.0,501,0.0,1000,1,1,11,0.0,0.0,0.0,0.0,0.0,pre-update
core,pinn_soft_adaptive_fixed_seed0,reviewer11_experiments/results/elastostatic_core/pinn_soft_adaptive_fixed_seed0.json,pinn,soft,adaptive,fixed,0,5,5,0.005,1000,76,1,grad_classical,39.67537698708974,1,784.3521285373494,501,5.412786064159715,1000,1000,501,11,5.412786064159715,784.3521285373494,92.29128911929479,6.334737231989722,232.71808557160315,pre-update
core,pinn_soft_adaptive_fixed_seed0,reviewer11_experiments/results/elastostatic_core/pinn_soft_adaptive_fixed_seed0.json,pinn,soft,adaptive,fixed,0,5,5,0.005,1000,76,1,grad_total,39.67537698708974,1,784.3521285373494,501,5.412786064159715,1000,1000,501,11,5.412786064159715,784.3521285373494,92.29128911929479,6.334737231989722,232.71808557160315,pre-update
core,pinn_soft_adaptive_fixed_seed0,reviewer11_experiments/results/elastostatic_core/pinn_soft_adaptive_fixed_seed0.json,pinn,soft,adaptive,fixed,0,5,5,0.005,1000,76,1,loss_logged,1108.333251953125,1,49.42060089111328,501,25.996967315673828,1000,1000,1,11,25.996967315673828,1108.333251953125,130.26573198491877,28.956541061401367,324.49890273847404,preserve logged branch status in checkpoints.csv
core,pinn_soft_adaptive_fixed_seed0,reviewer11_experiments/results/elastostatic_core/pinn_soft_adaptive_fixed_seed0.json,pinn,soft,adaptive,fixed,0,5,5,0.005,1000,76,1,objective_reconstructed,1108.333299279213,1,49.42060089111328,501,25.996968269348145,1000,1000,1,11,25.996968269348145,1108.333299279213,130.26573637398806,28.956541061401367,324.49891696146796,pre-update
core,pinn_soft_adaptive_fixed_seed0,reviewer11_experiments/results/elastostatic_core/pinn_soft_adaptive_fixed_seed0.json,pinn,soft,adaptive,fixed,0,5,5,0.005,1000,76,1,lf,1107.5286865234375,1,28.19175148010254,501,3.347029685974121,1000,1000,1,11,3.347029685974121,1107.5286865234375,109.60501246018843,4.966355323791504,331.12859822222765,pre-update
core,pinn_soft_adaptive_fixed_seed0,reviewer11_experiments/results/elastostatic_core/pinn_soft_adaptive_fixed_seed0.json,pinn,soft,adaptive,fixed,0,5,5,0.005,1000,76,1,lb,0.8046127557754517,1,21.228849411010742,501,22.649938583374023,1000,1,601,11,0.8046127557754517,24.72115135192871,20.660723913799632,23.203258514404297,6.884860057438007,pre-update
core,pinn_soft_adaptive_fixed_seed0,reviewer11_experiments/results/elastostatic_core/pinn_soft_adaptive_fixed_seed0.json,pinn,soft,adaptive,fixed,0,5,5,0.005,1000,76,1,rel_l2_51,1.391339898109436,1,2.667600393295288,501,2.80615496635437,1000,1,601,11,1.391339898109436,2.936573028564453,2.656053965741938,2.80615496635437,0.4447711173335036,post-update
core,pinn_soft_adaptive_fixed_seed0,reviewer11_experiments/results/elastostatic_core/pinn_soft_adaptive_fixed_seed0.json,pinn,soft,adaptive,fixed,0,5,5,0.005,1000,76,1,pred_mean,0.6336917281150818,1,0.06842523068189621,501,0.05157443881034851,1000,401,1,11,-0.003555141156539321,0.6336917281150818,0.09785731126215648,0.05397272855043411,0.17997506107233827,post-update
core,pinn_soft_adaptive_fixed_seed0,reviewer11_experiments/results/elastostatic_core/pinn_soft_adaptive_fixed_seed0.json,pinn,soft,adaptive,fixed,0,5,5,0.005,1000,76,1,pred_std,0.05113831162452698,1,2.4232001304626465,501,2.5244195461273193,1000,1,601,11,0.05113831162452698,2.612610340118408,2.282726388085972,2.5244195461273193,0.7472734763479599,post-update
core,pinn_soft_adaptive_fixed_seed0,reviewer11_experiments/results/elastostatic_core/pinn_soft_adaptive_fixed_seed0.json,pinn,soft,adaptive,fixed,0,5,5,0.005,1000,76,1,pred_norm,9.013192176818848,1,34.28295135498047,501,35.70817184448242,1000,1,601,11,9.013192176818848,36.9664421081543,33.043350826610215,35.70817184448242,8.10226694290858,post-update
core,pinn_soft_adaptive_fixed_seed0,reviewer11_experiments/results/elastostatic_core/pinn_soft_adaptive_fixed_seed0.json,pinn,soft,adaptive,fixed,0,5,5,0.005,1000,76,1,wf,1.0,1,1.0,501,1.0,1000,1,1,11,1.0,1.0,1.0,1.0,0.0,pre-update
core,pinn_soft_adaptive_fixed_seed0,reviewer11_experiments/results/elastostatic_core/pinn_soft_adaptive_fixed_seed0.json,pinn,soft,adaptive,fixed,0,5,5,0.005,1000,76,1,wb,1.0,1,1.0,501,1.0,1000,1,1,11,1.0,1.0,1.0,1.0,0.0,pre-update
core,pinn_soft_adaptive_fixed_seed1,reviewer11_experiments/results/elastostatic_core/pinn_soft_adaptive_fixed_seed1.json,pinn,soft,adaptive,fixed,1,5,5,0.005,1000,76,1,grad_q,0.0,1,0.0,501,0.0,1000,1,1,11,0.0,0.0,0.0,0.0,0.0,pre-update
core,pinn_soft_adaptive_fixed_seed1,reviewer11_experiments/results/elastostatic_core/pinn_soft_adaptive_fixed_seed1.json,pinn,soft,adaptive,fixed,1,5,5,0.005,1000,76,1,grad_classical,3.532320483093323,1,333.81857796124837,501,4.16038453415075,1000,1,501,11,3.532320483093323,333.81857796124837,56.57596789110155,7.850646955871617,112.61249312832821,pre-update
core,pinn_soft_adaptive_fixed_seed1,reviewer11_experiments/results/elastostatic_core/pinn_soft_adaptive_fixed_seed1.json,pinn,soft,adaptive,fixed,1,5,5,0.005,1000,76,1,grad_total,3.532320483093323,1,333.81857796124837,501,4.16038453415075,1000,1,501,11,3.532320483093323,333.81857796124837,56.57596789110155,7.850646955871617,112.61249312832821,pre-update
core,pinn_soft_adaptive_fixed_seed1,reviewer11_experiments/results/elastostatic_core/pinn_soft_adaptive_fixed_seed1.json,pinn,soft,adaptive,fixed,1,5,5,0.005,1000,76,1,loss_logged,1164.6209716796875,1,44.94995880126953,501,25.64036750793457,1000,1000,1,11,25.64036750793457,1164.6209716796875,138.56083124334162,30.707813262939453,340.64721369422693,preserve logged branch status in checkpoints.csv
core,pinn_soft_adaptive_fixed_seed1,reviewer11_experiments/results/elastostatic_core/pinn_soft_adaptive_fixed_seed1.json,pinn,soft,adaptive,fixed,1,5,5,0.005,1000,76,1,objective_reconstructed,1164.6210098435986,1,44.94995880126953,501,25.64036798477173,1000,1000,1,11,25.64036798477173,1164.6210098435986,138.56083484283457,30.70781421661377,340.64722514703624,pre-update
core,pinn_soft_adaptive_fixed_seed1,reviewer11_experiments/results/elastostatic_core/pinn_soft_adaptive_fixed_seed1.json,pinn,soft,adaptive,fixed,1,5,5,0.005,1000,76,1,lf,1164.6204833984375,1,21.45903778076172,501,6.629957675933838,1000,401,1,11,4.241017818450928,1164.6204833984375,118.3000220818953,8.224562644958496,347.3728899949274,pre-update
core,pinn_soft_adaptive_fixed_seed1,reviewer11_experiments/results/elastostatic_core/pinn_soft_adaptive_fixed_seed1.json,pinn,soft,adaptive,fixed,1,5,5,0.005,1000,76,1,lb,0.0005264451610855758,1,23.490921020507812,501,19.01041030883789,1000,1,201,11,0.0005264451610855758,27.214885711669922,20.26081276093927,20.978771209716797,7.253837918423459,pre-update
core,pinn_soft_adaptive_fixed_seed1,reviewer11_experiments/results/elastostatic_core/pinn_soft_adaptive_fixed_seed1.json,pinn,soft,adaptive,fixed,1,5,5,0.005,1000,76,1,rel_l2_51,0.9942117929458618,1,2.839519739151001,501,2.549609422683716,1000,1,201,11,0.9942117929458618,3.0546157360076904,2.5924557880921797,2.6550326347351074,0.5569061616395938,post-update
core,pinn_soft_adaptive_fixed_seed1,reviewer11_experiments/results/elastostatic_core/pinn_soft_adaptive_fixed_seed1.json,pinn,soft,adaptive,fixed,1,5,5,0.005,1000,76,1,pred_mean,0.008694765157997608,1,-0.032943326979875565,501,0.02197365276515484,1000,501,1000,11,-0.032943326979875565,0.02197365276515484,0.003720293202522126,0.012494404800236225,0.01770739088138101,post-update
core,pinn_soft_adaptive_fixed_seed1,reviewer11_experiments/results/elastostatic_core/pinn_soft_adaptive_fixed_seed1.json,pinn,soft,adaptive,fixed,1,5,5,0.005,1000,76,1,pred_std,0.005366873927414417,1,2.545635461807251,501,2.348177433013916,1000,1,201,11,0.005366873927414417,2.692133665084839,2.259917894293639,2.419464588165283,0.756799058438746,post-update
core,pinn_soft_adaptive_fixed_seed1,reviewer11_experiments/results/elastostatic_core/pinn_soft_adaptive_fixed_seed1.json,pinn,soft,adaptive,fixed,1,5,5,0.005,1000,76,1,pred_norm,0.1447620689868927,1,36.00374984741211,501,33.20970153808594,1000,1,201,11,0.1447620689868927,38.07318115234375,31.967157713391565,34.216583251953125,10.682523500680562,post-update
core,pinn_soft_adaptive_fixed_seed1,reviewer11_experiments/results/elastostatic_core/pinn_soft_adaptive_fixed_seed1.json,pinn,soft,adaptive,fixed,1,5,5,0.005,1000,76,1,wf,1.0,1,1.0,501,1.0,1000,1,1,11,1.0,1.0,1.0,1.0,0.0,pre-update
core,pinn_soft_adaptive_fixed_seed1,reviewer11_experiments/results/elastostatic_core/pinn_soft_adaptive_fixed_seed1.json,pinn,soft,adaptive,fixed,1,5,5,0.005,1000,76,1,wb,1.0,1,1.0,501,1.0,1000,1,1,11,1.0,1.0,1.0,1.0,0.0,pre-update
core,pinn_soft_adaptive_fixed_seed2,reviewer11_experiments/results/elastostatic_core/pinn_soft_adaptive_fixed_seed2.json,pinn,soft,adaptive,fixed,2,5,5,0.005,1000,76,1,grad_q,0.0,1,0.0,501,0.0,1000,1,1,11,0.0,0.0,0.0,0.0,0.0,pre-update
core,pinn_soft_adaptive_fixed_seed2,reviewer11_experiments/results/elastostatic_core/pinn_soft_adaptive_fixed_seed2.json,pinn,soft,adaptive,fixed,2,5,5,0.005,1000,76,1,grad_classical,1.6720898560554167,1,702.2462862322741,501,5.853593114316324,1000,1,501,11,1.6720898560554167,702.2462862322741,88.60086220287333,9.394590429851709,211.4230863861087,pre-update
core,pinn_soft_adaptive_fixed_seed2,reviewer11_experiments/results/elastostatic_core/pinn_soft_adaptive_fixed_seed2.json,pinn,soft,adaptive,fixed,2,5,5,0.005,1000,76,1,grad_total,1.6720898560554167,1,702.2462862322741,501,5.853593114316324,1000,1,501,11,1.6720898560554167,702.2462862322741,88.60086220287333,9.394590429851709,211.4230863861087,pre-update
core,pinn_soft_adaptive_fixed_seed2,reviewer11_experiments/results/elastostatic_core/pinn_soft_adaptive_fixed_seed2.json,pinn,soft,adaptive,fixed,2,5,5,0.005,1000,76,1,loss_logged,1180.7508544921875,1,46.44245910644531,501,26.165428161621094,1000,1000,1,11,26.165428161621094,1180.7508544921875,141.22827425870028,31.04275894165039,345.23876467316944,preserve logged branch status in checkpoints.csv
core,pinn_soft_adaptive_fixed_seed2,reviewer11_experiments/results/elastostatic_core/pinn_soft_adaptive_fixed_seed2.json,pinn,soft,adaptive,fixed,2,5,5,0.005,1000,76,1,objective_reconstructed,1180.7508948147297,1,46.44245719909668,501,26.165428161621094,1000,1000,1,11,26.165428161621094,1180.7508948147297,141.22827783768827,31.04275941848755,345.23877690049693,pre-update
core,pinn_soft_adaptive_fixed_seed2,reviewer11_experiments/results/elastostatic_core/pinn_soft_adaptive_fixed_seed2.json,pinn,soft,adaptive,fixed,2,5,5,0.005,1000,76,1,lf,1180.646484375,1,23.87748908996582,501,6.12531852722168,1000,401,1,11,3.5790252685546875,1180.646484375,120.26886255090886,7.250126838684082,352.1955703268321,pre-update
core,pinn_soft_adaptive_fixed_seed2,reviewer11_experiments/results/elastostatic_core/pinn_soft_adaptive_fixed_seed2.json,pinn,soft,adaptive,fixed,2,5,5,0.005,1000,76,1,lb,0.10441043972969055,1,22.56496810913086,501,20.040109634399414,1000,1,201,11,0.10441043972969055,29.062274932861328,20.959415286779404,22.520320892333984,7.459326243134248,pre-update
core,pinn_soft_adaptive_fixed_seed2,reviewer11_experiments/results/elastostatic_core/pinn_soft_adaptive_fixed_seed2.json,pinn,soft,adaptive,fixed,2,5,5,0.005,1000,76,1,rel_l2_51,1.050572156906128,1,2.771390914916992,501,2.6136670112609863,1000,1,201,11,1.050572156906128,3.1696617603302,2.639657584103671,2.771390914916992,0.5571777342704912,post-update
core,pinn_soft_adaptive_fixed_seed2,reviewer11_experiments/results/elastostatic_core/pinn_soft_adaptive_fixed_seed2.json,pinn,soft,adaptive,fixed,2,5,5,0.005,1000,76,1,pred_mean,0.20653396844863892,1,-0.09049398452043533,501,-0.04670427367091179,1000,501,1,11,-0.09049398452043533,0.20653396844863892,-0.011968684171072462,-0.04670427367091179,0.0832873009452893,post-update
core,pinn_soft_adaptive_fixed_seed2,reviewer11_experiments/results/elastostatic_core/pinn_soft_adaptive_fixed_seed2.json,pinn,soft,adaptive,fixed,2,5,5,0.005,1000,76,1,pred_std,0.007581504061818123,1,2.495239019393921,501,2.390195608139038,1000,1,201,11,0.007581504061818123,2.772425889968872,2.2882196065038443,2.495239019393921,0.7666660722118546,post-update
core,pinn_soft_adaptive_fixed_seed2,reviewer11_experiments/results/elastostatic_core/pinn_soft_adaptive_fixed_seed2.json,pinn,soft,adaptive,fixed,2,5,5,0.005,1000,76,1,pred_norm,2.930086851119995,1,35.31132507324219,501,33.808956146240234,1000,1,201,11,2.930086851119995,39.20958709716797,32.62427059086886,35.31132507324219,10.005638213715446,post-update
core,pinn_soft_adaptive_fixed_seed2,reviewer11_experiments/results/elastostatic_core/pinn_soft_adaptive_fixed_seed2.json,pinn,soft,adaptive,fixed,2,5,5,0.005,1000,76,1,wf,1.0,1,1.0,501,1.0,1000,1,1,11,1.0,1.0,1.0,1.0,0.0,pre-update
core,pinn_soft_adaptive_fixed_seed2,reviewer11_experiments/results/elastostatic_core/pinn_soft_adaptive_fixed_seed2.json,pinn,soft,adaptive,fixed,2,5,5,0.005,1000,76,1,wb,1.0,1,1.0,501,1.0,1000,1,1,11,1.0,1.0,1.0,1.0,0.0,pre-update
core,pinn_soft_uniform_fixed_seed0,reviewer11_experiments/results/elastostatic_core/pinn_soft_uniform_fixed_seed0.json,pinn,soft,uniform,fixed,0,5,5,0.005,1000,76,1,grad_q,0.0,1,0.0,501,0.0,1000,1,1,11,0.0,0.0,0.0,0.0,0.0,pre-update
core,pinn_soft_uniform_fixed_seed0,reviewer11_experiments/results/elastostatic_core/pinn_soft_uniform_fixed_seed0.json,pinn,soft,uniform,fixed,0,5,5,0.005,1000,76,1,grad_classical,27.616885701526353,1,5.172815197075442,501,2.664026562119986,1000,1000,101,11,2.664026562119986,170.26125301281036,23.88907304221225,5.93851085747587,49.12984614819081,pre-update
core,pinn_soft_uniform_fixed_seed0,reviewer11_experiments/results/elastostatic_core/pinn_soft_uniform_fixed_seed0.json,pinn,soft,uniform,fixed,0,5,5,0.005,1000,76,1,grad_total,27.616885701526353,1,5.172815197075442,501,2.664026562119986,1000,1000,101,11,2.664026562119986,170.26125301281036,23.88907304221225,5.93851085747587,49.12984614819081,pre-update
core,pinn_soft_uniform_fixed_seed0,reviewer11_experiments/results/elastostatic_core/pinn_soft_uniform_fixed_seed0.json,pinn,soft,uniform,fixed,0,5,5,0.005,1000,76,1,loss_logged,790.4374389648438,1,23.285884857177734,501,19.585140228271484,1000,1000,1,11,19.585140228271484,790.4374389648438,101.01676125959916,23.285884857177734,230.20560314415235,preserve logged branch status in checkpoints.csv
core,pinn_soft_uniform_fixed_seed0,reviewer11_experiments/results/elastostatic_core/pinn_soft_uniform_fixed_seed0.json,pinn,soft,uniform,fixed,0,5,5,0.005,1000,76,1,objective_reconstructed,790.4374252557755,1,23.285885334014893,501,19.585139989852905,1000,1000,1,11,19.585139989852905,790.4374252557755,101.01676042513414,23.285885334014893,230.20559903168086,pre-update
core,pinn_soft_uniform_fixed_seed0,reviewer11_experiments/results/elastostatic_core/pinn_soft_uniform_fixed_seed0.json,pinn,soft,uniform,fixed,0,5,5,0.005,1000,76,1,lf,789.6328125,1,5.23588228225708,501,3.5113179683685303,1000,1000,1,11,3.5113179683685303,789.6328125,84.71021207896146,5.23588228225708,235.50233783179564,pre-update
core,pinn_soft_uniform_fixed_seed0,reviewer11_experiments/results/elastostatic_core/pinn_soft_uniform_fixed_seed0.json,pinn,soft,uniform,fixed,0,5,5,0.005,1000,76,1,lb,0.8046127557754517,1,18.050003051757812,501,16.073822021484375,1000,1,201,11,0.8046127557754517,24.641815185546875,16.30654834617268,17.21539306640625,5.953611148375188,pre-update
core,pinn_soft_uniform_fixed_seed0,reviewer11_experiments/results/elastostatic_core/pinn_soft_uniform_fixed_seed0.json,pinn,soft,uniform,fixed,0,5,5,0.005,1000,76,1,rel_l2_51,1.395815134048462,1,2.5105013847351074,501,2.3706891536712646,1000,1,201,11,1.395815134048462,2.9194087982177734,2.3729973923076284,2.4525275230407715,0.4035062030996871,post-update
core,pinn_soft_uniform_fixed_seed0,reviewer11_experiments/results/elastostatic_core/pinn_soft_uniform_fixed_seed0.json,pinn,soft,uniform,fixed,0,5,5,0.005,1000,76,1,pred_mean,0.6384099721908569,1,0.1235620379447937,501,0.11951831728219986,1000,201,1,11,0.093534916639328,0.6384099721908569,0.1712943044575778,0.12269341200590134,0.15557822028002483,post-update
core,pinn_soft_uniform_fixed_seed0,reviewer11_experiments/results/elastostatic_core/pinn_soft_uniform_fixed_seed0.json,pinn,soft,uniform,fixed,0,5,5,0.005,1000,76,1,pred_std,0.05132073163986206,1,2.320103645324707,501,2.2255280017852783,1000,1,201,11,0.05132073163986206,2.5993640422821045,2.086583608930761,2.2808258533477783,0.696252990851295,post-update
core,pinn_soft_uniform_fixed_seed0,reviewer11_experiments/results/elastostatic_core/pinn_soft_uniform_fixed_seed0.json,pinn,soft,uniform,fixed,0,5,5,0.005,1000,76,1,pred_norm,9.080077171325684,1,32.85795211791992,501,31.519298553466797,1000,1,201,11,9.080077171325684,36.78446960449219,30.31331799247048,32.302616119384766,7.440570985163942,post-update
core,pinn_soft_uniform_fixed_seed0,reviewer11_experiments/results/elastostatic_core/pinn_soft_uniform_fixed_seed0.json,pinn,soft,uniform,fixed,0,5,5,0.005,1000,76,1,wf,1.0,1,1.0,501,1.0,1000,1,1,11,1.0,1.0,1.0,1.0,0.0,pre-update
core,pinn_soft_uniform_fixed_seed0,reviewer11_experiments/results/elastostatic_core/pinn_soft_uniform_fixed_seed0.json,pinn,soft,uniform,fixed,0,5,5,0.005,1000,76,1,wb,1.0,1,1.0,501,1.0,1000,1,1,11,1.0,1.0,1.0,1.0,0.0,pre-update
core,pinn_soft_uniform_fixed_seed1,reviewer11_experiments/results/elastostatic_core/pinn_soft_uniform_fixed_seed1.json,pinn,soft,uniform,fixed,1,5,5,0.005,1000,76,1,grad_q,0.0,1,0.0,501,0.0,1000,1,1,11,0.0,0.0,0.0,0.0,0.0,pre-update
core,pinn_soft_uniform_fixed_seed1,reviewer11_experiments/results/elastostatic_core/pinn_soft_uniform_fixed_seed1.json,pinn,soft,uniform,fixed,1,5,5,0.005,1000,76,1,grad_classical,2.6128960554081977,1,5.962897138615563,501,3.3651522548286836,1000,1,101,11,2.6128960554081977,186.2660421813456,21.952796095986912,4.644401644306284,54.61606531378589,pre-update
core,pinn_soft_uniform_fixed_seed1,reviewer11_experiments/results/elastostatic_core/pinn_soft_uniform_fixed_seed1.json,pinn,soft,uniform,fixed,1,5,5,0.005,1000,76,1,grad_total,2.6128960554081977,1,5.962897138615563,501,3.3651522548286836,1000,1,101,11,2.6128960554081977,186.2660421813456,21.952796095986912,4.644401644306284,54.61606531378589,pre-update
core,pinn_soft_uniform_fixed_seed1,reviewer11_experiments/results/elastostatic_core/pinn_soft_uniform_fixed_seed1.json,pinn,soft,uniform,fixed,1,5,5,0.005,1000,76,1,loss_logged,787.0155029296875,1,28.4631404876709,501,24.504547119140625,1000,1000,1,11,24.504547119140625,787.0155029296875,101.31904914162375,28.4631404876709,227.88182218567675,preserve logged branch status in checkpoints.csv
core,pinn_soft_uniform_fixed_seed1,reviewer11_experiments/results/elastostatic_core/pinn_soft_uniform_fixed_seed1.json,pinn,soft,uniform,fixed,1,5,5,0.005,1000,76,1,objective_reconstructed,787.0154800584423,1,28.463140964508057,501,24.504546642303467,1000,1000,1,11,24.504546642303467,787.0154800584423,101.31904665060574,28.463140964508057,227.8818153709839,pre-update
core,pinn_soft_uniform_fixed_seed1,reviewer11_experiments/results/elastostatic_core/pinn_soft_uniform_fixed_seed1.json,pinn,soft,uniform,fixed,1,5,5,0.005,1000,76,1,lf,787.0149536132812,1,4.596632480621338,501,2.962581157684326,1000,1000,1,11,2.962581157684326,787.0149536132812,80.06143268671903,4.596632480621338,234.95990108221278,pre-update
core,pinn_soft_uniform_fixed_seed1,reviewer11_experiments/results/elastostatic_core/pinn_soft_uniform_fixed_seed1.json,pinn,soft,uniform,fixed,1,5,5,0.005,1000,76,1,lb,0.0005264451610855758,1,23.86650848388672,501,21.54196548461914,1000,1,201,11,0.0005264451610855758,28.205514907836914,21.257613963886715,22.466495513916016,7.366350602971774,pre-update
core,pinn_soft_uniform_fixed_seed1,reviewer11_experiments/results/elastostatic_core/pinn_soft_uniform_fixed_seed1.json,pinn,soft,uniform,fixed,1,5,5,0.005,1000,76,1,rel_l2_51,0.9942117929458618,1,2.875864028930664,501,2.7339999675750732,1000,1,201,11,0.9942117929458618,3.129249095916748,2.6688879294828936,2.791109561920166,0.5730200541008041,post-update
core,pinn_soft_uniform_fixed_seed1,reviewer11_experiments/results/elastostatic_core/pinn_soft_uniform_fixed_seed1.json,pinn,soft,uniform,fixed,1,5,5,0.005,1000,76,1,pred_mean,0.008694763295352459,1,0.003934674896299839,501,0.0057107675820589066,1000,601,101,11,0.003451503813266754,0.04897955432534218,0.011612733233381401,0.0057107675820589066,0.013558014861386962,post-update
core,pinn_soft_uniform_fixed_seed1,reviewer11_experiments/results/elastostatic_core/pinn_soft_uniform_fixed_seed1.json,pinn,soft,uniform,fixed,1,5,5,0.005,1000,76,1,pred_std,0.00536687346175313,1,2.572455644607544,501,2.476125955581665,1000,1,201,11,0.00536687346175313,2.7453036308288574,2.3137026764875785,2.514876365661621,0.7718395878810796,post-update
core,pinn_soft_uniform_fixed_seed1,reviewer11_experiments/results/elastostatic_core/pinn_soft_uniform_fixed_seed1.json,pinn,soft,uniform,fixed,1,5,5,0.005,1000,76,1,pred_norm,0.1447620391845703,1,36.38005828857422,501,35.01780700683594,1000,1,201,11,0.1447620391845703,38.82564926147461,32.7278170152144,35.56576919555664,10.895019270710078,post-update
core,pinn_soft_uniform_fixed_seed1,reviewer11_experiments/results/elastostatic_core/pinn_soft_uniform_fixed_seed1.json,pinn,soft,uniform,fixed,1,5,5,0.005,1000,76,1,wf,1.0,1,1.0,501,1.0,1000,1,1,11,1.0,1.0,1.0,1.0,0.0,pre-update
core,pinn_soft_uniform_fixed_seed1,reviewer11_experiments/results/elastostatic_core/pinn_soft_uniform_fixed_seed1.json,pinn,soft,uniform,fixed,1,5,5,0.005,1000,76,1,wb,1.0,1,1.0,501,1.0,1000,1,1,11,1.0,1.0,1.0,1.0,0.0,pre-update
core,pinn_soft_uniform_fixed_seed2,reviewer11_experiments/results/elastostatic_core/pinn_soft_uniform_fixed_seed2.json,pinn,soft,uniform,fixed,2,5,5,0.005,1000,76,1,grad_q,0.0,1,0.0,501,0.0,1000,1,1,11,0.0,0.0,0.0,0.0,0.0,pre-update
core,pinn_soft_uniform_fixed_seed2,reviewer11_experiments/results/elastostatic_core/pinn_soft_uniform_fixed_seed2.json,pinn,soft,uniform,fixed,2,5,5,0.005,1000,76,1,grad_classical,1.4114654701755525,1,3.961525887952939,501,18.235588547557608,1000,1,801,11,1.4114654701755525,237.77252695630358,51.97779102319104,12.673034850603297,86.51424505039863,pre-update
core,pinn_soft_uniform_fixed_seed2,reviewer11_experiments/results/elastostatic_core/pinn_soft_uniform_fixed_seed2.json,pinn,soft,uniform,fixed,2,5,5,0.005,1000,76,1,grad_total,1.4114654701755525,1,3.961525887952939,501,18.235588547557608,1000,1,801,11,1.4114654701755525,237.77252695630358,51.97779102319104,12.673034850603297,86.51424505039863,pre-update
core,pinn_soft_uniform_fixed_seed2,reviewer11_experiments/results/elastostatic_core/pinn_soft_uniform_fixed_seed2.json,pinn,soft,uniform,fixed,2,5,5,0.005,1000,76,1,loss_logged,787.1803588867188,1,402.9134216308594,501,26.79373550415039,1000,1000,1,11,26.79373550415039,787.1803588867188,374.2821256464178,402.9134216308594,200.5259539401282,preserve logged branch status in checkpoints.csv
core,pinn_soft_uniform_fixed_seed2,reviewer11_experiments/results/elastostatic_core/pinn_soft_uniform_fixed_seed2.json,pinn,soft,uniform,fixed,2,5,5,0.005,1000,76,1,objective_reconstructed,787.1803381741047,1,402.9134273529053,501,26.79373550415039,1000,1000,1,11,26.79373550415039,787.1803381741047,374.28212625601077,402.9134273529053,200.5259499259018,pre-update
core,pinn_soft_uniform_fixed_seed2,reviewer11_experiments/results/elastostatic_core/pinn_soft_uniform_fixed_seed2.json,pinn,soft,uniform,fixed,2,5,5,0.005,1000,76,1,lf,787.075927734375,1,398.17962646484375,501,16.338111877441406,1000,1000,1,11,16.338111877441406,787.075927734375,369.4222602844238,398.17962646484375,202.20067680479173,pre-update
core,pinn_soft_uniform_fixed_seed2,reviewer11_experiments/results/elastostatic_core/pinn_soft_uniform_fixed_seed2.json,pinn,soft,uniform,fixed,2,5,5,0.005,1000,76,1,lb,0.10441043972969055,1,4.733800888061523,501,10.455623626708984,1000,1,1000,11,0.10441043972969055,10.455623626708984,4.859865971586921,4.740815162658691,2.581221190379583,pre-update
core,pinn_soft_uniform_fixed_seed2,reviewer11_experiments/results/elastostatic_core/pinn_soft_uniform_fixed_seed2.json,pinn,soft,uniform,fixed,2,5,5,0.005,1000,76,1,rel_l2_51,1.0484120845794678,1,2.4037020206451416,501,1.8939647674560547,1000,1,101,11,1.0484120845794678,3.598123073577881,2.2744540951468726,2.4037020206451416,0.6862639221594696,post-update
core,pinn_soft_uniform_fixed_seed2,reviewer11_experiments/results/elastostatic_core/pinn_soft_uniform_fixed_seed2.json,pinn,soft,uniform,fixed,2,5,5,0.005,1000,76,1,pred_mean,0.19868548214435577,1,-1.0915021896362305,501,-0.15809722244739532,1000,101,1,11,-2.1757240295410156,0.19868548214435577,-0.9897263917055997,-1.1269516944885254,0.6465863807177022,post-update
core,pinn_soft_uniform_fixed_seed2,reviewer11_experiments/results/elastostatic_core/pinn_soft_uniform_fixed_seed2.json,pinn,soft,uniform,fixed,2,5,5,0.005,1000,76,1,pred_std,0.008463769219815731,1,0.8150635957717896,501,1.8930360078811646,1000,1,1000,11,0.008463769219815731,1.8930360078811646,0.8663036470216784,0.8151326179504395,0.46385941340532,post-update
core,pinn_soft_uniform_fixed_seed2,reviewer11_experiments/results/elastostatic_core/pinn_soft_uniform_fixed_seed2.json,pinn,soft,uniform,fixed,2,5,5,0.005,1000,76,1,pred_norm,2.819395065307617,1,19.29591941833496,501,26.865236282348633,1000,1,101,11,2.819395065307617,32.73707580566406,20.37639635259455,19.798072814941406,7.213535399760612,post-update
core,pinn_soft_uniform_fixed_seed2,reviewer11_experiments/results/elastostatic_core/pinn_soft_uniform_fixed_seed2.json,pinn,soft,uniform,fixed,2,5,5,0.005,1000,76,1,wf,1.0,1,1.0,501,1.0,1000,1,1,11,1.0,1.0,1.0,1.0,0.0,pre-update
core,pinn_soft_uniform_fixed_seed2,reviewer11_experiments/results/elastostatic_core/pinn_soft_uniform_fixed_seed2.json,pinn,soft,uniform,fixed,2,5,5,0.005,1000,76,1,wb,1.0,1,1.0,501,1.0,1000,1,1,11,1.0,1.0,1.0,1.0,0.0,pre-update
core,pinn_soft_uniform_gradnorm_seed0,reviewer11_experiments/results/elastostatic_core/pinn_soft_uniform_gradnorm_seed0.json,pinn,soft,uniform,gradnorm,0,5,5,0.005,1000,76,1,grad_q,0.0,1,0.0,501,0.0,1000,1,1,11,0.0,0.0,0.0,0.0,0.0,pre-update
core,pinn_soft_uniform_gradnorm_seed0,reviewer11_experiments/results/elastostatic_core/pinn_soft_uniform_gradnorm_seed0.json,pinn,soft,uniform,gradnorm,0,5,5,0.005,1000,76,1,grad_classical,27.616885701526353,1,5.117533929082233,501,2.6590597798836137,1000,1000,101,11,2.6590597798836137,170.26125301281036,22.815157610120494,5.117533929082233,49.46935375379661,pre-update
core,pinn_soft_uniform_gradnorm_seed0,reviewer11_experiments/results/elastostatic_core/pinn_soft_uniform_gradnorm_seed0.json,pinn,soft,uniform,gradnorm,0,5,5,0.005,1000,76,1,grad_total,27.616885701526353,1,5.117533929082233,501,2.6590597798836137,1000,1000,101,11,2.6590597798836137,170.26125301281036,22.815157610120494,5.117533929082233,49.46935375379661,pre-update
core,pinn_soft_uniform_gradnorm_seed0,reviewer11_experiments/results/elastostatic_core/pinn_soft_uniform_gradnorm_seed0.json,pinn,soft,uniform,gradnorm,0,5,5,0.005,1000,76,1,loss_logged,790.4374389648438,1,23.29595947265625,501,19.40443229675293,1000,1000,1,11,19.40443229675293,790.4374389648438,100.93347306685014,23.29595947265625,230.23751361436376,preserve logged branch status in checkpoints.csv
core,pinn_soft_uniform_gradnorm_seed0,reviewer11_experiments/results/elastostatic_core/pinn_soft_uniform_gradnorm_seed0.json,pinn,soft,uniform,gradnorm,0,5,5,0.005,1000,76,1,objective_reconstructed,790.4374252557755,1,23.101935702216863,501,19.404431823848736,1000,1000,1,11,19.404431823848736,790.4374252557755,100.91583355226085,23.101935702216863,230.24405950092222,pre-update
core,pinn_soft_uniform_gradnorm_seed0,reviewer11_experiments/results/elastostatic_core/pinn_soft_uniform_gradnorm_seed0.json,pinn,soft,uniform,gradnorm,0,5,5,0.005,1000,76,1,lf,789.6328125,1,5.23588228225708,501,3.3745548725128174,1000,1000,1,11,3.3745548725128174,789.6328125,84.64482001824813,5.23588228225708,235.52697428488233,pre-update
core,pinn_soft_uniform_gradnorm_seed0,reviewer11_experiments/results/elastostatic_core/pinn_soft_uniform_gradnorm_seed0.json,pinn,soft,uniform,gradnorm,0,5,5,0.005,1000,76,1,lb,0.8046127557754517,1,18.050003051757812,501,16.21501922607422,1000,1,201,11,0.8046127557754517,24.641815185546875,16.373031583699312,17.367076873779297,5.9604740077225955,pre-update
core,pinn_soft_uniform_gradnorm_seed0,reviewer11_experiments/results/elastostatic_core/pinn_soft_uniform_gradnorm_seed0.json,pinn,soft,uniform,gradnorm,0,5,5,0.005,1000,76,1,rel_l2_51,1.395815134048462,1,2.5105671882629395,501,2.3812408447265625,1000,1,201,11,1.395815134048462,2.9194087982177734,2.3778509443456475,2.4634878635406494,0.4042197033029338,post-update
core,pinn_soft_uniform_gradnorm_seed0,reviewer11_experiments/results/elastostatic_core/pinn_soft_uniform_gradnorm_seed0.json,pinn,soft,uniform,gradnorm,0,5,5,0.005,1000,76,1,pred_mean,0.6384099721908569,1,0.12351414561271667,501,0.1166379526257515,1000,201,1,11,0.093534916639328,0.6384099721908569,0.17004439776593988,0.11967680603265762,0.15602621505015413,post-update
core,pinn_soft_uniform_gradnorm_seed0,reviewer11_experiments/results/elastostatic_core/pinn_soft_uniform_gradnorm_seed0.json,pinn,soft,uniform,gradnorm,0,5,5,0.005,1000,76,1,pred_std,0.05132073163986206,1,2.320152759552002,501,2.232969045639038,1000,1,201,11,0.05132073163986206,2.5993640422821045,2.090001729401675,2.2885611057281494,0.6972093659862025,post-update
core,pinn_soft_uniform_gradnorm_seed0,reviewer11_experiments/results/elastostatic_core/pinn_soft_uniform_gradnorm_seed0.json,pinn,soft,uniform,gradnorm,0,5,5,0.005,1000,76,1,pred_norm,9.080077171325684,1,32.85860824584961,501,31.622217178344727,1000,1,201,11,9.080077171325684,36.78446960449219,30.36065283688632,32.409584045410156,7.452778124089959,post-update
core,pinn_soft_uniform_gradnorm_seed0,reviewer11_experiments/results/elastostatic_core/pinn_soft_uniform_gradnorm_seed0.json,pinn,soft,uniform,gradnorm,0,5,5,0.005,1000,76,1,wf,1.0,1,1.014968057130745,501,1.014968057130745,1000,1,501,11,1.0,1.014968057130745,1.008164394798588,1.014968057130745,0.007816812898593118,pre-update
core,pinn_soft_uniform_gradnorm_seed0,reviewer11_experiments/results/elastostatic_core/pinn_soft_uniform_gradnorm_seed0.json,pinn,soft,uniform,gradnorm,0,5,5,0.005,1000,76,1,wb,1.0,1,0.9854670042893339,501,0.9854670042893339,1000,501,1,11,0.9854670042893339,1.0,0.9920729114305458,0.9854670042893339,0.007589609481980913,pre-update
core,pinn_soft_uniform_gradnorm_seed1,reviewer11_experiments/results/elastostatic_core/pinn_soft_uniform_gradnorm_seed1.json,pinn,soft,uniform,gradnorm,1,5,5,0.005,1000,76,1,grad_q,0.0,1,0.0,501,0.0,1000,1,1,11,0.0,0.0,0.0,0.0,0.0,pre-update
core,pinn_soft_uniform_gradnorm_seed1,reviewer11_experiments/results/elastostatic_core/pinn_soft_uniform_gradnorm_seed1.json,pinn,soft,uniform,gradnorm,1,5,5,0.005,1000,76,1,grad_classical,2.6128960554081977,1,5.922019201847823,501,3.3657557544296135,1000,1,101,11,2.6128960554081977,186.2660421813456,21.945818528733376,4.617668462966748,54.61842079182711,pre-update
core,pinn_soft_uniform_gradnorm_seed1,reviewer11_experiments/results/elastostatic_core/pinn_soft_uniform_gradnorm_seed1.json,pinn,soft,uniform,gradnorm,1,5,5,0.005,1000,76,1,grad_total,2.6128960554081977,1,5.922019201847823,501,3.3657557544296135,1000,1,101,11,2.6128960554081977,186.2660421813456,21.945818528733376,4.617668462966748,54.61842079182711,pre-update
core,pinn_soft_uniform_gradnorm_seed1,reviewer11_experiments/results/elastostatic_core/pinn_soft_uniform_gradnorm_seed1.json,pinn,soft,uniform,gradnorm,1,5,5,0.005,1000,76,1,loss_logged,787.0155029296875,1,28.479942321777344,501,24.292734146118164,1000,1000,1,11,24.292734146118164,787.0155029296875,101.22337445345792,28.479942321777344,227.9167965979749,preserve logged branch status in checkpoints.csv
core,pinn_soft_uniform_gradnorm_seed1,reviewer11_experiments/results/elastostatic_core/pinn_soft_uniform_gradnorm_seed1.json,pinn,soft,uniform,gradnorm,1,5,5,0.005,1000,76,1,objective_reconstructed,787.0154800584423,1,28.24170143387048,501,24.292733821969527,1000,1000,1,11,24.292733821969527,787.0154800584423,101.20171364824918,28.24170143387048,227.9244048471478,pre-update
core,pinn_soft_uniform_gradnorm_seed1,reviewer11_experiments/results/elastostatic_core/pinn_soft_uniform_gradnorm_seed1.json,pinn,soft,uniform,gradnorm,1,5,5,0.005,1000,76,1,lf,787.0149536132812,1,4.596632480621338,501,2.906557559967041,1000,1000,1,11,2.906557559967041,787.0149536132812,80.03491839495572,4.596632480621338,234.96941127668487,pre-update
core,pinn_soft_uniform_gradnorm_seed1,reviewer11_experiments/results/elastostatic_core/pinn_soft_uniform_gradnorm_seed1.json,pinn,soft,uniform,gradnorm,1,5,5,0.005,1000,76,1,lb,0.0005264451610855758,1,23.86650848388672,501,21.60143280029297,1000,1,201,11,0.0005264451610855758,28.205514907836914,21.28572169371182,22.53059196472168,7.370492820048136,pre-update
core,pinn_soft_uniform_gradnorm_seed1,reviewer11_experiments/results/elastostatic_core/pinn_soft_uniform_gradnorm_seed1.json,pinn,soft,uniform,gradnorm,1,5,5,0.005,1000,76,1,rel_l2_51,0.9942117929458618,1,2.875908613204956,501,2.7383265495300293,1000,1,201,11,0.9942117929458618,3.129249095916748,2.6709047122435137,2.7956652641296387,0.5734404577427133,post-update
core,pinn_soft_uniform_gradnorm_seed1,reviewer11_experiments/results/elastostatic_core/pinn_soft_uniform_gradnorm_seed1.json,pinn,soft,uniform,gradnorm,1,5,5,0.005,1000,76,1,pred_mean,0.008694763295352459,1,0.003921446856111288,501,0.0056877038441598415,1000,601,101,11,0.003429692704230547,0.04897955432534218,0.011600023601204157,0.0056877038441598415,0.013565396837563849,post-update
core,pinn_soft_uniform_gradnorm_seed1,reviewer11_experiments/results/elastostatic_core/pinn_soft_uniform_gradnorm_seed1.json,pinn,soft,uniform,gradnorm,1,5,5,0.005,1000,76,1,pred_std,0.00536687346175313,1,2.57248854637146,501,2.479132652282715,1000,1,201,11,0.00536687346175313,2.7453036308288574,2.315104534383863,2.5180418491363525,0.7722231099485051,post-update
core,pinn_soft_uniform_gradnorm_seed1,reviewer11_experiments/results/elastostatic_core/pinn_soft_uniform_gradnorm_seed1.json,pinn,soft,uniform,gradnorm,1,5,5,0.005,1000,76,1,pred_norm,0.1447620391845703,1,36.380523681640625,501,35.06032180786133,1000,1,201,11,0.1447620391845703,38.82564926147461,32.74764130332253,35.61053466796875,10.90043889303492,post-update
core,pinn_soft_uniform_gradnorm_seed1,reviewer11_experiments/results/elastostatic_core/pinn_soft_uniform_gradnorm_seed1.json,pinn,soft,uniform,gradnorm,1,5,5,0.005,1000,76,1,wf,1.0,1,1.0118301474587437,501,1.0118301474587437,1000,1,501,11,1.0,1.0118301474587437,1.0064528077047692,1.0118301474587437,0.00617809301768506,pre-update
core,pinn_soft_uniform_gradnorm_seed1,reviewer11_experiments/results/elastostatic_core/pinn_soft_uniform_gradnorm_seed1.json,pinn,soft,uniform,gradnorm,1,5,5,0.005,1000,76,1,wb,1.0,1,0.9884432877610401,501,0.9884432877610401,1000,501,1,11,0.9884432877610401,1.0,0.9936963387787491,0.9884432877610401,0.006035296131338008,pre-update
core,pinn_soft_uniform_gradnorm_seed2,reviewer11_experiments/results/elastostatic_core/pinn_soft_uniform_gradnorm_seed2.json,pinn,soft,uniform,gradnorm,2,5,5,0.005,1000,76,1,grad_q,0.0,1,0.0,501,0.0,1000,1,1,11,0.0,0.0,0.0,0.0,0.0,pre-update
core,pinn_soft_uniform_gradnorm_seed2,reviewer11_experiments/results/elastostatic_core/pinn_soft_uniform_gradnorm_seed2.json,pinn,soft,uniform,gradnorm,2,5,5,0.005,1000,76,1,grad_classical,1.4114654701755525,1,3.7810283991726252,501,18.156244296110955,1000,1,101,11,1.4114654701755525,207.0894807144654,37.66338797320705,12.673034850603297,62.41544952533034,pre-update
core,pinn_soft_uniform_gradnorm_seed2,reviewer11_experiments/results/elastostatic_core/pinn_soft_uniform_gradnorm_seed2.json,pinn,soft,uniform,gradnorm,2,5,5,0.005,1000,76,1,grad_total,1.4114654701755525,1,3.7810283991726252,501,18.156244296110955,1000,1,101,11,1.4114654701755525,207.0894807144654,37.66338797320705,12.673034850603297,62.41544952533034,pre-update
core,pinn_soft_uniform_gradnorm_seed2,reviewer11_experiments/results/elastostatic_core/pinn_soft_uniform_gradnorm_seed2.json,pinn,soft,uniform,gradnorm,2,5,5,0.005,1000,76,1,loss_logged,787.1803588867188,1,402.9259948730469,501,27.146549224853516,1000,1000,1,11,27.146549224853516,787.1803588867188,373.4003403403542,402.9259948730469,199.6421219132309,preserve logged branch status in checkpoints.csv
core,pinn_soft_uniform_gradnorm_seed2,reviewer11_experiments/results/elastostatic_core/pinn_soft_uniform_gradnorm_seed2.json,pinn,soft,uniform,gradnorm,2,5,5,0.005,1000,76,1,objective_reconstructed,787.1803381741047,1,396.62650977004733,501,27.146549512767706,1000,1000,1,11,27.146549512767706,787.1803381741047,372.82766549083624,396.62650977004733,199.55796984078486,pre-update
core,pinn_soft_uniform_gradnorm_seed2,reviewer11_experiments/results/elastostatic_core/pinn_soft_uniform_gradnorm_seed2.json,pinn,soft,uniform,gradnorm,2,5,5,0.005,1000,76,1,lf,787.075927734375,1,398.17962646484375,501,16.97835350036621,1000,1000,1,11,16.97835350036621,787.075927734375,370.21902379122645,398.17962646484375,201.12763921805714,pre-update
core,pinn_soft_uniform_gradnorm_seed2,reviewer11_experiments/results/elastostatic_core/pinn_soft_uniform_gradnorm_seed2.json,pinn,soft,uniform,gradnorm,2,5,5,0.005,1000,76,1,lb,0.10441043972969055,1,4.733800888061523,501,10.270009994506836,1000,1,1000,11,0.10441043972969055,10.270009994506836,4.901564600792798,4.7340922355651855,2.4812899257953505,pre-update
core,pinn_soft_uniform_gradnorm_seed2,reviewer11_experiments/results/elastostatic_core/pinn_soft_uniform_gradnorm_seed2.json,pinn,soft,uniform,gradnorm,2,5,5,0.005,1000,76,1,rel_l2_51,1.0484120845794678,1,2.4035162925720215,501,1.877406120300293,1000,1,101,11,1.0484120845794678,3.598123073577881,2.2797364538366143,2.4035162925720215,0.6909925188253382,post-update
core,pinn_soft_uniform_gradnorm_seed2,reviewer11_experiments/results/elastostatic_core/pinn_soft_uniform_gradnorm_seed2.json,pinn,soft,uniform,gradnorm,2,5,5,0.005,1000,76,1,pred_mean,0.19868548214435577,1,-1.0916980504989624,501,-0.1633497029542923,1000,101,1,11,-2.1757240295410156,0.19868548214435577,-0.993365463885394,-1.1246329545974731,0.6435625118366916,post-update
core,pinn_soft_uniform_gradnorm_seed2,reviewer11_experiments/results/elastostatic_core/pinn_soft_uniform_gradnorm_seed2.json,pinn,soft,uniform,gradnorm,2,5,5,0.005,1000,76,1,pred_std,0.008463769219815731,1,0.81471186876297,501,1.880980372428894,1000,1,1000,11,0.008463769219815731,1.880980372428894,0.8687589248980988,0.8146069645881653,0.45245702034760266,post-update
core,pinn_soft_uniform_gradnorm_seed2,reviewer11_experiments/results/elastostatic_core/pinn_soft_uniform_gradnorm_seed2.json,pinn,soft,uniform,gradnorm,2,5,5,0.005,1000,76,1,pred_norm,2.819395065307617,1,19.295175552368164,501,26.701698303222656,1000,1,101,11,2.819395065307617,32.73707580566406,20.37440473383123,20.103872299194336,7.196066655745955,post-update
core,pinn_soft_uniform_gradnorm_seed2,reviewer11_experiments/results/elastostatic_core/pinn_soft_uniform_gradnorm_seed2.json,pinn,soft,uniform,gradnorm,2,5,5,0.005,1000,76,1,wf,1.0,1,0.9840145291109713,501,0.9840145291109713,1000,501,1,11,0.9840145291109713,1.0,0.991280652242348,0.9840145291109713,0.008348139905130477,pre-update
core,pinn_soft_uniform_gradnorm_seed2,reviewer11_experiments/results/elastostatic_core/pinn_soft_uniform_gradnorm_seed2.json,pinn,soft,uniform,gradnorm,2,5,5,0.005,1000,76,1,wb,1.0,1,1.0165134204941484,501,1.0165134204941484,1000,1,501,11,1.0,1.0165134204941484,1.0090073202695355,1.0165134204941484,0.0086238525942964,pre-update
core,qpinn_hard_adaptive_fixed_seed0,reviewer11_experiments/results/elastostatic_core/qpinn_hard_adaptive_fixed_seed0.json,qpinn,hard,adaptive,fixed,0,5,5,0.005,1000,106,1,grad_q,25.246751409305354,1,55.84202288988659,501,0.2125397775679572,1000,1000,101,11,0.2125397775679572,125.79262882391492,20.930752356165797,3.6300067792280206,38.602539413434855,pre-update
core,qpinn_hard_adaptive_fixed_seed0,reviewer11_experiments/results/elastostatic_core/qpinn_hard_adaptive_fixed_seed0.json,qpinn,hard,adaptive,fixed,0,5,5,0.005,1000,106,1,grad_classical,96.84083314170722,1,123.2197541879112,501,0.4665656139121957,1000,1000,101,11,0.4665656139121957,219.5273138735431,50.695895746357145,13.953644296220364,70.36947131266763,pre-update
core,qpinn_hard_adaptive_fixed_seed0,reviewer11_experiments/results/elastostatic_core/qpinn_hard_adaptive_fixed_seed0.json,qpinn,hard,adaptive,fixed,0,5,5,0.005,1000,106,1,grad_total,100.0776969174613,1,135.28281244328076,501,0.5126954545672321,1000,1000,101,11,0.5126954545672321,253.01388697651427,55.37473253536459,14.418083727135327,79.86243611350318,pre-update
core,qpinn_hard_adaptive_fixed_seed0,reviewer11_experiments/results/elastostatic_core/qpinn_hard_adaptive_fixed_seed0.json,qpinn,hard,adaptive,fixed,0,5,5,0.005,1000,106,1,loss_logged,1116.0303955078125,1,50.01922607421875,501,0.05511222779750824,1000,1000,1,11,0.05511222779750824,1116.0303955078125,131.4292855012146,10.485224723815918,331.91470113573456,preserve logged branch status in checkpoints.csv
core,qpinn_hard_adaptive_fixed_seed0,reviewer11_experiments/results/elastostatic_core/qpinn_hard_adaptive_fixed_seed0.json,qpinn,hard,adaptive,fixed,0,5,5,0.005,1000,106,1,objective_reconstructed,1116.0303955078125,1,50.01922607421875,501,0.05511222779750824,1000,1000,1,11,0.05511222779750824,1116.0303955078125,131.4292855012146,10.485224723815918,331.91470113573456,pre-update
core,qpinn_hard_adaptive_fixed_seed0,reviewer11_experiments/results/elastostatic_core/qpinn_hard_adaptive_fixed_seed0.json,qpinn,hard,adaptive,fixed,0,5,5,0.005,1000,106,1,lf,1116.0303955078125,1,50.01922607421875,501,0.05511222779750824,1000,1000,1,11,0.05511222779750824,1116.0303955078125,131.4292855012146,10.485224723815918,331.91470113573456,pre-update
core,qpinn_hard_adaptive_fixed_seed0,reviewer11_experiments/results/elastostatic_core/qpinn_hard_adaptive_fixed_seed0.json,qpinn,hard,adaptive,fixed,0,5,5,0.005,1000,106,1,lb,0.0,1,0.0,501,0.0,1000,1,1,11,0.0,0.0,0.0,0.0,0.0,pre-update
core,qpinn_hard_adaptive_fixed_seed0,reviewer11_experiments/results/elastostatic_core/qpinn_hard_adaptive_fixed_seed0.json,qpinn,hard,adaptive,fixed,0,5,5,0.005,1000,106,1,rel_l2_51,1.0014171600341797,1,0.0700056403875351,501,0.008725776337087154,1000,1000,1,11,0.008725776337087154,1.0014171600341797,0.21343869402665983,0.0700056403875351,0.3226438844077386,post-update
core,qpinn_hard_adaptive_fixed_seed0,reviewer11_experiments/results/elastostatic_core/qpinn_hard_adaptive_fixed_seed0.json,qpinn,hard,adaptive,fixed,0,5,5,0.005,1000,106,1,pred_mean,0.024338411167263985,1,0.017387807369232178,501,-0.005065965466201305,1000,301,1,11,-0.039231136441230774,0.024338411167263985,-0.010558747009120205,-0.005934278480708599,0.02040294011980153,post-update
core,qpinn_hard_adaptive_fixed_seed0,reviewer11_experiments/results/elastostatic_core/qpinn_hard_adaptive_fixed_seed0.json,qpinn,hard,adaptive,fixed,0,5,5,0.005,1000,106,1,pred_std,0.011398956179618835,1,0.6628616452217102,501,0.7058001756668091,1000,1,1000,11,0.011398956179618835,0.7058001756668091,0.5636285584081303,0.6628616452217102,0.22393261475728393,post-update
core,qpinn_hard_adaptive_fixed_seed0,reviewer11_experiments/results/elastostatic_core/qpinn_hard_adaptive_fixed_seed0.json,qpinn,hard,adaptive,fixed,0,5,5,0.005,1000,106,1,pred_norm,0.3808559477329254,1,9.377520561218262,501,9.981780052185059,1000,1,1000,11,0.3808559477329254,9.981780052185059,7.998047798871994,9.377520561218262,3.108184900438912,post-update
core,qpinn_hard_adaptive_fixed_seed0,reviewer11_experiments/results/elastostatic_core/qpinn_hard_adaptive_fixed_seed0.json,qpinn,hard,adaptive,fixed,0,5,5,0.005,1000,106,1,wf,1.0,1,1.0,501,1.0,1000,1,1,11,1.0,1.0,1.0,1.0,0.0,pre-update
core,qpinn_hard_adaptive_fixed_seed0,reviewer11_experiments/results/elastostatic_core/qpinn_hard_adaptive_fixed_seed0.json,qpinn,hard,adaptive,fixed,0,5,5,0.005,1000,106,1,wb,0.0,1,0.0,501,0.0,1000,1,1,11,0.0,0.0,0.0,0.0,0.0,pre-update
core,qpinn_hard_adaptive_fixed_seed1,reviewer11_experiments/results/elastostatic_core/qpinn_hard_adaptive_fixed_seed1.json,qpinn,hard,adaptive,fixed,1,5,5,0.005,1000,106,1,grad_q,17.90687466010272,1,76.11020604863742,501,0.153428346913018,1000,1000,501,11,0.153428346913018,76.11020604863742,16.355763388065157,3.263824335075057,25.7671802785385,pre-update
core,qpinn_hard_adaptive_fixed_seed1,reviewer11_experiments/results/elastostatic_core/qpinn_hard_adaptive_fixed_seed1.json,qpinn,hard,adaptive,fixed,1,5,5,0.005,1000,106,1,grad_classical,94.3466155526432,1,195.75112789201313,501,0.6928186894456669,1000,1000,501,11,0.6928186894456669,195.75112789201313,53.583672228431595,19.06945427386382,67.69245637790786,pre-update
core,qpinn_hard_adaptive_fixed_seed1,reviewer11_experiments/results/elastostatic_core/qpinn_hard_adaptive_fixed_seed1.json,qpinn,hard,adaptive,fixed,1,5,5,0.005,1000,106,1,grad_total,96.03093265365533,1,210.02682575271504,501,0.7096041108122704,1000,1000,501,11,0.7096041108122704,210.02682575271504,56.25908905610763,19.905101508961728,72.2302958353052,pre-update
core,qpinn_hard_adaptive_fixed_seed1,reviewer11_experiments/results/elastostatic_core/qpinn_hard_adaptive_fixed_seed1.json,qpinn,hard,adaptive,fixed,1,5,5,0.005,1000,106,1,loss_logged,1199.5936279296875,1,73.51932525634766,501,0.11020146310329437,1000,1000,1,11,0.11020146310329437,1199.5936279296875,142.8422960191965,6.429689884185791,356.1273087846262,preserve logged branch status in checkpoints.csv
core,qpinn_hard_adaptive_fixed_seed1,reviewer11_experiments/results/elastostatic_core/qpinn_hard_adaptive_fixed_seed1.json,qpinn,hard,adaptive,fixed,1,5,5,0.005,1000,106,1,objective_reconstructed,1199.5936279296875,1,73.51932525634766,501,0.11020146310329437,1000,1000,1,11,0.11020146310329437,1199.5936279296875,142.8422960191965,6.429689884185791,356.1273087846262,pre-update
core,qpinn_hard_adaptive_fixed_seed1,reviewer11_experiments/results/elastostatic_core/qpinn_hard_adaptive_fixed_seed1.json,qpinn,hard,adaptive,fixed,1,5,5,0.005,1000,106,1,lf,1199.5936279296875,1,73.51932525634766,501,0.11020146310329437,1000,1000,1,11,0.11020146310329437,1199.5936279296875,142.8422960191965,6.429689884185791,356.1273087846262,pre-update
core,qpinn_hard_adaptive_fixed_seed1,reviewer11_experiments/results/elastostatic_core/qpinn_hard_adaptive_fixed_seed1.json,qpinn,hard,adaptive,fixed,1,5,5,0.005,1000,106,1,lb,0.0,1,0.0,501,0.0,1000,1,1,11,0.0,0.0,0.0,0.0,0.0,pre-update
core,qpinn_hard_adaptive_fixed_seed1,reviewer11_experiments/results/elastostatic_core/qpinn_hard_adaptive_fixed_seed1.json,qpinn,hard,adaptive,fixed,1,5,5,0.005,1000,106,1,rel_l2_51,1.0083545446395874,1,0.0241138506680727,501,0.01573275215923786,1000,1000,1,11,0.01573275215923786,1.0083545446395874,0.20952573757280002,0.05283315107226372,0.31673867695259306,post-update
core,qpinn_hard_adaptive_fixed_seed1,reviewer11_experiments/results/elastostatic_core/qpinn_hard_adaptive_fixed_seed1.json,qpinn,hard,adaptive,fixed,1,5,5,0.005,1000,106,1,pred_mean,-0.07807252556085587,1,-0.006146891042590141,501,0.009597640484571457,1000,101,601,11,-0.09279607981443405,0.052551936358213425,-0.0030774379741739144,0.010904235765337944,0.04387332691995368,post-update
core,qpinn_hard_adaptive_fixed_seed1,reviewer11_experiments/results/elastostatic_core/qpinn_hard_adaptive_fixed_seed1.json,qpinn,hard,adaptive,fixed,1,5,5,0.005,1000,106,1,pred_std,0.03558465093374252,1,0.6927210092544556,501,0.7052597403526306,1000,1,1000,11,0.03558465093374252,0.7052597403526306,0.5781331949613311,0.671990692615509,0.20953891067967925,post-update
core,qpinn_hard_adaptive_fixed_seed1,reviewer11_experiments/results/elastostatic_core/qpinn_hard_adaptive_fixed_seed1.json,qpinn,hard,adaptive,fixed,1,5,5,0.005,1000,106,1,pred_norm,1.21589994430542,1,9.796941757202148,501,9.974807739257812,1000,1,1000,11,1.21589994430542,9.974807739257812,8.260846658186479,9.504640579223633,2.7634965850724518,post-update
core,qpinn_hard_adaptive_fixed_seed1,reviewer11_experiments/results/elastostatic_core/qpinn_hard_adaptive_fixed_seed1.json,qpinn,hard,adaptive,fixed,1,5,5,0.005,1000,106,1,wf,1.0,1,1.0,501,1.0,1000,1,1,11,1.0,1.0,1.0,1.0,0.0,pre-update
core,qpinn_hard_adaptive_fixed_seed1,reviewer11_experiments/results/elastostatic_core/qpinn_hard_adaptive_fixed_seed1.json,qpinn,hard,adaptive,fixed,1,5,5,0.005,1000,106,1,wb,0.0,1,0.0,501,0.0,1000,1,1,11,0.0,0.0,0.0,0.0,0.0,pre-update
core,qpinn_hard_adaptive_fixed_seed2,reviewer11_experiments/results/elastostatic_core/qpinn_hard_adaptive_fixed_seed2.json,qpinn,hard,adaptive,fixed,2,5,5,0.005,1000,106,1,grad_q,9.113033870613968,1,112.72236363322796,501,0.8978728486166444,1000,1000,101,11,0.8978728486166444,156.51923399384677,28.583527860899203,6.743404755094714,53.41681187224169,pre-update
core,qpinn_hard_adaptive_fixed_seed2,reviewer11_experiments/results/elastostatic_core/qpinn_hard_adaptive_fixed_seed2.json,qpinn,hard,adaptive,fixed,2,5,5,0.005,1000,106,1,grad_classical,85.96692101295199,1,241.4141277120827,501,3.541530227243334,1000,1000,101,11,3.541530227243334,292.10788192900156,66.58219846897615,13.282840303873828,102.6328918104244,pre-update
core,qpinn_hard_adaptive_fixed_seed2,reviewer11_experiments/results/elastostatic_core/qpinn_hard_adaptive_fixed_seed2.json,qpinn,hard,adaptive,fixed,2,5,5,0.005,1000,106,1,grad_total,86.44859105141092,1,266.43406749522,501,3.653575235678224,1000,1000,101,11,3.653575235678224,331.3989820368615,73.16334150271896,13.56325559092794,115.21255234507886,pre-update
core,qpinn_hard_adaptive_fixed_seed2,reviewer11_experiments/results/elastostatic_core/qpinn_hard_adaptive_fixed_seed2.json,qpinn,hard,adaptive,fixed,2,5,5,0.005,1000,106,1,loss_logged,1193.4190673828125,1,86.14910125732422,501,0.3799382746219635,1000,1000,1,11,0.3799382746219635,1193.4190673828125,147.41922056945887,18.07598304748535,354.96525941003654,preserve logged branch status in checkpoints.csv
core,qpinn_hard_adaptive_fixed_seed2,reviewer11_experiments/results/elastostatic_core/qpinn_hard_adaptive_fixed_seed2.json,qpinn,hard,adaptive,fixed,2,5,5,0.005,1000,106,1,objective_reconstructed,1193.4190673828125,1,86.14910125732422,501,0.3799382746219635,1000,1000,1,11,0.3799382746219635,1193.4190673828125,147.41922056945887,18.07598304748535,354.96525941003654,pre-update
core,qpinn_hard_adaptive_fixed_seed2,reviewer11_experiments/results/elastostatic_core/qpinn_hard_adaptive_fixed_seed2.json,qpinn,hard,adaptive,fixed,2,5,5,0.005,1000,106,1,lf,1193.4190673828125,1,86.14910125732422,501,0.3799382746219635,1000,1000,1,11,0.3799382746219635,1193.4190673828125,147.41922056945887,18.07598304748535,354.96525941003654,pre-update
core,qpinn_hard_adaptive_fixed_seed2,reviewer11_experiments/results/elastostatic_core/qpinn_hard_adaptive_fixed_seed2.json,qpinn,hard,adaptive,fixed,2,5,5,0.005,1000,106,1,lb,0.0,1,0.0,501,0.0,1000,1,1,11,0.0,0.0,0.0,0.0,0.0,pre-update
core,qpinn_hard_adaptive_fixed_seed2,reviewer11_experiments/results/elastostatic_core/qpinn_hard_adaptive_fixed_seed2.json,qpinn,hard,adaptive,fixed,2,5,5,0.005,1000,106,1,rel_l2_51,1.000234842300415,1,0.08662080764770508,501,0.031649790704250336,1000,1000,1,11,0.031649790704250336,1.000234842300415,0.22526286406950516,0.09822613000869751,0.2957648259786933,post-update
core,qpinn_hard_adaptive_fixed_seed2,reviewer11_experiments/results/elastostatic_core/qpinn_hard_adaptive_fixed_seed2.json,qpinn,hard,adaptive,fixed,2,5,5,0.005,1000,106,1,pred_mean,0.017238669097423553,1,-0.05361895263195038,501,-0.01788313500583172,1000,801,101,11,-0.09245778620243073,0.049998145550489426,-0.033261396625841204,-0.046480387449264526,0.04144076634060499,post-update
core,qpinn_hard_adaptive_fixed_seed2,reviewer11_experiments/results/elastostatic_core/qpinn_hard_adaptive_fixed_seed2.json,qpinn,hard,adaptive,fixed,2,5,5,0.005,1000,106,1,pred_std,0.007847189903259277,1,0.704646646976471,501,0.6970279812812805,1000,1,501,11,0.007847189903259277,0.704646646976471,0.581965752623298,0.658118724822998,0.21182710326295623,post-update
core,qpinn_hard_adaptive_fixed_seed2,reviewer11_experiments/results/elastostatic_core/qpinn_hard_adaptive_fixed_seed2.json,qpinn,hard,adaptive,fixed,2,5,5,0.005,1000,106,1,pred_norm,0.26841607689857483,1,9.994160652160645,501,9.860724449157715,1000,1,501,11,0.26841607689857483,9.994160652160645,8.274767759171398,9.399057388305664,2.958966715134315,post-update
core,qpinn_hard_adaptive_fixed_seed2,reviewer11_experiments/results/elastostatic_core/qpinn_hard_adaptive_fixed_seed2.json,qpinn,hard,adaptive,fixed,2,5,5,0.005,1000,106,1,wf,1.0,1,1.0,501,1.0,1000,1,1,11,1.0,1.0,1.0,1.0,0.0,pre-update
core,qpinn_hard_adaptive_fixed_seed2,reviewer11_experiments/results/elastostatic_core/qpinn_hard_adaptive_fixed_seed2.json,qpinn,hard,adaptive,fixed,2,5,5,0.005,1000,106,1,wb,0.0,1,0.0,501,0.0,1000,1,1,11,0.0,0.0,0.0,0.0,0.0,pre-update
core,qpinn_hard_uniform_fixed_seed0,reviewer11_experiments/results/elastostatic_core/qpinn_hard_uniform_fixed_seed0.json,qpinn,hard,uniform,fixed,0,5,5,0.005,1000,106,1,grad_q,12.680956311572839,1,0.7648752472010903,501,0.3435744488547677,1000,801,101,11,0.18998547288302828,31.82491629508072,6.939209413717369,2.671447831131411,10.028341912722736,pre-update
core,qpinn_hard_uniform_fixed_seed0,reviewer11_experiments/results/elastostatic_core/qpinn_hard_uniform_fixed_seed0.json,qpinn,hard,uniform,fixed,0,5,5,0.005,1000,106,1,grad_classical,22.821160689876287,1,2.577310616487572,501,0.47301430109047743,1000,1000,101,11,0.47301430109047743,184.98570566564962,28.130978644582296,6.960459023107529,53.953128199745905,pre-update
core,qpinn_hard_uniform_fixed_seed0,reviewer11_experiments/results/elastostatic_core/qpinn_hard_uniform_fixed_seed0.json,qpinn,hard,uniform,fixed,0,5,5,0.005,1000,106,1,grad_total,26.10770055384376,1,2.688412944032311,501,0.5846246068563743,1000,1000,101,11,0.5846246068563743,187.70332068934542,29.384961513103523,7.455509595380837,54.636427135069525,pre-update
core,qpinn_hard_uniform_fixed_seed0,reviewer11_experiments/results/elastostatic_core/qpinn_hard_uniform_fixed_seed0.json,qpinn,hard,uniform,fixed,0,5,5,0.005,1000,106,1,loss_logged,789.0296630859375,1,5.873384475708008,501,0.03717381879687309,1000,1000,1,11,0.03717381879687309,789.0296630859375,95.54154903272337,5.873384475708008,238.04888904426448,preserve logged branch status in checkpoints.csv
core,qpinn_hard_uniform_fixed_seed0,reviewer11_experiments/results/elastostatic_core/qpinn_hard_uniform_fixed_seed0.json,qpinn,hard,uniform,fixed,0,5,5,0.005,1000,106,1,objective_reconstructed,789.0296630859375,1,5.873384475708008,501,0.03717381879687309,1000,1000,1,11,0.03717381879687309,789.0296630859375,95.54154903272337,5.873384475708008,238.04888904426448,pre-update
core,qpinn_hard_uniform_fixed_seed0,reviewer11_experiments/results/elastostatic_core/qpinn_hard_uniform_fixed_seed0.json,qpinn,hard,uniform,fixed,0,5,5,0.005,1000,106,1,lf,789.0296630859375,1,5.873384475708008,501,0.03717381879687309,1000,1000,1,11,0.03717381879687309,789.0296630859375,95.54154903272337,5.873384475708008,238.04888904426448,pre-update
core,qpinn_hard_uniform_fixed_seed0,reviewer11_experiments/results/elastostatic_core/qpinn_hard_uniform_fixed_seed0.json,qpinn,hard,uniform,fixed,0,5,5,0.005,1000,106,1,lb,0.0,1,0.0,501,0.0,1000,1,1,11,0.0,0.0,0.0,0.0,0.0,pre-update
core,qpinn_hard_uniform_fixed_seed0,reviewer11_experiments/results/elastostatic_core/qpinn_hard_uniform_fixed_seed0.json,qpinn,hard,uniform,fixed,0,5,5,0.005,1000,106,1,rel_l2_51,1.0014833211898804,1,0.054280836135149,501,0.0010160275269299746,1000,1000,1,11,0.0010160275269299746,1.0014833211898804,0.16839089888063344,0.05509829521179199,0.30742972787496625,post-update
core,qpinn_hard_uniform_fixed_seed0,reviewer11_experiments/results/elastostatic_core/qpinn_hard_uniform_fixed_seed0.json,qpinn,hard,uniform,fixed,0,5,5,0.005,1000,106,1,pred_mean,0.02644132263958454,1,0.033509623259305954,501,0.0004328922077547759,1000,1000,601,11,0.0004328922077547759,0.043444760143756866,0.019298394932940773,0.02013719268143177,0.015319064529614618,post-update
core,qpinn_hard_uniform_fixed_seed0,reviewer11_experiments/results/elastostatic_core/qpinn_hard_uniform_fixed_seed0.json,qpinn,hard,uniform,fixed,0,5,5,0.005,1000,106,1,pred_std,0.012363513000309467,1,0.6996982097625732,501,0.7066084742546082,1000,1,1000,11,0.012363513000309467,0.7066084742546082,0.600561842745678,0.6967924237251282,0.21812911123751214,post-update
core,qpinn_hard_uniform_fixed_seed0,reviewer11_experiments/results/elastostatic_core/qpinn_hard_uniform_fixed_seed0.json,qpinn,hard,uniform,fixed,0,5,5,0.005,1000,106,1,pred_norm,0.4136413335800171,1,9.906624794006348,501,9.992955207824707,1000,1,1000,11,0.4136413335800171,9.992955207824707,8.52063962546262,9.873364448547363,3.022010698978481,post-update
core,qpinn_hard_uniform_fixed_seed0,reviewer11_experiments/results/elastostatic_core/qpinn_hard_uniform_fixed_seed0.json,qpinn,hard,uniform,fixed,0,5,5,0.005,1000,106,1,wf,1.0,1,1.0,501,1.0,1000,1,1,11,1.0,1.0,1.0,1.0,0.0,pre-update
core,qpinn_hard_uniform_fixed_seed0,reviewer11_experiments/results/elastostatic_core/qpinn_hard_uniform_fixed_seed0.json,qpinn,hard,uniform,fixed,0,5,5,0.005,1000,106,1,wb,0.0,1,0.0,501,0.0,1000,1,1,11,0.0,0.0,0.0,0.0,0.0,pre-update
core,qpinn_hard_uniform_fixed_seed1,reviewer11_experiments/results/elastostatic_core/qpinn_hard_uniform_fixed_seed1.json,qpinn,hard,uniform,fixed,1,5,5,0.005,1000,106,1,grad_q,6.502610839899962,1,1.49044027235364,501,3.0817823911706808,1000,901,101,11,0.07120746895571649,40.14286787487181,6.92971077031248,3.0817823911706808,11.338059691796433,pre-update
core,qpinn_hard_uniform_fixed_seed1,reviewer11_experiments/results/elastostatic_core/qpinn_hard_uniform_fixed_seed1.json,qpinn,hard,uniform,fixed,1,5,5,0.005,1000,106,1,grad_classical,15.501091424867143,1,5.492917163853702,501,4.734560167722053,1000,901,101,11,0.371922694095438,181.7565045692567,26.356077498395347,7.316674549981996,52.8482231431728,pre-update
core,qpinn_hard_uniform_fixed_seed1,reviewer11_experiments/results/elastostatic_core/qpinn_hard_uniform_fixed_seed1.json,qpinn,hard,uniform,fixed,1,5,5,0.005,1000,106,1,grad_total,16.80975261856266,1,5.691533288527108,501,5.649198411129667,1000,901,101,11,0.3786779555483631,186.13671533164447,27.42477398897662,7.60647028004519,53.95448377560477,pre-update
core,qpinn_hard_uniform_fixed_seed1,reviewer11_experiments/results/elastostatic_core/qpinn_hard_uniform_fixed_seed1.json,qpinn,hard,uniform,fixed,1,5,5,0.005,1000,106,1,loss_logged,789.7645263671875,1,0.8346680998802185,501,0.041200388222932816,1000,1000,1,11,0.041200388222932816,789.7645263671875,95.61404809897596,0.8346680998802185,239.53359739060775,preserve logged branch status in checkpoints.csv
core,qpinn_hard_uniform_fixed_seed1,reviewer11_experiments/results/elastostatic_core/qpinn_hard_uniform_fixed_seed1.json,qpinn,hard,uniform,fixed,1,5,5,0.005,1000,106,1,objective_reconstructed,789.7645263671875,1,0.8346680998802185,501,0.041200388222932816,1000,1000,1,11,0.041200388222932816,789.7645263671875,95.61404809897596,0.8346680998802185,239.53359739060775,pre-update
core,qpinn_hard_uniform_fixed_seed1,reviewer11_experiments/results/elastostatic_core/qpinn_hard_uniform_fixed_seed1.json,qpinn,hard,uniform,fixed,1,5,5,0.005,1000,106,1,lf,789.7645263671875,1,0.8346680998802185,501,0.041200388222932816,1000,1000,1,11,0.041200388222932816,789.7645263671875,95.61404809897596,0.8346680998802185,239.53359739060775,pre-update
core,qpinn_hard_uniform_fixed_seed1,reviewer11_experiments/results/elastostatic_core/qpinn_hard_uniform_fixed_seed1.json,qpinn,hard,uniform,fixed,1,5,5,0.005,1000,106,1,lb,0.0,1,0.0,501,0.0,1000,1,1,11,0.0,0.0,0.0,0.0,0.0,pre-update
core,qpinn_hard_uniform_fixed_seed1,reviewer11_experiments/results/elastostatic_core/qpinn_hard_uniform_fixed_seed1.json,qpinn,hard,uniform,fixed,1,5,5,0.005,1000,106,1,rel_l2_51,1.0086508989334106,1,0.01929420791566372,501,0.0016597207868471742,1000,901,1,11,0.0008914281497709453,1.0086508989334106,0.15688649292463774,0.01929420791566372,0.3162946048790296,post-update
core,qpinn_hard_uniform_fixed_seed1,reviewer11_experiments/results/elastostatic_core/qpinn_hard_uniform_fixed_seed1.json,qpinn,hard,uniform,fixed,1,5,5,0.005,1000,106,1,pred_mean,-0.080941341817379,1,0.0096977474167943,501,-0.0008491781773045659,1000,1,401,11,-0.080941341817379,0.03383605554699898,-0.004594550133994992,-7.624175486853346e-05,0.02789820175093483,post-update
core,qpinn_hard_uniform_fixed_seed1,reviewer11_experiments/results/elastostatic_core/qpinn_hard_uniform_fixed_seed1.json,qpinn,hard,uniform,fixed,1,5,5,0.005,1000,106,1,pred_std,0.0368981771171093,1,0.6987304091453552,501,0.7066909074783325,1000,1,1000,11,0.0368981771171093,0.7066909074783325,0.6037064665420488,0.6987304091453552,0.21325390286567636,post-update
core,qpinn_hard_uniform_fixed_seed1,reviewer11_experiments/results/elastostatic_core/qpinn_hard_uniform_fixed_seed1.json,qpinn,hard,uniform,fixed,1,5,5,0.005,1000,106,1,pred_norm,1.2606136798858643,1,9.88249683380127,501,9.994126319885254,1000,1,1000,11,1.2606136798858643,9.994126319885254,8.60637658292597,9.88249683380127,2.821594484286029,post-update
core,qpinn_hard_uniform_fixed_seed1,reviewer11_experiments/results/elastostatic_core/qpinn_hard_uniform_fixed_seed1.json,qpinn,hard,uniform,fixed,1,5,5,0.005,1000,106,1,wf,1.0,1,1.0,501,1.0,1000,1,1,11,1.0,1.0,1.0,1.0,0.0,pre-update
core,qpinn_hard_uniform_fixed_seed1,reviewer11_experiments/results/elastostatic_core/qpinn_hard_uniform_fixed_seed1.json,qpinn,hard,uniform,fixed,1,5,5,0.005,1000,106,1,wb,0.0,1,0.0,501,0.0,1000,1,1,11,0.0,0.0,0.0,0.0,0.0,pre-update
core,qpinn_hard_uniform_fixed_seed2,reviewer11_experiments/results/elastostatic_core/qpinn_hard_uniform_fixed_seed2.json,qpinn,hard,uniform,fixed,2,5,5,0.005,1000,106,1,grad_q,0.8644088074497032,1,1.632834308961704,501,2.4245986275717004,1000,1,101,11,0.8644088074497032,47.00892950304291,6.361822413090667,1.632834308961704,13.57777699413332,pre-update
core,qpinn_hard_uniform_fixed_seed2,reviewer11_experiments/results/elastostatic_core/qpinn_hard_uniform_fixed_seed2.json,qpinn,hard,uniform,fixed,2,5,5,0.005,1000,106,1,grad_classical,3.472704708316558,1,9.7902765703949,501,3.3287341770650345,1000,801,101,11,2.429207789361752,170.25741776373766,23.511238430976498,5.083340447717911,50.058947758634865,pre-update
core,qpinn_hard_uniform_fixed_seed2,reviewer11_experiments/results/elastostatic_core/qpinn_hard_uniform_fixed_seed2.json,qpinn,hard,uniform,fixed,2,5,5,0.005,1000,106,1,grad_total,3.5786702247567614,1,9.92550569015734,501,4.1181488227580365,1000,801,101,11,2.825018677740032,176.62793594615192,24.47999662003696,6.30992816943852,51.80379570559236,pre-update
core,qpinn_hard_uniform_fixed_seed2,reviewer11_experiments/results/elastostatic_core/qpinn_hard_uniform_fixed_seed2.json,qpinn,hard,uniform,fixed,2,5,5,0.005,1000,106,1,loss_logged,786.9724731445312,1,5.557906150817871,501,0.037342462688684464,1000,1000,1,11,0.037342462688684464,786.9724731445312,92.30058112063192,5.557906150817871,235.87900776567975,preserve logged branch status in checkpoints.csv
core,qpinn_hard_uniform_fixed_seed2,reviewer11_experiments/results/elastostatic_core/qpinn_hard_uniform_fixed_seed2.json,qpinn,hard,uniform,fixed,2,5,5,0.005,1000,106,1,objective_reconstructed,786.9724731445312,1,5.557906150817871,501,0.037342462688684464,1000,1000,1,11,0.037342462688684464,786.9724731445312,92.30058112063192,5.557906150817871,235.87900776567975,pre-update
core,qpinn_hard_uniform_fixed_seed2,reviewer11_experiments/results/elastostatic_core/qpinn_hard_uniform_fixed_seed2.json,qpinn,hard,uniform,fixed,2,5,5,0.005,1000,106,1,lf,786.9724731445312,1,5.557906150817871,501,0.037342462688684464,1000,1000,1,11,0.037342462688684464,786.9724731445312,92.30058112063192,5.557906150817871,235.87900776567975,pre-update
core,qpinn_hard_uniform_fixed_seed2,reviewer11_experiments/results/elastostatic_core/qpinn_hard_uniform_fixed_seed2.json,qpinn,hard,uniform,fixed,2,5,5,0.005,1000,106,1,lb,0.0,1,0.0,501,0.0,1000,1,1,11,0.0,0.0,0.0,0.0,0.0,pre-update
core,qpinn_hard_uniform_fixed_seed2,reviewer11_experiments/results/elastostatic_core/qpinn_hard_uniform_fixed_seed2.json,qpinn,hard,uniform,fixed,2,5,5,0.005,1000,106,1,rel_l2_51,1.000221610069275,1,0.04256511107087135,501,0.0008780782809481025,1000,1000,1,11,0.0008780782809481025,1.000221610069275,0.1525679933626882,0.02549879252910614,0.3056217393503125,post-update
core,qpinn_hard_uniform_fixed_seed2,reviewer11_experiments/results/elastostatic_core/qpinn_hard_uniform_fixed_seed2.json,qpinn,hard,uniform,fixed,2,5,5,0.005,1000,106,1,pred_mean,0.017909608781337738,1,-0.021331701427698135,501,-0.00023090779723133892,1000,601,1,11,-0.025655703619122505,0.017909608781337738,-0.0029949426680104807,0.0001976952626137063,0.012409442401687315,post-update
core,qpinn_hard_uniform_fixed_seed2,reviewer11_experiments/results/elastostatic_core/qpinn_hard_uniform_fixed_seed2.json,qpinn,hard,uniform,fixed,2,5,5,0.005,1000,106,1,pred_std,0.008154328912496567,1,0.6893802881240845,501,0.7067016363143921,1000,1,1000,11,0.008154328912496567,0.7067016363143921,0.6043285751207308,0.6962875127792358,0.21538104429820473,post-update
core,qpinn_hard_uniform_fixed_seed2,reviewer11_experiments/results/elastostatic_core/qpinn_hard_uniform_fixed_seed2.json,qpinn,hard,uniform,fixed,2,5,5,0.005,1000,106,1,pred_norm,0.278873085975647,1,9.753998756408691,501,9.994271278381348,1000,1,1000,11,0.278873085975647,9.994271278381348,8.562594511292197,9.847078323364258,3.001295017117039,post-update
core,qpinn_hard_uniform_fixed_seed2,reviewer11_experiments/results/elastostatic_core/qpinn_hard_uniform_fixed_seed2.json,qpinn,hard,uniform,fixed,2,5,5,0.005,1000,106,1,wf,1.0,1,1.0,501,1.0,1000,1,1,11,1.0,1.0,1.0,1.0,0.0,pre-update
core,qpinn_hard_uniform_fixed_seed2,reviewer11_experiments/results/elastostatic_core/qpinn_hard_uniform_fixed_seed2.json,qpinn,hard,uniform,fixed,2,5,5,0.005,1000,106,1,wb,0.0,1,0.0,501,0.0,1000,1,1,11,0.0,0.0,0.0,0.0,0.0,pre-update
core,qpinn_soft_adaptive_fixed_seed0,reviewer11_experiments/results/elastostatic_core/qpinn_soft_adaptive_fixed_seed0.json,qpinn,soft,adaptive,fixed,0,5,5,0.005,1000,106,1,grad_q,8.47107361720368,1,36.03283974113016,501,0.269844526037786,1000,1000,101,11,0.269844526037786,47.225001361548514,10.102527262673291,1.6020149554300014,16.242218553405017,pre-update
core,qpinn_soft_adaptive_fixed_seed0,reviewer11_experiments/results/elastostatic_core/qpinn_soft_adaptive_fixed_seed0.json,qpinn,soft,adaptive,fixed,0,5,5,0.005,1000,106,1,grad_classical,17.131569247872456,1,104.00676798751094,501,0.4581498107952123,1000,1000,101,11,0.4581498107952123,160.6430230949975,27.012823048074157,1.6168829018895927,53.81174383201142,pre-update
core,qpinn_soft_adaptive_fixed_seed0,reviewer11_experiments/results/elastostatic_core/qpinn_soft_adaptive_fixed_seed0.json,qpinn,soft,adaptive,fixed,0,5,5,0.005,1000,106,1,grad_total,19.1115083947535,1,110.07167359051964,501,0.5317116863152871,1000,1000,101,11,0.5317116863152871,167.4406809072937,29.245858067233783,2.276128782789827,55.97848010630976,pre-update
core,qpinn_soft_adaptive_fixed_seed0,reviewer11_experiments/results/elastostatic_core/qpinn_soft_adaptive_fixed_seed0.json,qpinn,soft,adaptive,fixed,0,5,5,0.005,1000,106,1,loss_logged,1100.3123779296875,1,0.6039729714393616,501,0.09177440404891968,1000,1000,1,11,0.09177440404891968,1100.3123779296875,110.39717157049613,0.49825000762939453,329.8641933755311,preserve logged branch status in checkpoints.csv
core,qpinn_soft_adaptive_fixed_seed0,reviewer11_experiments/results/elastostatic_core/qpinn_soft_adaptive_fixed_seed0.json,qpinn,soft,adaptive,fixed,0,5,5,0.005,1000,106,1,objective_reconstructed,1100.3124165348709,1,0.6039729714393616,501,0.09177440777420998,1000,1000,1,11,0.09177440777420998,1100.3124165348709,110.39717533473264,0.4982500225305557,329.86420495982634,pre-update
core,qpinn_soft_adaptive_fixed_seed0,reviewer11_experiments/results/elastostatic_core/qpinn_soft_adaptive_fixed_seed0.json,qpinn,soft,adaptive,fixed,0,5,5,0.005,1000,106,1,lf,1100.260498046875,1,0.3422071635723114,501,0.0565168671309948,1000,1000,1,11,0.0565168671309948,1100.260498046875,109.40271959724751,0.06806949526071548,330.02161818972877,pre-update
core,qpinn_soft_adaptive_fixed_seed0,reviewer11_experiments/results/elastostatic_core/qpinn_soft_adaptive_fixed_seed0.json,qpinn,soft,adaptive,fixed,0,5,5,0.005,1000,106,1,lb,0.05191848799586296,1,0.26176580786705017,501,0.03525754064321518,1000,1000,101,11,0.03525754064321518,5.931025505065918,0.9944557374851271,0.20116335153579712,1.836625731339176,pre-update
core,qpinn_soft_adaptive_fixed_seed0,reviewer11_experiments/results/elastostatic_core/qpinn_soft_adaptive_fixed_seed0.json,qpinn,soft,adaptive,fixed,0,5,5,0.005,1000,106,1,rel_l2_51,1.0301315784454346,1,0.31738632917404175,501,0.11225931346416473,1000,1000,101,11,0.11225931346416473,1.4671827554702759,0.51344649087299,0.31738632917404175,0.4495171669398466,post-update
core,qpinn_soft_adaptive_fixed_seed0,reviewer11_experiments/results/elastostatic_core/qpinn_soft_adaptive_fixed_seed0.json,qpinn,soft,adaptive,fixed,0,5,5,0.005,1000,106,1,pred_mean,0.15633711218833923,1,0.010822831653058529,501,0.0015056286938488483,1000,1000,101,11,0.0015056286938488483,0.2988251745700836,0.0540840172378177,0.010822831653058529,0.0945316283787174,post-update
core,qpinn_soft_adaptive_fixed_seed0,reviewer11_experiments/results/elastostatic_core/qpinn_soft_adaptive_fixed_seed0.json,qpinn,soft,adaptive,fixed,0,5,5,0.005,1000,106,1,pred_std,0.006047259084880352,1,0.8861965537071228,501,0.7686054706573486,1000,1,101,11,0.006047259084880352,1.5654245615005493,0.8870114747604186,0.8580121994018555,0.382707885878316,post-update
core,qpinn_soft_adaptive_fixed_seed0,reviewer11_experiments/results/elastostatic_core/qpinn_soft_adaptive_fixed_seed0.json,qpinn,soft,adaptive,fixed,0,5,5,0.005,1000,106,1,pred_norm,2.2181103229522705,1,12.533651351928711,501,10.869743347167969,1000,1,101,11,2.2181103229522705,22.540172576904297,12.77864163572138,12.134148597717285,5.020615124829624,post-update
core,qpinn_soft_adaptive_fixed_seed0,reviewer11_experiments/results/elastostatic_core/qpinn_soft_adaptive_fixed_seed0.json,qpinn,soft,adaptive,fixed,0,5,5,0.005,1000,106,1,wf,1.0,1,1.0,501,1.0,1000,1,1,11,1.0,1.0,1.0,1.0,0.0,pre-update
core,qpinn_soft_adaptive_fixed_seed0,reviewer11_experiments/results/elastostatic_core/qpinn_soft_adaptive_fixed_seed0.json,qpinn,soft,adaptive,fixed,0,5,5,0.005,1000,106,1,wb,1.0,1,1.0,501,1.0,1000,1,1,11,1.0,1.0,1.0,1.0,0.0,pre-update
core,qpinn_soft_adaptive_fixed_seed1,reviewer11_experiments/results/elastostatic_core/qpinn_soft_adaptive_fixed_seed1.json,qpinn,soft,adaptive,fixed,1,5,5,0.005,1000,106,1,grad_q,1.4742493040468123,1,80.37966408170846,501,0.8281665555683702,1000,1000,501,11,0.8281665555683702,80.37966408170846,14.0655282850331,2.526964387930413,23.68848840265469,pre-update
core,qpinn_soft_adaptive_fixed_seed1,reviewer11_experiments/results/elastostatic_core/qpinn_soft_adaptive_fixed_seed1.json,qpinn,soft,adaptive,fixed,1,5,5,0.005,1000,106,1,grad_classical,5.061948389720564,1,263.77730766479647,501,0.8901613890559903,1000,1000,501,11,0.8901613890559903,263.77730766479647,38.87994703065942,5.061948389720564,78.81135150203488,pre-update
core,qpinn_soft_adaptive_fixed_seed1,reviewer11_experiments/results/elastostatic_core/qpinn_soft_adaptive_fixed_seed1.json,qpinn,soft,adaptive,fixed,1,5,5,0.005,1000,106,1,grad_total,5.272260664143714,1,275.75234983001866,501,1.2158318725580723,1000,1000,501,11,1.2158318725580723,275.75234983001866,41.65719395336254,5.272260664143714,82.12160448538177,pre-update
core,qpinn_soft_adaptive_fixed_seed1,reviewer11_experiments/results/elastostatic_core/qpinn_soft_adaptive_fixed_seed1.json,qpinn,soft,adaptive,fixed,1,5,5,0.005,1000,106,1,loss_logged,1165.5010986328125,1,5.387836933135986,501,0.28311219811439514,1000,1000,1,11,0.28311219811439514,1165.5010986328125,120.34935047951612,5.387836933135986,347.64882072664125,preserve logged branch status in checkpoints.csv
core,qpinn_soft_adaptive_fixed_seed1,reviewer11_experiments/results/elastostatic_core/qpinn_soft_adaptive_fixed_seed1.json,qpinn,soft,adaptive,fixed,1,5,5,0.005,1000,106,1,objective_reconstructed,1165.5011090040207,1,5.387836933135986,501,0.28311219811439514,1000,1000,1,11,0.28311219811439514,1165.5011090040207,120.34935175492005,5.387836933135986,347.6488237843943,pre-update
core,qpinn_soft_adaptive_fixed_seed1,reviewer11_experiments/results/elastostatic_core/qpinn_soft_adaptive_fixed_seed1.json,qpinn,soft,adaptive,fixed,1,5,5,0.005,1000,106,1,lf,1165.0133056640625,1,2.8429489135742188,501,0.08654581010341644,1000,1000,1,11,0.08654581010341644,1165.0133056640625,116.34895558587529,1.8757836818695068,348.6519880629398,pre-update
core,qpinn_soft_adaptive_fixed_seed1,reviewer11_experiments/results/elastostatic_core/qpinn_soft_adaptive_fixed_seed1.json,qpinn,soft,adaptive,fixed,1,5,5,0.005,1000,106,1,lb,0.4878033399581909,1,2.5448880195617676,501,0.1965663880109787,1000,1000,201,11,0.1965663880109787,13.168697357177734,4.0003961690447545,1.2896826267242432,4.917052177437,pre-update
core,qpinn_soft_adaptive_fixed_seed1,reviewer11_experiments/results/elastostatic_core/qpinn_soft_adaptive_fixed_seed1.json,qpinn,soft,adaptive,fixed,1,5,5,0.005,1000,106,1,rel_l2_51,1.2141495943069458,1,0.9312063455581665,501,0.2632902264595032,1000,1000,201,11,0.2632902264595032,2.166930913925171,1.057004982774908,0.9312063455581665,0.6937941010006131,post-update
core,qpinn_soft_adaptive_fixed_seed1,reviewer11_experiments/results/elastostatic_core/qpinn_soft_adaptive_fixed_seed1.json,qpinn,soft,adaptive,fixed,1,5,5,0.005,1000,106,1,pred_mean,-0.47600141167640686,1,-0.031284332275390625,501,-0.004036915022879839,1000,1,101,11,-0.47600141167640686,0.3820123076438904,0.015115112023936077,-0.005783235188573599,0.2094501103215711,post-update
core,qpinn_soft_adaptive_fixed_seed1,reviewer11_experiments/results/elastostatic_core/qpinn_soft_adaptive_fixed_seed1.json,qpinn,soft,adaptive,fixed,1,5,5,0.005,1000,106,1,pred_std,0.00547297578305006,1,1.2710641622543335,501,0.8557268381118774,1000,1,201,11,0.00547297578305006,2.081230401992798,1.2207801683213224,1.1080210208892822,0.5967234573665346,post-update
core,qpinn_soft_adaptive_fixed_seed1,reviewer11_experiments/results/elastostatic_core/qpinn_soft_adaptive_fixed_seed1.json,qpinn,soft,adaptive,fixed,1,5,5,0.005,1000,106,1,pred_norm,6.748928546905518,1,17.981033325195312,501,12.101940155029297,1000,1,201,11,6.748928546905518,29.529268264770508,17.94812648946589,15.675415992736816,7.32135180568242,post-update
core,qpinn_soft_adaptive_fixed_seed1,reviewer11_experiments/results/elastostatic_core/qpinn_soft_adaptive_fixed_seed1.json,qpinn,soft,adaptive,fixed,1,5,5,0.005,1000,106,1,wf,1.0,1,1.0,501,1.0,1000,1,1,11,1.0,1.0,1.0,1.0,0.0,pre-update
core,qpinn_soft_adaptive_fixed_seed1,reviewer11_experiments/results/elastostatic_core/qpinn_soft_adaptive_fixed_seed1.json,qpinn,soft,adaptive,fixed,1,5,5,0.005,1000,106,1,wb,1.0,1,1.0,501,1.0,1000,1,1,11,1.0,1.0,1.0,1.0,0.0,pre-update
core,qpinn_soft_adaptive_fixed_seed2,reviewer11_experiments/results/elastostatic_core/qpinn_soft_adaptive_fixed_seed2.json,qpinn,soft,adaptive,fixed,2,5,5,0.005,1000,106,1,grad_q,0.08164552469347715,1,15.419539754129566,501,0.1126262003362116,1000,1,101,11,0.08164552469347715,65.26405050513898,8.831347047917825,0.33555631355413285,19.57024821911924,pre-update
core,qpinn_soft_adaptive_fixed_seed2,reviewer11_experiments/results/elastostatic_core/qpinn_soft_adaptive_fixed_seed2.json,qpinn,soft,adaptive,fixed,2,5,5,0.005,1000,106,1,grad_classical,0.6839014281504796,1,74.25889412411351,501,0.27828424007245883,1000,1000,101,11,0.27828424007245883,116.02851422614256,19.04680546786969,0.6976275981849961,38.980793660784414,pre-update
core,qpinn_soft_adaptive_fixed_seed2,reviewer11_experiments/results/elastostatic_core/qpinn_soft_adaptive_fixed_seed2.json,qpinn,soft,adaptive,fixed,2,5,5,0.005,1000,106,1,grad_total,0.688757689705704,1,75.84290054293469,501,0.30021122443186293,1000,1000,101,11,0.30021122443186293,133.12404892378947,21.31962747430984,0.7741332606957317,43.44385526985041,pre-update
core,qpinn_soft_adaptive_fixed_seed2,reviewer11_experiments/results/elastostatic_core/qpinn_soft_adaptive_fixed_seed2.json,qpinn,soft,adaptive,fixed,2,5,5,0.005,1000,106,1,loss_logged,1181.2410888671875,1,0.43348851799964905,501,0.06946329027414322,1000,1000,1,11,0.06946329027414322,1181.2410888671875,117.22515615346757,0.11689817905426025,354.28101608400993,preserve logged branch status in checkpoints.csv
core,qpinn_soft_adaptive_fixed_seed2,reviewer11_experiments/results/elastostatic_core/qpinn_soft_adaptive_fixed_seed2.json,qpinn,soft,adaptive,fixed,2,5,5,0.005,1000,106,1,objective_reconstructed,1181.2411186397076,1,0.4334885310381651,501,0.06946329027414322,1000,1000,1,11,0.06946329027414322,1181.2411186397076,117.22515879704257,0.1168981822556816,354.2810250274124,pre-update
core,qpinn_soft_adaptive_fixed_seed2,reviewer11_experiments/results/elastostatic_core/qpinn_soft_adaptive_fixed_seed2.json,qpinn,soft,adaptive,fixed,2,5,5,0.005,1000,106,1,lf,1181.208984375,1,0.4209804832935333,501,0.06460971385240555,1000,401,1,11,0.06334094703197479,1181.208984375,116.87078572267836,0.11647757887840271,354.3131651754795,pre-update
core,qpinn_soft_adaptive_fixed_seed2,reviewer11_experiments/results/elastostatic_core/qpinn_soft_adaptive_fixed_seed2.json,qpinn,soft,adaptive,fixed,2,5,5,0.005,1000,106,1,lb,0.03213426470756531,1,0.012508047744631767,501,0.004853576421737671,1000,601,101,11,0.0004206033772788942,2.932471513748169,0.35437307436421345,0.012508047744631767,0.8865010991200464,pre-update
core,qpinn_soft_adaptive_fixed_seed2,reviewer11_experiments/results/elastostatic_core/qpinn_soft_adaptive_fixed_seed2.json,qpinn,soft,adaptive,fixed,2,5,5,0.005,1000,106,1,rel_l2_51,1.0104115009307861,1,0.05486451834440231,501,0.040603041648864746,1000,601,101,11,0.012900955975055695,1.3723076581954956,0.30881294404918497,0.05486451834440231,0.4664067842756176,post-update
core,qpinn_soft_adaptive_fixed_seed2,reviewer11_experiments/results/elastostatic_core/qpinn_soft_adaptive_fixed_seed2.json,qpinn,soft,adaptive,fixed,2,5,5,0.005,1000,106,1,pred_mean,0.10532169789075851,1,0.0043834904208779335,501,-0.00026477983919903636,1000,201,101,11,-0.02705451473593712,0.5619345903396606,0.06099850556082939,0.0028349035419523716,0.16938641183569628,post-update
core,qpinn_soft_adaptive_fixed_seed2,reviewer11_experiments/results/elastostatic_core/qpinn_soft_adaptive_fixed_seed2.json,qpinn,soft,adaptive,fixed,2,5,5,0.005,1000,106,1,pred_std,0.0007771808304823935,1,0.7371277809143066,501,0.6861961483955383,1000,1,101,11,0.0007771808304823935,1.357786774635315,0.7380058057235808,0.7013304829597473,0.31948372147697207,post-update
core,qpinn_soft_adaptive_fixed_seed2,reviewer11_experiments/results/elastostatic_core/qpinn_soft_adaptive_fixed_seed2.json,qpinn,soft,adaptive,fixed,2,5,5,0.005,1000,106,1,pred_norm,1.4932332038879395,1,10.424745559692383,501,9.704279899597168,1000,1,101,11,1.4932332038879395,20.789104461669922,10.716683344407516,9.918392181396484,4.527164221642089,post-update
core,qpinn_soft_adaptive_fixed_seed2,reviewer11_experiments/results/elastostatic_core/qpinn_soft_adaptive_fixed_seed2.json,qpinn,soft,adaptive,fixed,2,5,5,0.005,1000,106,1,wf,1.0,1,1.0,501,1.0,1000,1,1,11,1.0,1.0,1.0,1.0,0.0,pre-update
core,qpinn_soft_adaptive_fixed_seed2,reviewer11_experiments/results/elastostatic_core/qpinn_soft_adaptive_fixed_seed2.json,qpinn,soft,adaptive,fixed,2,5,5,0.005,1000,106,1,wb,1.0,1,1.0,501,1.0,1000,1,1,11,1.0,1.0,1.0,1.0,0.0,pre-update
core,qpinn_soft_uniform_fixed_seed0,reviewer11_experiments/results/elastostatic_core/qpinn_soft_uniform_fixed_seed0.json,qpinn,soft,uniform,fixed,0,5,5,0.005,1000,106,1,grad_q,6.565118605956252,1,0.9007225734988338,501,0.14121028866309404,1000,1000,101,11,0.14121028866309404,28.27111742850089,6.2642150218027774,0.9007225734988338,10.580963668364145,pre-update
core,qpinn_soft_uniform_fixed_seed0,reviewer11_experiments/results/elastostatic_core/qpinn_soft_uniform_fixed_seed0.json,qpinn,soft,uniform,fixed,0,5,5,0.005,1000,106,1,grad_classical,12.645497239400989,1,0.8175708627995559,501,0.265282780589961,1000,1000,101,11,0.265282780589961,102.71160898262474,13.092502780912994,0.8175708627995559,30.411860208918796,pre-update
core,qpinn_soft_uniform_fixed_seed0,reviewer11_experiments/results/elastostatic_core/qpinn_soft_uniform_fixed_seed0.json,qpinn,soft,uniform,fixed,0,5,5,0.005,1000,106,1,grad_total,14.248136114663243,1,1.2164387654580777,501,0.3005250393924868,1000,1000,101,11,0.3005250393924868,106.53136017368634,15.044828662691941,1.2164387654580777,31.930798578765312,pre-update
core,qpinn_soft_uniform_fixed_seed0,reviewer11_experiments/results/elastostatic_core/qpinn_soft_uniform_fixed_seed0.json,qpinn,soft,uniform,fixed,0,5,5,0.005,1000,106,1,loss_logged,788.4578857421875,1,0.21971604228019714,501,0.04561261087656021,1000,1000,1,11,0.04561261087656021,788.4578857421875,81.0249061117118,0.21971604228019714,235.9393537195042,preserve logged branch status in checkpoints.csv
core,qpinn_soft_uniform_fixed_seed0,reviewer11_experiments/results/elastostatic_core/qpinn_soft_uniform_fixed_seed0.json,qpinn,soft,uniform,fixed,0,5,5,0.005,1000,106,1,objective_reconstructed,788.4578633122146,1,0.21971603482961655,501,0.04561261273920536,1000,1000,1,11,0.04561261273920536,788.4578633122146,81.02490406991406,0.21971603482961655,235.9393469951759,pre-update
core,qpinn_soft_uniform_fixed_seed0,reviewer11_experiments/results/elastostatic_core/qpinn_soft_uniform_fixed_seed0.json,qpinn,soft,uniform,fixed,0,5,5,0.005,1000,106,1,lf,788.4059448242188,1,0.07185208052396774,501,0.039835844188928604,1000,1000,1,11,0.039835844188928604,788.4059448242188,79.0957783071155,0.07185208052396774,236.3179295665742,pre-update
core,qpinn_soft_uniform_fixed_seed0,reviewer11_experiments/results/elastostatic_core/qpinn_soft_uniform_fixed_seed0.json,qpinn,soft,uniform,fixed,0,5,5,0.005,1000,106,1,lb,0.05191848799586296,1,0.1478639543056488,501,0.005776768550276756,1000,1000,201,11,0.005776768550276756,11.238780975341797,1.9291257627985694,0.06590189784765244,3.8912565316714627,pre-update
core,qpinn_soft_uniform_fixed_seed0,reviewer11_experiments/results/elastostatic_core/qpinn_soft_uniform_fixed_seed0.json,qpinn,soft,uniform,fixed,0,5,5,0.005,1000,106,1,rel_l2_51,1.0291639566421509,1,0.2271694839000702,501,0.04490825906395912,1000,1000,201,11,0.04490825906395912,2.0099637508392334,0.5736381950026209,0.2271694839000702,0.6810243653159884,post-update
core,qpinn_soft_uniform_fixed_seed0,reviewer11_experiments/results/elastostatic_core/qpinn_soft_uniform_fixed_seed0.json,qpinn,soft,uniform,fixed,0,5,5,0.005,1000,106,1,pred_mean,0.1547030508518219,1,0.007441575173288584,501,-7.497018668800592e-05,1000,1000,201,11,-7.497018668800592e-05,0.38109302520751953,0.07598304963771212,0.007441575173288584,0.1205624776481558,post-update
core,qpinn_soft_uniform_fixed_seed0,reviewer11_experiments/results/elastostatic_core/qpinn_soft_uniform_fixed_seed0.json,qpinn,soft,uniform,fixed,0,5,5,0.005,1000,106,1,pred_std,0.00579781923443079,1,0.8343053460121155,501,0.7313145995140076,1000,1,201,11,0.00579781923443079,1.9358216524124146,0.9286159670657732,0.7908492088317871,0.5082573862892015,post-update
core,qpinn_soft_uniform_fixed_seed0,reviewer11_experiments/results/elastostatic_core/qpinn_soft_uniform_fixed_seed0.json,qpinn,soft,uniform,fixed,0,5,5,0.005,1000,106,1,pred_norm,2.194826602935791,1,11.799331665039062,501,10.342350959777832,1000,1,201,11,2.194826602935791,27.904706954956055,13.389918197285045,11.184406280517578,6.953875091625462,post-update
core,qpinn_soft_uniform_fixed_seed0,reviewer11_experiments/results/elastostatic_core/qpinn_soft_uniform_fixed_seed0.json,qpinn,soft,uniform,fixed,0,5,5,0.005,1000,106,1,wf,1.0,1,1.0,501,1.0,1000,1,1,11,1.0,1.0,1.0,1.0,0.0,pre-update
core,qpinn_soft_uniform_fixed_seed0,reviewer11_experiments/results/elastostatic_core/qpinn_soft_uniform_fixed_seed0.json,qpinn,soft,uniform,fixed,0,5,5,0.005,1000,106,1,wb,1.0,1,1.0,501,1.0,1000,1,1,11,1.0,1.0,1.0,1.0,0.0,pre-update
core,qpinn_soft_uniform_fixed_seed1,reviewer11_experiments/results/elastostatic_core/qpinn_soft_uniform_fixed_seed1.json,qpinn,soft,uniform,fixed,1,5,5,0.005,1000,106,1,grad_q,1.1906280339088648,1,2.1538817319556034,501,0.3749732353515859,1000,1000,201,11,0.3749732353515859,16.359437551815038,4.306694169110498,1.6218502403263575,5.668306598037064,pre-update
core,qpinn_soft_uniform_fixed_seed1,reviewer11_experiments/results/elastostatic_core/qpinn_soft_uniform_fixed_seed1.json,qpinn,soft,uniform,fixed,1,5,5,0.005,1000,106,1,grad_classical,4.163284751981543,1,2.4618400698323013,501,0.5065017787897895,1000,1000,101,11,0.5065017787897895,64.5514536326821,10.758178146944596,2.4618400698323013,19.3289925590874,pre-update
core,qpinn_soft_uniform_fixed_seed1,reviewer11_experiments/results/elastostatic_core/qpinn_soft_uniform_fixed_seed1.json,qpinn,soft,uniform,fixed,1,5,5,0.005,1000,106,1,grad_total,4.3301887997189805,1,3.2710645124613453,501,0.6301975715180571,1000,1000,101,11,0.6301975715180571,66.02295855350336,11.80136318489289,3.2710645124613453,20.006370875126205,pre-update
core,qpinn_soft_uniform_fixed_seed1,reviewer11_experiments/results/elastostatic_core/qpinn_soft_uniform_fixed_seed1.json,qpinn,soft,uniform,fixed,1,5,5,0.005,1000,106,1,loss_logged,787.706787109375,1,1.4838706254959106,501,0.10573238134384155,1000,1000,1,11,0.10573238134384155,787.706787109375,83.87703814696182,1.4838706254959106,235.06650721826037,preserve logged branch status in checkpoints.csv
core,qpinn_soft_uniform_fixed_seed1,reviewer11_experiments/results/elastostatic_core/qpinn_soft_uniform_fixed_seed1.json,qpinn,soft,uniform,fixed,1,5,5,0.005,1000,106,1,objective_reconstructed,787.7067974805832,1,1.4838706254959106,501,0.10573237761855125,1000,1000,1,11,0.10573237761855125,787.7067974805832,83.87703941220587,1.4838706254959106,235.06651034586784,pre-update
core,qpinn_soft_uniform_fixed_seed1,reviewer11_experiments/results/elastostatic_core/qpinn_soft_uniform_fixed_seed1.json,qpinn,soft,uniform,fixed,1,5,5,0.005,1000,106,1,lf,787.218994140625,1,0.2859363555908203,501,0.03786292299628258,1000,1000,1,11,0.03786292299628258,787.218994140625,81.17464885589752,0.2859363555908203,235.56581979658412,pre-update
core,qpinn_soft_uniform_fixed_seed1,reviewer11_experiments/results/elastostatic_core/qpinn_soft_uniform_fixed_seed1.json,qpinn,soft,uniform,fixed,1,5,5,0.005,1000,106,1,lb,0.4878033399581909,1,1.1979342699050903,501,0.06786945462226868,1000,1000,201,11,0.06786945462226868,13.19554328918457,2.702390556308356,0.6585331559181213,4.070533331297913,pre-update
core,qpinn_soft_uniform_fixed_seed1,reviewer11_experiments/results/elastostatic_core/qpinn_soft_uniform_fixed_seed1.json,qpinn,soft,uniform,fixed,1,5,5,0.005,1000,106,1,rel_l2_51,1.2130306959152222,1,0.6479302644729614,501,0.15437431633472443,1000,1000,201,11,0.15437431633472443,2.1586341857910156,0.8226999098604376,0.6479302644729614,0.6345260313284048,post-update
core,qpinn_soft_uniform_fixed_seed1,reviewer11_experiments/results/elastostatic_core/qpinn_soft_uniform_fixed_seed1.json,qpinn,soft,uniform,fixed,1,5,5,0.005,1000,106,1,pred_mean,-0.4744441509246826,1,-0.020109299570322037,501,-0.006901375483721495,1000,1,201,11,-0.4744441509246826,0.24736332893371582,-0.00015788046981800687,-0.011450862511992455,0.18560386529833825,post-update
core,qpinn_soft_uniform_fixed_seed1,reviewer11_experiments/results/elastostatic_core/qpinn_soft_uniform_fixed_seed1.json,qpinn,soft,uniform,fixed,1,5,5,0.005,1000,106,1,pred_std,0.0056099058128893375,1,1.090666651725769,501,0.7923219203948975,1000,1,201,11,0.0056099058128893375,2.0638136863708496,1.0720225821926512,0.9863028526306152,0.5266309837021151,post-update
core,qpinn_soft_uniform_fixed_seed1,reviewer11_experiments/results/elastostatic_core/qpinn_soft_uniform_fixed_seed1.json,qpinn,soft,uniform,fixed,1,5,5,0.005,1000,106,1,pred_norm,6.726874351501465,1,15.42699146270752,501,11.205551147460938,1000,1,201,11,6.726874351501465,29.396671295166016,15.808985363353383,13.950700759887695,6.348777197408325,post-update
core,qpinn_soft_uniform_fixed_seed1,reviewer11_experiments/results/elastostatic_core/qpinn_soft_uniform_fixed_seed1.json,qpinn,soft,uniform,fixed,1,5,5,0.005,1000,106,1,wf,1.0,1,1.0,501,1.0,1000,1,1,11,1.0,1.0,1.0,1.0,0.0,pre-update
core,qpinn_soft_uniform_fixed_seed1,reviewer11_experiments/results/elastostatic_core/qpinn_soft_uniform_fixed_seed1.json,qpinn,soft,uniform,fixed,1,5,5,0.005,1000,106,1,wb,1.0,1,1.0,501,1.0,1000,1,1,11,1.0,1.0,1.0,1.0,0.0,pre-update
core,qpinn_soft_uniform_fixed_seed2,reviewer11_experiments/results/elastostatic_core/qpinn_soft_uniform_fixed_seed2.json,qpinn,soft,uniform,fixed,2,5,5,0.005,1000,106,1,grad_q,0.09102714799012461,1,0.09771624213946228,501,0.03749292270338868,1000,1000,101,11,0.03749292270338868,56.49353979963653,5.605316052502722,0.09102714799012461,16.913201916606756,pre-update
core,qpinn_soft_uniform_fixed_seed2,reviewer11_experiments/results/elastostatic_core/qpinn_soft_uniform_fixed_seed2.json,qpinn,soft,uniform,fixed,2,5,5,0.005,1000,106,1,grad_classical,0.6764410215641758,1,0.18524241092050206,501,0.09248151126412288,1000,1000,101,11,0.09248151126412288,94.65847434327385,9.838506945696444,0.18524241092050206,28.306038099229657,pre-update
core,qpinn_soft_uniform_fixed_seed2,reviewer11_experiments/results/elastostatic_core/qpinn_soft_uniform_fixed_seed2.json,qpinn,soft,uniform,fixed,2,5,5,0.005,1000,106,1,grad_total,0.6825382021000743,1,0.20943546686628356,501,0.09979253067508793,1000,1000,101,11,0.09979253067508793,110.23496180472577,11.34848351350307,0.20943546686628356,32.96450624157646,pre-update
core,qpinn_soft_uniform_fixed_seed2,reviewer11_experiments/results/elastostatic_core/qpinn_soft_uniform_fixed_seed2.json,qpinn,soft,uniform,fixed,2,5,5,0.005,1000,106,1,loss_logged,787.098388671875,1,0.04398477077484131,501,0.038072843104600906,1000,1000,1,11,0.038072843104600906,787.098388671875,78.16033295575868,0.04398477077484131,236.09701912055115,preserve logged branch status in checkpoints.csv
core,qpinn_soft_uniform_fixed_seed2,reviewer11_experiments/results/elastostatic_core/qpinn_soft_uniform_fixed_seed2.json,qpinn,soft,uniform,fixed,2,5,5,0.005,1000,106,1,objective_reconstructed,787.0984184443951,1,0.04398476949427277,501,0.038072844850830734,1000,1000,1,11,0.038072844850830734,787.0984184443951,78.16033568372272,0.04398476949427277,236.09702805988994,pre-update
core,qpinn_soft_uniform_fixed_seed2,reviewer11_experiments/results/elastostatic_core/qpinn_soft_uniform_fixed_seed2.json,qpinn,soft,uniform,fixed,2,5,5,0.005,1000,106,1,lf,787.0662841796875,1,0.043308209627866745,501,0.03732427582144737,1000,1000,1,11,0.03732427582144737,787.0662841796875,77.84151651100679,0.043308209627866745,236.10644426334036,pre-update
core,qpinn_soft_uniform_fixed_seed2,reviewer11_experiments/results/elastostatic_core/qpinn_soft_uniform_fixed_seed2.json,qpinn,soft,uniform,fixed,2,5,5,0.005,1000,106,1,lb,0.03213426470756531,1,0.0006765598664060235,501,0.0007485690293833613,1000,401,101,11,1.2865448297816329e-05,3.238212823867798,0.3188191727159309,0.0011830530129373074,0.9705247631420273,pre-update
core,qpinn_soft_uniform_fixed_seed2,reviewer11_experiments/results/elastostatic_core/qpinn_soft_uniform_fixed_seed2.json,qpinn,soft,uniform,fixed,2,5,5,0.005,1000,106,1,rel_l2_51,1.0104358196258545,1,0.01587659865617752,501,0.016385983675718307,1000,401,1,11,0.004735725466161966,1.0104358196258545,0.21730963636020367,0.02062494307756424,0.3804721161408151,post-update
core,qpinn_soft_uniform_fixed_seed2,reviewer11_experiments/results/elastostatic_core/qpinn_soft_uniform_fixed_seed2.json,qpinn,soft,uniform,fixed,2,5,5,0.005,1000,106,1,pred_mean,0.10467217862606049,1,0.0020155170932412148,501,0.001359379617497325,1000,101,1,11,-0.0915297120809555,0.10467217862606049,0.010834576466798106,0.00163304153829813,0.05090303662379904,post-update
core,qpinn_soft_uniform_fixed_seed2,reviewer11_experiments/results/elastostatic_core/qpinn_soft_uniform_fixed_seed2.json,qpinn,soft,uniform,fixed,2,5,5,0.005,1000,106,1,pred_std,0.0006267288699746132,1,0.6988471150398254,501,0.6984860301017761,1000,1,101,11,0.0006267288699746132,1.226343035697937,0.7003884844651277,0.6984860301017761,0.28118191346259347,post-update
core,qpinn_soft_uniform_fixed_seed2,reviewer11_experiments/results/elastostatic_core/qpinn_soft_uniform_fixed_seed2.json,qpinn,soft,uniform,fixed,2,5,5,0.005,1000,106,1,pred_norm,1.4840106964111328,1,9.883232116699219,501,9.878103256225586,1000,1,101,11,1.4840106964111328,17.39158821105957,10.049454255537553,9.878103256225586,3.6315871471090104,post-update
core,qpinn_soft_uniform_fixed_seed2,reviewer11_experiments/results/elastostatic_core/qpinn_soft_uniform_fixed_seed2.json,qpinn,soft,uniform,fixed,2,5,5,0.005,1000,106,1,wf,1.0,1,1.0,501,1.0,1000,1,1,11,1.0,1.0,1.0,1.0,0.0,pre-update
core,qpinn_soft_uniform_fixed_seed2,reviewer11_experiments/results/elastostatic_core/qpinn_soft_uniform_fixed_seed2.json,qpinn,soft,uniform,fixed,2,5,5,0.005,1000,106,1,wb,1.0,1,1.0,501,1.0,1000,1,1,11,1.0,1.0,1.0,1.0,0.0,pre-update
core,qpinn_soft_uniform_gradnorm_seed0,reviewer11_experiments/results/elastostatic_core/qpinn_soft_uniform_gradnorm_seed0.json,qpinn,soft,uniform,gradnorm,0,5,5,0.005,1000,106,1,grad_q,6.565118605956252,1,0.898816079716471,501,0.13879925524819786,1000,1000,101,11,0.13879925524819786,28.27111742850089,6.263810562191138,0.898816079716471,10.581203255940173,pre-update
core,qpinn_soft_uniform_gradnorm_seed0,reviewer11_experiments/results/elastostatic_core/qpinn_soft_uniform_gradnorm_seed0.json,qpinn,soft,uniform,gradnorm,0,5,5,0.005,1000,106,1,grad_classical,12.645497239400989,1,0.8196445302320029,501,0.27054070036001154,1000,1000,101,11,0.27054070036001154,102.71160898262474,13.093217564953324,0.8196445302320029,30.411534113721128,pre-update
core,qpinn_soft_uniform_gradnorm_seed0,reviewer11_experiments/results/elastostatic_core/qpinn_soft_uniform_gradnorm_seed0.json,qpinn,soft,uniform,gradnorm,0,5,5,0.005,1000,106,1,grad_total,14.248136114663243,1,1.2164240630208392,501,0.30406825518087205,1000,1000,101,11,0.30406825518087205,106.53136017368634,15.045143945213255,1.2164240630208392,31.930639100816293,pre-update
core,qpinn_soft_uniform_gradnorm_seed0,reviewer11_experiments/results/elastostatic_core/qpinn_soft_uniform_gradnorm_seed0.json,qpinn,soft,uniform,gradnorm,0,5,5,0.005,1000,106,1,loss_logged,788.4578857421875,1,0.22104579210281372,501,0.045628033578395844,1000,1000,1,11,0.045628033578395844,788.4578857421875,81.02503720772538,0.22104579210281372,235.93930432540847,preserve logged branch status in checkpoints.csv
core,qpinn_soft_uniform_gradnorm_seed0,reviewer11_experiments/results/elastostatic_core/qpinn_soft_uniform_gradnorm_seed0.json,qpinn,soft,uniform,gradnorm,0,5,5,0.005,1000,106,1,objective_reconstructed,788.4578633122146,1,0.21966848579904574,501,0.04562803484641071,1000,1000,1,11,0.04562803484641071,788.4578633122146,81.02490995611238,0.21966848579904574,235.9393447711917,pre-update
core,qpinn_soft_uniform_gradnorm_seed0,reviewer11_experiments/results/elastostatic_core/qpinn_soft_uniform_gradnorm_seed0.json,qpinn,soft,uniform,gradnorm,0,5,5,0.005,1000,106,1,lf,788.4059448242188,1,0.07185208052396774,501,0.03981946036219597,1000,1000,1,11,0.03981946036219597,788.4059448242188,79.09576657278971,0.07185208052396774,236.31793388371253,pre-update
core,qpinn_soft_uniform_gradnorm_seed0,reviewer11_experiments/results/elastostatic_core/qpinn_soft_uniform_gradnorm_seed0.json,qpinn,soft,uniform,gradnorm,0,5,5,0.005,1000,106,1,lb,0.05191848799586296,1,0.1478639543056488,501,0.005787229165434837,1000,1000,201,11,0.005787229165434837,11.238780975341797,1.9291397482156754,0.06595765054225922,3.8912490529833,pre-update
core,qpinn_soft_uniform_gradnorm_seed0,reviewer11_experiments/results/elastostatic_core/qpinn_soft_uniform_gradnorm_seed0.json,qpinn,soft,uniform,gradnorm,0,5,5,0.005,1000,106,1,rel_l2_51,1.0291639566421509,1,0.22717151045799255,501,0.04495039954781532,1000,1000,201,11,0.04495039954781532,2.0099637508392334,0.5736650736494497,0.22717151045799255,0.6810035334828883,post-update
core,qpinn_soft_uniform_gradnorm_seed0,reviewer11_experiments/results/elastostatic_core/qpinn_soft_uniform_gradnorm_seed0.json,qpinn,soft,uniform,gradnorm,0,5,5,0.005,1000,106,1,pred_mean,0.1547030508518219,1,0.00744229881092906,501,-7.310079672606662e-05,1000,1000,201,11,-7.310079672606662e-05,0.38109302520751953,0.07598413508821977,0.00744229881092906,0.12056174651096814,post-update
core,qpinn_soft_uniform_gradnorm_seed0,reviewer11_experiments/results/elastostatic_core/qpinn_soft_uniform_gradnorm_seed0.json,qpinn,soft,uniform,gradnorm,0,5,5,0.005,1000,106,1,pred_std,0.00579781923443079,1,0.8343064785003662,501,0.7313376069068909,1000,1,201,11,0.00579781923443079,1.9358216524124146,0.9286309874362566,0.7908862829208374,0.5082518600496324,post-update
core,qpinn_soft_uniform_gradnorm_seed0,reviewer11_experiments/results/elastostatic_core/qpinn_soft_uniform_gradnorm_seed0.json,qpinn,soft,uniform,gradnorm,0,5,5,0.005,1000,106,1,pred_norm,2.194826602935791,1,11.799346923828125,501,10.34267520904541,1000,1,201,11,2.194826602935791,27.904706954956055,13.39013060656461,11.184931755065918,6.953785670518581,post-update
core,qpinn_soft_uniform_gradnorm_seed0,reviewer11_experiments/results/elastostatic_core/qpinn_soft_uniform_gradnorm_seed0.json,qpinn,soft,uniform,gradnorm,0,5,5,0.005,1000,106,1,wf,1.0,1,1.000627075345456,501,1.000627075345456,1000,1,501,11,1.0,1.000627075345456,1.0003420410975215,1.000627075345456,0.00032747941873378526,pre-update
core,qpinn_soft_uniform_gradnorm_seed0,reviewer11_experiments/results/elastostatic_core/qpinn_soft_uniform_gradnorm_seed0.json,qpinn,soft,uniform,gradnorm,0,5,5,0.005,1000,106,1,wb,1.0,1,0.9993737101160186,501,0.9993737101160186,1000,501,1,11,0.9993737101160186,1.0,0.9996583873360102,0.9993737101160186,0.00032706922485673906,pre-update
core,qpinn_soft_uniform_gradnorm_seed1,reviewer11_experiments/results/elastostatic_core/qpinn_soft_uniform_gradnorm_seed1.json,qpinn,soft,uniform,gradnorm,1,5,5,0.005,1000,106,1,grad_q,1.1906280339088648,1,2.18975528020269,501,0.3732011695946631,1000,1000,201,11,0.3732011695946631,16.359437551815038,4.3108314294302765,1.6320691606531226,5.666545325545503,pre-update
core,qpinn_soft_uniform_gradnorm_seed1,reviewer11_experiments/results/elastostatic_core/qpinn_soft_uniform_gradnorm_seed1.json,qpinn,soft,uniform,gradnorm,1,5,5,0.005,1000,106,1,grad_classical,4.163284751981543,1,2.4182375599130923,501,0.5063991689156304,1000,1000,101,11,0.5063991689156304,64.5514536326821,10.755942171329114,2.4182375599130923,19.329946111679362,pre-update
core,qpinn_soft_uniform_gradnorm_seed1,reviewer11_experiments/results/elastostatic_core/qpinn_soft_uniform_gradnorm_seed1.json,qpinn,soft,uniform,gradnorm,1,5,5,0.005,1000,106,1,grad_total,4.3301887997189805,1,3.2623459478341634,501,0.6290621839415128,1000,1000,101,11,0.6290621839415128,66.02295855350336,11.802467929343358,3.2623459478341634,20.005734028721047,pre-update
core,qpinn_soft_uniform_gradnorm_seed1,reviewer11_experiments/results/elastostatic_core/qpinn_soft_uniform_gradnorm_seed1.json,qpinn,soft,uniform,gradnorm,1,5,5,0.005,1000,106,1,loss_logged,787.706787109375,1,1.4925694465637207,501,0.10459169745445251,1000,1000,1,11,0.10459169745445251,787.706787109375,83.87775621766394,1.4925694465637207,235.06623162460087,preserve logged branch status in checkpoints.csv
core,qpinn_soft_uniform_gradnorm_seed1,reviewer11_experiments/results/elastostatic_core/qpinn_soft_uniform_gradnorm_seed1.json,qpinn,soft,uniform,gradnorm,1,5,5,0.005,1000,106,1,objective_reconstructed,787.7067974805832,1,1.4965302960107796,501,0.10459170485960083,1000,1000,1,11,0.10459170485960083,787.7067974805832,83.8781175662893,1.4965302960107796,235.06609593433936,pre-update
core,qpinn_soft_uniform_gradnorm_seed1,reviewer11_experiments/results/elastostatic_core/qpinn_soft_uniform_gradnorm_seed1.json,qpinn,soft,uniform,gradnorm,1,5,5,0.005,1000,106,1,lf,787.218994140625,1,0.2859363555908203,501,0.03833369165658951,1000,1000,1,11,0.03833369165658951,787.218994140625,81.17541616342284,0.2859363555908203,235.56552934164077,pre-update
core,qpinn_soft_uniform_gradnorm_seed1,reviewer11_experiments/results/elastostatic_core/qpinn_soft_uniform_gradnorm_seed1.json,qpinn,soft,uniform,gradnorm,1,5,5,0.005,1000,106,1,lb,0.4878033399581909,1,1.1979342699050903,501,0.06586489081382751,1000,1000,201,11,0.06586489081382751,13.19554328918457,2.70033197240396,0.6513243913650513,4.071833538883906,pre-update
core,qpinn_soft_uniform_gradnorm_seed1,reviewer11_experiments/results/elastostatic_core/qpinn_soft_uniform_gradnorm_seed1.json,qpinn,soft,uniform,gradnorm,1,5,5,0.005,1000,106,1,rel_l2_51,1.2130306959152222,1,0.6478988528251648,501,0.1520671546459198,1000,1000,201,11,0.1520671546459198,2.1586341857910156,0.8214629455046221,0.6478988528251648,0.6356518967213253,post-update
core,qpinn_soft_uniform_gradnorm_seed1,reviewer11_experiments/results/elastostatic_core/qpinn_soft_uniform_gradnorm_seed1.json,qpinn,soft,uniform,gradnorm,1,5,5,0.005,1000,106,1,pred_mean,-0.4744441509246826,1,-0.02011968567967415,501,-0.006819902919232845,1000,1,201,11,-0.4744441509246826,0.24736332893371582,-0.00010871726342222907,-0.011450862511992455,0.18560000527554005,post-update
core,qpinn_soft_uniform_gradnorm_seed1,reviewer11_experiments/results/elastostatic_core/qpinn_soft_uniform_gradnorm_seed1.json,qpinn,soft,uniform,gradnorm,1,5,5,0.005,1000,106,1,pred_std,0.0056099058128893375,1,1.0906482934951782,501,0.7910052537918091,1000,1,201,11,0.0056099058128893375,2.0638136863708496,1.071289060341025,0.9846464991569519,0.5269280578864545,post-update
core,qpinn_soft_uniform_gradnorm_seed1,reviewer11_experiments/results/elastostatic_core/qpinn_soft_uniform_gradnorm_seed1.json,qpinn,soft,uniform,gradnorm,1,5,5,0.005,1000,106,1,pred_norm,6.726874351501465,1,15.426733016967773,501,11.186921119689941,1000,1,201,11,6.726874351501465,29.396671295166016,15.798602450977672,13.927241325378418,6.354871659560954,post-update
core,qpinn_soft_uniform_gradnorm_seed1,reviewer11_experiments/results/elastostatic_core/qpinn_soft_uniform_gradnorm_seed1.json,qpinn,soft,uniform,gradnorm,1,5,5,0.005,1000,106,1,wf,1.0,1,0.9866032185981394,501,0.9866032185981394,1000,501,1,11,0.9866032185981394,1.0,0.9926926646898943,0.9866032185981394,0.006996240911360355,pre-update
core,qpinn_soft_uniform_gradnorm_seed1,reviewer11_experiments/results/elastostatic_core/qpinn_soft_uniform_gradnorm_seed1.json,qpinn,soft,uniform,gradnorm,1,5,5,0.005,1000,106,1,wb,1.0,1,1.0137656111690254,501,1.0137656111690254,1000,1,501,11,1.0,1.0137656111690254,1.0075085151831047,1.0137656111690254,0.007188855975304553,pre-update
core,qpinn_soft_uniform_gradnorm_seed2,reviewer11_experiments/results/elastostatic_core/qpinn_soft_uniform_gradnorm_seed2.json,qpinn,soft,uniform,gradnorm,2,5,5,0.005,1000,106,1,grad_q,0.09102714799012461,1,0.09010948327499628,501,0.034701457943043905,1000,1000,101,11,0.034701457943043905,56.49353979963653,5.603435430514969,0.09010948327499628,16.91387989263695,pre-update
core,qpinn_soft_uniform_gradnorm_seed2,reviewer11_experiments/results/elastostatic_core/qpinn_soft_uniform_gradnorm_seed2.json,qpinn,soft,uniform,gradnorm,2,5,5,0.005,1000,106,1,grad_classical,0.6764410215641758,1,0.17494051734601174,501,0.09136200904908917,1000,1000,101,11,0.09136200904908917,94.65847434327385,9.835651627277624,0.17494051734601174,28.307114106691355,pre-update
core,qpinn_soft_uniform_gradnorm_seed2,reviewer11_experiments/results/elastostatic_core/qpinn_soft_uniform_gradnorm_seed2.json,qpinn,soft,uniform,gradnorm,2,5,5,0.005,1000,106,1,grad_total,0.6825382021000743,1,0.19678390072710997,501,0.09773028128916184,1000,1000,101,11,0.09773028128916184,110.23496180472577,11.345114687988342,0.19678390072710997,32.96576461683628,pre-update
core,qpinn_soft_uniform_gradnorm_seed2,reviewer11_experiments/results/elastostatic_core/qpinn_soft_uniform_gradnorm_seed2.json,qpinn,soft,uniform,gradnorm,2,5,5,0.005,1000,106,1,loss_logged,787.098388671875,1,0.04401496425271034,501,0.03482445701956749,1000,1000,1,11,0.03482445701956749,787.098388671875,78.15876918827945,0.04401496425271034,236.09758829143846,preserve logged branch status in checkpoints.csv
core,qpinn_soft_uniform_gradnorm_seed2,reviewer11_experiments/results/elastostatic_core/qpinn_soft_uniform_gradnorm_seed2.json,qpinn,soft,uniform,gradnorm,2,5,5,0.005,1000,106,1,objective_reconstructed,787.0984184443951,1,0.03996232792357121,501,0.034824459280875374,1000,1000,1,11,0.034824459280875374,787.0984184443951,78.15840349508228,0.03996232792357121,236.09773131845932,pre-update
core,qpinn_soft_uniform_gradnorm_seed2,reviewer11_experiments/results/elastostatic_core/qpinn_soft_uniform_gradnorm_seed2.json,qpinn,soft,uniform,gradnorm,2,5,5,0.005,1000,106,1,lf,787.0662841796875,1,0.043308209627866745,501,0.03778624162077904,1000,1000,1,11,0.03778624162077904,787.0662841796875,77.84172482991761,0.043308209627866745,236.10636875292127,pre-update
core,qpinn_soft_uniform_gradnorm_seed2,reviewer11_experiments/results/elastostatic_core/qpinn_soft_uniform_gradnorm_seed2.json,qpinn,soft,uniform,gradnorm,2,5,5,0.005,1000,106,1,lb,0.03213426470756531,1,0.0006765598664060235,501,0.0005522294668480754,1000,401,101,11,1.2865448297816329e-05,3.238212823867798,0.31870207460765826,0.0009132574195973575,0.970566945622357,pre-update
core,qpinn_soft_uniform_gradnorm_seed2,reviewer11_experiments/results/elastostatic_core/qpinn_soft_uniform_gradnorm_seed2.json,qpinn,soft,uniform,gradnorm,2,5,5,0.005,1000,106,1,rel_l2_51,1.0104358196258545,1,0.015852300450205803,501,0.014086825773119926,1000,401,1,11,0.004735725466161966,1.0104358196258545,0.21613910171965306,0.018071245402097702,0.3811443036463704,post-update
core,qpinn_soft_uniform_gradnorm_seed2,reviewer11_experiments/results/elastostatic_core/qpinn_soft_uniform_gradnorm_seed2.json,qpinn,soft,uniform,gradnorm,2,5,5,0.005,1000,106,1,pred_mean,0.10467217862606049,1,0.002014587167650461,501,0.0012081156019121408,1000,101,1,11,-0.0915297120809555,0.10467217862606049,0.010746102589605884,0.0013592421310022473,0.05092101425145734,post-update
core,qpinn_soft_uniform_gradnorm_seed2,reviewer11_experiments/results/elastostatic_core/qpinn_soft_uniform_gradnorm_seed2.json,qpinn,soft,uniform,gradnorm,2,5,5,0.005,1000,106,1,pred_std,0.0006267288699746132,1,0.6988599300384521,501,0.6997048854827881,1000,1,101,11,0.0006267288699746132,1.226343035697937,0.7010069801895455,0.6989578604698181,0.28117460639953185,post-update
core,qpinn_soft_uniform_gradnorm_seed2,reviewer11_experiments/results/elastostatic_core/qpinn_soft_uniform_gradnorm_seed2.json,qpinn,soft,uniform,gradnorm,2,5,5,0.005,1000,106,1,pred_norm,1.4840106964111328,1,9.883414268493652,501,9.895336151123047,1000,1,101,11,1.4840106964111328,17.39158821105957,10.058198582042348,9.884772300720215,3.6310914147652564,post-update
core,qpinn_soft_uniform_gradnorm_seed2,reviewer11_experiments/results/elastostatic_core/qpinn_soft_uniform_gradnorm_seed2.json,qpinn,soft,uniform,gradnorm,2,5,5,0.005,1000,106,1,wf,1.0,1,0.9052953970344766,501,0.9052953970344766,1000,501,1,11,0.9052953970344766,1.0,0.9483429438369873,0.9052953970344766,0.049457865877360035,pre-update
core,qpinn_soft_uniform_gradnorm_seed2,reviewer11_experiments/results/elastostatic_core/qpinn_soft_uniform_gradnorm_seed2.json,qpinn,soft,uniform,gradnorm,2,5,5,0.005,1000,106,1,wb,1.0,1,1.1168340470343352,501,1.1168340470343352,1000,1,501,11,1.0,1.1168340470343352,1.0637276620187284,1.1168340470343352,0.061014591130664465,pre-update
sensitivity,q2_seed0,reviewer11_experiments/results/sensitivity/q2_seed0.json,qpinn,hard,uniform,fixed,0,2,5,0.005,500,55,1,grad_q,6.0417728521002125,1,8.712089952598651,201,1.7783855782494755,500,301,101,6,0.8158581379404418,22.355519391877465,6.9117789571603145,3.910079215174844,8.154598524803763,pre-update
sensitivity,q2_seed0,reviewer11_experiments/results/sensitivity/q2_seed0.json,qpinn,hard,uniform,fixed,0,2,5,0.005,500,55,1,grad_classical,20.481331955511113,1,85.15769431820544,201,6.656241420098772,500,500,101,6,6.656241420098772,202.35698255971428,57.36454899049625,19.67359642853532,76.66756169906542,pre-update
sensitivity,q2_seed0,reviewer11_experiments/results/sensitivity/q2_seed0.json,qpinn,hard,uniform,fixed,0,2,5,0.005,500,55,1,grad_total,21.353875008255898,1,85.60218112253384,201,6.889717345984829,500,500,101,6,6.889717345984829,203.5881078009055,57.855316409628564,20.11868432421156,77.03170991762858,pre-update
sensitivity,q2_seed0,reviewer11_experiments/results/sensitivity/q2_seed0.json,qpinn,hard,uniform,fixed,0,2,5,0.005,500,55,1,loss_logged,791.07421875,1,47.62360763549805,201,9.06151008605957,500,500,1,6,9.06151008605957,791.07421875,195.5190544128418,31.97584819793701,312.28262684596393,preserve logged branch status in checkpoints.csv
sensitivity,q2_seed0,reviewer11_experiments/results/sensitivity/q2_seed0.json,qpinn,hard,uniform,fixed,0,2,5,0.005,500,55,1,objective_reconstructed,791.07421875,1,47.62360763549805,201,9.06151008605957,500,500,1,6,9.06151008605957,791.07421875,195.5190544128418,31.97584819793701,312.28262684596393,pre-update
sensitivity,q2_seed0,reviewer11_experiments/results/sensitivity/q2_seed0.json,qpinn,hard,uniform,fixed,0,2,5,0.005,500,55,1,lf,791.07421875,1,47.62360763549805,201,9.06151008605957,500,500,1,6,9.06151008605957,791.07421875,195.5190544128418,31.97584819793701,312.28262684596393,pre-update
sensitivity,q2_seed0,reviewer11_experiments/results/sensitivity/q2_seed0.json,qpinn,hard,uniform,fixed,0,2,5,0.005,500,55,1,lb,0.0,1,0.0,201,0.0,500,1,1,6,0.0,0.0,0.0,0.0,0.0,pre-update
sensitivity,q2_seed0,reviewer11_experiments/results/sensitivity/q2_seed0.json,qpinn,hard,uniform,fixed,0,2,5,0.005,500,55,1,rel_l2_51,1.0089950561523438,1,0.19543296098709106,201,0.035942692309617996,500,401,1,6,0.03515927493572235,1.0089950561523438,0.314015440021952,0.1278720237314701,0.39277885591043454,post-update
sensitivity,q2_seed0,reviewer11_experiments/results/sensitivity/q2_seed0.json,qpinn,hard,uniform,fixed,0,2,5,0.005,500,55,1,pred_mean,0.07783854752779007,1,0.008794798515737057,201,0.015967853367328644,500,401,1,6,0.007167574018239975,0.07783854752779007,0.02389276446774602,0.014644809998571873,0.026853422031772923,post-update
sensitivity,q2_seed0,reviewer11_experiments/results/sensitivity/q2_seed0.json,qpinn,hard,uniform,fixed,0,2,5,0.005,500,55,1,pred_std,0.03550796955823898,1,0.5704713463783264,201,0.689887523651123,500,1,500,6,0.03550796955823898,0.689887523651123,0.49540916954477626,0.6191380620002747,0.2643792458377283,post-update
sensitivity,q2_seed0,reviewer11_experiments/results/sensitivity/q2_seed0.json,qpinn,hard,uniform,fixed,0,2,5,0.005,500,55,1,pred_norm,1.2124313116073608,1,8.068646430969238,201,9.759109497070312,500,1,500,6,1.2124313116073608,9.759109497070312,7.127021451791127,8.757360458374023,3.4945457246215583,post-update
sensitivity,q2_seed0,reviewer11_experiments/results/sensitivity/q2_seed0.json,qpinn,hard,uniform,fixed,0,2,5,0.005,500,55,1,wf,1.0,1,1.0,201,1.0,500,1,1,6,1.0,1.0,1.0,1.0,0.0,pre-update
sensitivity,q2_seed0,reviewer11_experiments/results/sensitivity/q2_seed0.json,qpinn,hard,uniform,fixed,0,2,5,0.005,500,55,1,wb,0.0,1,0.0,201,0.0,500,1,1,6,0.0,0.0,0.0,0.0,0.0,pre-update
sensitivity,q2_seed1,reviewer11_experiments/results/sensitivity/q2_seed1.json,qpinn,hard,uniform,fixed,1,2,5,0.005,500,55,1,grad_q,0.6642323264318124,1,7.532761554873418,201,1.3844055333141894,500,1,101,6,0.6642323264318124,57.18692455092215,11.68286406773317,1.6787199140209907,22.43318912422175,pre-update
sensitivity,q2_seed1,reviewer11_experiments/results/sensitivity/q2_seed1.json,qpinn,hard,uniform,fixed,1,2,5,0.005,500,55,1,grad_classical,6.3347105621913675,1,58.21601852135316,201,3.357152208009846,500,500,101,6,3.357152208009846,191.31864914338047,46.13864674978161,10.078597334879762,74.12968656310451,pre-update
sensitivity,q2_seed1,reviewer11_experiments/results/sensitivity/q2_seed1.json,qpinn,hard,uniform,fixed,1,2,5,0.005,500,55,1,grad_total,6.3694397312649,1,58.701339926113384,201,3.631397751337125,500,500,101,6,3.631397751337125,199.68267288285375,47.72765672573892,10.166015075551348,77.35153643246376,pre-update
sensitivity,q2_seed1,reviewer11_experiments/results/sensitivity/q2_seed1.json,qpinn,hard,uniform,fixed,1,2,5,0.005,500,55,1,loss_logged,788.0185546875,1,33.37875747680664,201,14.7631254196167,500,500,1,6,14.7631254196167,788.0185546875,192.1065322558085,25.2914400100708,310.44045857174126,preserve logged branch status in checkpoints.csv
sensitivity,q2_seed1,reviewer11_experiments/results/sensitivity/q2_seed1.json,qpinn,hard,uniform,fixed,1,2,5,0.005,500,55,1,objective_reconstructed,788.0185546875,1,33.37875747680664,201,14.7631254196167,500,500,1,6,14.7631254196167,788.0185546875,192.1065322558085,25.2914400100708,310.44045857174126,pre-update
sensitivity,q2_seed1,reviewer11_experiments/results/sensitivity/q2_seed1.json,qpinn,hard,uniform,fixed,1,2,5,0.005,500,55,1,lf,788.0185546875,1,33.37875747680664,201,14.7631254196167,500,500,1,6,14.7631254196167,788.0185546875,192.1065322558085,25.2914400100708,310.44045857174126,pre-update
sensitivity,q2_seed1,reviewer11_experiments/results/sensitivity/q2_seed1.json,qpinn,hard,uniform,fixed,1,2,5,0.005,500,55,1,lb,0.0,1,0.0,201,0.0,500,1,1,6,0.0,0.0,0.0,0.0,0.0,pre-update
sensitivity,q2_seed1,reviewer11_experiments/results/sensitivity/q2_seed1.json,qpinn,hard,uniform,fixed,1,2,5,0.005,500,55,1,rel_l2_51,1.0079389810562134,1,0.1442786604166031,201,0.02497449889779091,500,500,1,6,0.02497449889779091,1.0079389810562134,0.29895132469634217,0.09668941237032413,0.3990711420063851,post-update
sensitivity,q2_seed1,reviewer11_experiments/results/sensitivity/q2_seed1.json,qpinn,hard,uniform,fixed,1,2,5,0.005,500,55,1,pred_mean,0.08158767223358154,1,0.008914667181670666,201,-0.00470321299508214,500,500,1,6,-0.00470321299508214,0.08158767223358154,0.015222895191982388,0.003383678966201842,0.03310868369598817,post-update
sensitivity,q2_seed1,reviewer11_experiments/results/sensitivity/q2_seed1.json,qpinn,hard,uniform,fixed,1,2,5,0.005,500,55,1,pred_std,0.03713472932577133,1,0.6064865589141846,201,0.6908407807350159,500,1,500,6,0.03713472932577133,0.6908407807350159,0.5042169926067194,0.6397641599178314,0.2670952495668169,post-update
sensitivity,q2_seed1,reviewer11_experiments/results/sensitivity/q2_seed1.json,qpinn,hard,uniform,fixed,1,2,5,0.005,500,55,1,pred_norm,1.270340085029602,1,8.577945709228516,201,9.770191192626953,500,1,500,6,1.270340085029602,9.770191192626953,7.255481660366058,9.048128128051758,3.5199611552647694,post-update
sensitivity,q2_seed1,reviewer11_experiments/results/sensitivity/q2_seed1.json,qpinn,hard,uniform,fixed,1,2,5,0.005,500,55,1,wf,1.0,1,1.0,201,1.0,500,1,1,6,1.0,1.0,1.0,1.0,0.0,pre-update
sensitivity,q2_seed1,reviewer11_experiments/results/sensitivity/q2_seed1.json,qpinn,hard,uniform,fixed,1,2,5,0.005,500,55,1,wb,0.0,1,0.0,201,0.0,500,1,1,6,0.0,0.0,0.0,0.0,0.0,pre-update
sensitivity,q4_seed0,reviewer11_experiments/results/sensitivity/q4_seed0.json,qpinn,hard,uniform,fixed,0,4,5,0.005,500,89,1,grad_q,2.8962710134074636,1,8.78117462337146,201,1.1484493256858743,500,500,101,6,1.1484493256858743,59.43990273075482,13.037557003813383,2.979772164830341,22.881484829588604,pre-update
sensitivity,q4_seed0,reviewer11_experiments/results/sensitivity/q4_seed0.json,qpinn,hard,uniform,fixed,0,4,5,0.005,500,89,1,grad_classical,5.555149094825969,1,52.12608302982409,201,5.332535181329127,500,500,101,6,5.332535181329127,203.3075492491314,48.5806576771243,12.581314753817619,77.8094357109442,pre-update
sensitivity,q4_seed0,reviewer11_experiments/results/sensitivity/q4_seed0.json,qpinn,hard,uniform,fixed,0,4,5,0.005,500,89,1,grad_total,6.264827790837517,1,52.860548235884366,201,5.454802224992323,500,500,101,6,5.454802224992323,211.8184638277069,50.37766500943038,12.933673988580587,81.04597156591393,pre-update
sensitivity,q4_seed0,reviewer11_experiments/results/sensitivity/q4_seed0.json,qpinn,hard,uniform,fixed,0,4,5,0.005,500,89,1,loss_logged,787.5059814453125,1,25.776498794555664,201,0.5801281332969666,500,500,1,6,0.5801281332969666,787.5059814453125,187.82749484976134,18.64774513244629,315.50719722540975,preserve logged branch status in checkpoints.csv
sensitivity,q4_seed0,reviewer11_experiments/results/sensitivity/q4_seed0.json,qpinn,hard,uniform,fixed,0,4,5,0.005,500,89,1,objective_reconstructed,787.5059814453125,1,25.776498794555664,201,0.5801281332969666,500,500,1,6,0.5801281332969666,787.5059814453125,187.82749484976134,18.64774513244629,315.50719722540975,pre-update
sensitivity,q4_seed0,reviewer11_experiments/results/sensitivity/q4_seed0.json,qpinn,hard,uniform,fixed,0,4,5,0.005,500,89,1,lf,787.5059814453125,1,25.776498794555664,201,0.5801281332969666,500,500,1,6,0.5801281332969666,787.5059814453125,187.82749484976134,18.64774513244629,315.50719722540975,pre-update
sensitivity,q4_seed0,reviewer11_experiments/results/sensitivity/q4_seed0.json,qpinn,hard,uniform,fixed,0,4,5,0.005,500,89,1,lb,0.0,1,0.0,201,0.0,500,1,1,6,0.0,0.0,0.0,0.0,0.0,pre-update
sensitivity,q4_seed0,reviewer11_experiments/results/sensitivity/q4_seed0.json,qpinn,hard,uniform,fixed,0,4,5,0.005,500,89,1,rel_l2_51,1.0003020763397217,1,0.12453172355890274,201,0.011579037643969059,500,500,1,6,0.011579037643969059,1.0003020763397217,0.29741374977553886,0.08252300322055817,0.40441813268285914,post-update
sensitivity,q4_seed0,reviewer11_experiments/results/sensitivity/q4_seed0.json,qpinn,hard,uniform,fixed,0,4,5,0.005,500,89,1,pred_mean,0.010801614262163639,1,0.009298660792410374,201,4.60183437098749e-05,500,401,101,6,-0.012192023918032646,0.014960341155529022,0.004436294326296775,0.006500908057205379,0.009708021949276818,post-update
sensitivity,q4_seed0,reviewer11_experiments/results/sensitivity/q4_seed0.json,qpinn,hard,uniform,fixed,0,4,5,0.005,500,89,1,pred_std,0.0049100229516625404,1,0.6204903721809387,201,0.699064314365387,500,1,500,6,0.0049100229516625404,0.699064314365387,0.49936227515960735,0.6498620510101318,0.2845976138191607,post-update
sensitivity,q4_seed0,reviewer11_experiments/results/sensitivity/q4_seed0.json,qpinn,hard,uniform,fixed,0,4,5,0.005,500,89,1,pred_norm,0.16814671456813812,1,8.776049613952637,201,9.886262893676758,500,1,500,6,0.16814671456813812,9.886262893676758,7.079815564056237,9.191004276275635,3.9901567101202216,post-update
sensitivity,q4_seed0,reviewer11_experiments/results/sensitivity/q4_seed0.json,qpinn,hard,uniform,fixed,0,4,5,0.005,500,89,1,wf,1.0,1,1.0,201,1.0,500,1,1,6,1.0,1.0,1.0,1.0,0.0,pre-update
sensitivity,q4_seed0,reviewer11_experiments/results/sensitivity/q4_seed0.json,qpinn,hard,uniform,fixed,0,4,5,0.005,500,89,1,wb,0.0,1,0.0,201,0.0,500,1,1,6,0.0,0.0,0.0,0.0,0.0,pre-update
sensitivity,q4_seed1,reviewer11_experiments/results/sensitivity/q4_seed1.json,qpinn,hard,uniform,fixed,1,4,5,0.005,500,89,1,grad_q,2.4078021216271255,1,4.091335506177823,201,1.9262501554043163,500,301,101,6,1.479249190869019,31.126673194763235,7.4733042108956775,3.108158609079835,11.633641489692446,pre-update
sensitivity,q4_seed1,reviewer11_experiments/results/sensitivity/q4_seed1.json,qpinn,hard,uniform,fixed,1,4,5,0.005,500,89,1,grad_classical,6.837036029931479,1,44.677699686897625,201,4.8656676154361875,500,500,101,6,4.8656676154361875,190.95726539757166,44.20190371020491,9.415389318048003,73.46668426027689,pre-update
sensitivity,q4_seed1,reviewer11_experiments/results/sensitivity/q4_seed1.json,qpinn,hard,uniform,fixed,1,4,5,0.005,500,89,1,grad_total,7.248625575341389,1,44.864639478510504,201,5.233083317232741,500,500,101,6,5.233083317232741,193.4775103010482,44.985690293697154,9.666622773752444,74.26863937080823,pre-update
sensitivity,q4_seed1,reviewer11_experiments/results/sensitivity/q4_seed1.json,qpinn,hard,uniform,fixed,1,4,5,0.005,500,89,1,loss_logged,787.705322265625,1,24.513057708740234,201,5.588665008544922,500,500,1,6,5.588665008544922,787.705322265625,173.7290965716044,18.219468116760254,310.46935447906776,preserve logged branch status in checkpoints.csv
sensitivity,q4_seed1,reviewer11_experiments/results/sensitivity/q4_seed1.json,qpinn,hard,uniform,fixed,1,4,5,0.005,500,89,1,objective_reconstructed,787.705322265625,1,24.513057708740234,201,5.588665008544922,500,500,1,6,5.588665008544922,787.705322265625,173.7290965716044,18.219468116760254,310.46935447906776,pre-update
sensitivity,q4_seed1,reviewer11_experiments/results/sensitivity/q4_seed1.json,qpinn,hard,uniform,fixed,1,4,5,0.005,500,89,1,lf,787.705322265625,1,24.513057708740234,201,5.588665008544922,500,500,1,6,5.588665008544922,787.705322265625,173.7290965716044,18.219468116760254,310.46935447906776,pre-update
sensitivity,q4_seed1,reviewer11_experiments/results/sensitivity/q4_seed1.json,qpinn,hard,uniform,fixed,1,4,5,0.005,500,89,1,lb,0.0,1,0.0,201,0.0,500,1,1,6,0.0,0.0,0.0,0.0,0.0,pre-update
sensitivity,q4_seed1,reviewer11_experiments/results/sensitivity/q4_seed1.json,qpinn,hard,uniform,fixed,1,4,5,0.005,500,89,1,rel_l2_51,1.0021512508392334,1,0.11236228048801422,201,0.05331873893737793,500,401,1,6,0.03043774887919426,1.0021512508392334,0.2847189015398423,0.08284050971269608,0.3898972193145517,post-update
sensitivity,q4_seed1,reviewer11_experiments/results/sensitivity/q4_seed1.json,qpinn,hard,uniform,fixed,1,4,5,0.005,500,89,1,pred_mean,0.04081297665834427,1,0.01088300347328186,201,0.032280609011650085,500,101,1,6,0.0012853584485128522,0.04081297665834427,0.017312587568691622,0.012335772160440683,0.01576628937556929,post-update
sensitivity,q4_seed1,reviewer11_experiments/results/sensitivity/q4_seed1.json,qpinn,hard,uniform,fixed,1,4,5,0.005,500,89,1,pred_std,0.018577491864562035,1,0.6293455958366394,201,0.6965135335922241,500,1,500,6,0.018577491864562035,0.6965135335922241,0.5155686745420098,0.6558898389339447,0.2727280368449605,post-update
sensitivity,q4_seed1,reviewer11_experiments/results/sensitivity/q4_seed1.json,qpinn,hard,uniform,fixed,1,4,5,0.005,500,89,1,pred_norm,0.6354763507843018,1,8.901628494262695,201,9.860815048217773,500,1,500,6,0.6354763507843018,9.860815048217773,7.355731924374898,9.276473045349121,3.7235570555410606,post-update
sensitivity,q4_seed1,reviewer11_experiments/results/sensitivity/q4_seed1.json,qpinn,hard,uniform,fixed,1,4,5,0.005,500,89,1,wf,1.0,1,1.0,201,1.0,500,1,1,6,1.0,1.0,1.0,1.0,0.0,pre-update
sensitivity,q4_seed1,reviewer11_experiments/results/sensitivity/q4_seed1.json,qpinn,hard,uniform,fixed,1,4,5,0.005,500,89,1,wb,0.0,1,0.0,201,0.0,500,1,1,6,0.0,0.0,0.0,0.0,0.0,pre-update
sensitivity,q6_seed0,reviewer11_experiments/results/sensitivity/q6_seed0.json,qpinn,hard,uniform,fixed,0,6,5,0.005,500,123,1,grad_q,1.841969593611465,1,8.084235132023256,201,0.7583176510537052,500,500,101,6,0.7583176510537052,38.349675632853796,11.671617478665587,5.437149557979489,14.573146924986549,pre-update
sensitivity,q6_seed0,reviewer11_experiments/results/sensitivity/q6_seed0.json,qpinn,hard,uniform,fixed,0,6,5,0.005,500,123,1,grad_classical,9.08760266655519,1,72.29056135484944,201,2.935738420413415,500,500,101,6,2.935738420413415,212.17778770032763,58.05025223739895,25.904911641124013,79.4717119274739,pre-update
sensitivity,q6_seed0,reviewer11_experiments/results/sensitivity/q6_seed0.json,qpinn,hard,uniform,fixed,0,6,5,0.005,500,123,1,grad_total,9.272398514352702,1,72.7411858486586,201,3.032095930703886,500,500,101,6,3.032095930703886,215.6156562370887,59.54941596336813,28.317579624702464,80.49869691715185,pre-update
sensitivity,q6_seed0,reviewer11_experiments/results/sensitivity/q6_seed0.json,qpinn,hard,uniform,fixed,0,6,5,0.005,500,123,1,loss_logged,788.1441040039062,1,37.75614547729492,201,6.292834758758545,500,500,1,6,6.292834758758545,788.1441040039062,188.02056217193604,24.061102390289307,312.5024240030199,preserve logged branch status in checkpoints.csv
sensitivity,q6_seed0,reviewer11_experiments/results/sensitivity/q6_seed0.json,qpinn,hard,uniform,fixed,0,6,5,0.005,500,123,1,objective_reconstructed,788.1441040039062,1,37.75614547729492,201,6.292834758758545,500,500,1,6,6.292834758758545,788.1441040039062,188.02056217193604,24.061102390289307,312.5024240030199,pre-update
sensitivity,q6_seed0,reviewer11_experiments/results/sensitivity/q6_seed0.json,qpinn,hard,uniform,fixed,0,6,5,0.005,500,123,1,lf,788.1441040039062,1,37.75614547729492,201,6.292834758758545,500,500,1,6,6.292834758758545,788.1441040039062,188.02056217193604,24.061102390289307,312.5024240030199,pre-update
sensitivity,q6_seed0,reviewer11_experiments/results/sensitivity/q6_seed0.json,qpinn,hard,uniform,fixed,0,6,5,0.005,500,123,1,lb,0.0,1,0.0,201,0.0,500,1,1,6,0.0,0.0,0.0,0.0,0.0,pre-update
sensitivity,q6_seed0,reviewer11_experiments/results/sensitivity/q6_seed0.json,qpinn,hard,uniform,fixed,0,6,5,0.005,500,123,1,rel_l2_51,1.0022473335266113,1,0.1650342047214508,201,0.05501405522227287,500,301,1,6,0.05146018788218498,1.0022473335266113,0.3149944680432479,0.11440649628639221,0.3876417744874325,post-update
sensitivity,q6_seed0,reviewer11_experiments/results/sensitivity/q6_seed0.json,qpinn,hard,uniform,fixed,0,6,5,0.005,500,123,1,pred_mean,-0.038992684334516525,1,-0.01205944363027811,201,-0.033706966787576675,500,1,201,6,-0.038992684334516525,-0.01205944363027811,-0.024645297943303984,-0.023382827639579773,0.01327971441164129,post-update
sensitivity,q6_seed0,reviewer11_experiments/results/sensitivity/q6_seed0.json,qpinn,hard,uniform,fixed,0,6,5,0.005,500,123,1,pred_std,0.017794577404856682,1,0.5922724008560181,201,0.6985125541687012,500,1,500,6,0.017794577404856682,0.6985125541687012,0.4991119649882118,0.6332525908946991,0.2758288394491907,post-update
sensitivity,q6_seed0,reviewer11_experiments/results/sensitivity/q6_seed0.json,qpinn,hard,uniform,fixed,0,6,5,0.005,500,123,1,pred_norm,0.6074008345603943,1,8.377740859985352,201,9.89001178741455,500,1,500,6,0.6074008345603943,9.89001178741455,7.123311748107274,8.957274436950684,3.7809306433031944,post-update
sensitivity,q6_seed0,reviewer11_experiments/results/sensitivity/q6_seed0.json,qpinn,hard,uniform,fixed,0,6,5,0.005,500,123,1,wf,1.0,1,1.0,201,1.0,500,1,1,6,1.0,1.0,1.0,1.0,0.0,pre-update
sensitivity,q6_seed0,reviewer11_experiments/results/sensitivity/q6_seed0.json,qpinn,hard,uniform,fixed,0,6,5,0.005,500,123,1,wb,0.0,1,0.0,201,0.0,500,1,1,6,0.0,0.0,0.0,0.0,0.0,pre-update
sensitivity,q6_seed1,reviewer11_experiments/results/sensitivity/q6_seed1.json,qpinn,hard,uniform,fixed,1,6,5,0.005,500,123,1,grad_q,2.9874602108059904,1,4.291950001372125,201,0.575682365808926,500,500,101,6,0.575682365808926,22.763531941735515,5.713502961627906,2.73656804272206,8.456407059198376,pre-update
sensitivity,q6_seed1,reviewer11_experiments/results/sensitivity/q6_seed1.json,qpinn,hard,uniform,fixed,1,6,5,0.005,500,123,1,grad_classical,6.903006510299477,1,53.66393297952024,201,1.788708743229846,500,500,101,6,1.788708743229846,187.5059386578325,45.48486510872719,11.845866864272896,72.10678593041312,pre-update
sensitivity,q6_seed1,reviewer11_experiments/results/sensitivity/q6_seed1.json,qpinn,hard,uniform,fixed,1,6,5,0.005,500,123,1,grad_total,7.52172968089029,1,53.835290819728264,201,1.8790660324773736,500,500,101,6,1.8790660324773736,188.88264986074626,45.90983466495173,12.24673465682877,72.54973727637757,pre-update
sensitivity,q6_seed1,reviewer11_experiments/results/sensitivity/q6_seed1.json,qpinn,hard,uniform,fixed,1,6,5,0.005,500,123,1,loss_logged,788.65380859375,1,23.505615234375,201,0.13421577215194702,500,500,1,6,0.13421577215194702,788.65380859375,169.4062843422095,14.286175727844238,312.97211899030174,preserve logged branch status in checkpoints.csv
sensitivity,q6_seed1,reviewer11_experiments/results/sensitivity/q6_seed1.json,qpinn,hard,uniform,fixed,1,6,5,0.005,500,123,1,objective_reconstructed,788.65380859375,1,23.505615234375,201,0.13421577215194702,500,500,1,6,0.13421577215194702,788.65380859375,169.4062843422095,14.286175727844238,312.97211899030174,pre-update
sensitivity,q6_seed1,reviewer11_experiments/results/sensitivity/q6_seed1.json,qpinn,hard,uniform,fixed,1,6,5,0.005,500,123,1,lf,788.65380859375,1,23.505615234375,201,0.13421577215194702,500,500,1,6,0.13421577215194702,788.65380859375,169.4062843422095,14.286175727844238,312.97211899030174,pre-update
sensitivity,q6_seed1,reviewer11_experiments/results/sensitivity/q6_seed1.json,qpinn,hard,uniform,fixed,1,6,5,0.005,500,123,1,lb,0.0,1,0.0,201,0.0,500,1,1,6,0.0,0.0,0.0,0.0,0.0,pre-update
sensitivity,q6_seed1,reviewer11_experiments/results/sensitivity/q6_seed1.json,qpinn,hard,uniform,fixed,1,6,5,0.005,500,123,1,rel_l2_51,1.0089097023010254,1,0.12413618713617325,201,0.003947178367525339,500,500,1,6,0.003947178367525339,1.0089097023010254,0.27823224174790084,0.089885288849473,0.3959973200380547,post-update
sensitivity,q6_seed1,reviewer11_experiments/results/sensitivity/q6_seed1.json,qpinn,hard,uniform,fixed,1,6,5,0.005,500,123,1,pred_mean,0.08506030589342117,1,0.009334203787147999,201,-0.0005744487862102687,500,500,1,6,-0.0005744487862102687,0.08506030589342117,0.02288582724092218,0.009907993022352457,0.03173639558150842,post-update
sensitivity,q6_seed1,reviewer11_experiments/results/sensitivity/q6_seed1.json,qpinn,hard,uniform,fixed,1,6,5,0.005,500,123,1,pred_std,0.038719676434993744,1,0.6207396984100342,201,0.7044662833213806,500,1,500,6,0.038719676434993744,0.7044662833213806,0.5212751962244511,0.6510950922966003,0.2653093960310059,post-update
sensitivity,q6_seed1,reviewer11_experiments/results/sensitivity/q6_seed1.json,qpinn,hard,uniform,fixed,1,6,5,0.005,500,123,1,pred_norm,1.3244353532791138,1,8.779582023620605,201,9.962661743164062,500,1,500,6,1.3244353532791138,9.962661743164062,7.503220419089,9.212043285369873,3.4732256340222567,post-update
sensitivity,q6_seed1,reviewer11_experiments/results/sensitivity/q6_seed1.json,qpinn,hard,uniform,fixed,1,6,5,0.005,500,123,1,wf,1.0,1,1.0,201,1.0,500,1,1,6,1.0,1.0,1.0,1.0,0.0,pre-update
sensitivity,q6_seed1,reviewer11_experiments/results/sensitivity/q6_seed1.json,qpinn,hard,uniform,fixed,1,6,5,0.005,500,123,1,wb,0.0,1,0.0,201,0.0,500,1,1,6,0.0,0.0,0.0,0.0,0.0,pre-update
sensitivity,q10_seed0,reviewer11_experiments/results/sensitivity/q10_seed0.json,qpinn,hard,uniform,fixed,0,10,5,0.005,500,191,1,grad_q,3.6585080137958057,1,6.60241538487497,201,66.01076595547335,500,1,500,6,3.6585080137958057,66.01076595547335,29.76993644185702,29.43647928428456,24.08965152073558,pre-update
sensitivity,q10_seed0,reviewer11_experiments/results/sensitivity/q10_seed0.json,qpinn,hard,uniform,fixed,0,10,5,0.005,500,191,1,grad_classical,7.291440703951073,1,43.379601914554684,201,34.466317874862916,500,1,101,6,7.291440703951073,184.12724919810591,50.70402876468833,29.47052261513595,66.79712387901668,pre-update
sensitivity,q10_seed0,reviewer11_experiments/results/sensitivity/q10_seed0.json,qpinn,hard,uniform,fixed,0,10,5,0.005,500,191,1,grad_total,8.15780536824964,1,43.87917217974457,201,74.46709535008985,500,1,101,6,8.15780536824964,188.20488570628706,64.51671563140876,46.88495318959319,64.77543000497458,pre-update
sensitivity,q10_seed0,reviewer11_experiments/results/sensitivity/q10_seed0.json,qpinn,hard,uniform,fixed,0,10,5,0.005,500,191,1,loss_logged,787.4805908203125,1,19.57573890686035,201,10.922886848449707,500,500,1,6,10.922886848449707,787.4805908203125,166.8113775253296,15.777920722961426,309.6552823047342,preserve logged branch status in checkpoints.csv
sensitivity,q10_seed0,reviewer11_experiments/results/sensitivity/q10_seed0.json,qpinn,hard,uniform,fixed,0,10,5,0.005,500,191,1,objective_reconstructed,787.4805908203125,1,19.57573890686035,201,10.922886848449707,500,500,1,6,10.922886848449707,787.4805908203125,166.8113775253296,15.777920722961426,309.6552823047342,pre-update
sensitivity,q10_seed0,reviewer11_experiments/results/sensitivity/q10_seed0.json,qpinn,hard,uniform,fixed,0,10,5,0.005,500,191,1,lf,787.4805908203125,1,19.57573890686035,201,10.922886848449707,500,500,1,6,10.922886848449707,787.4805908203125,166.8113775253296,15.777920722961426,309.6552823047342,pre-update
sensitivity,q10_seed0,reviewer11_experiments/results/sensitivity/q10_seed0.json,qpinn,hard,uniform,fixed,0,10,5,0.005,500,191,1,lb,0.0,1,0.0,201,0.0,500,1,1,6,0.0,0.0,0.0,0.0,0.0,pre-update
sensitivity,q10_seed0,reviewer11_experiments/results/sensitivity/q10_seed0.json,qpinn,hard,uniform,fixed,0,10,5,0.005,500,191,1,rel_l2_51,1.0038124322891235,1,0.09756581485271454,201,0.01774861477315426,500,401,1,6,0.016491521149873734,1.0038124322891235,0.26203980824599665,0.06477557495236397,0.3925580098780502,post-update
sensitivity,q10_seed0,reviewer11_experiments/results/sensitivity/q10_seed0.json,qpinn,hard,uniform,fixed,0,10,5,0.005,500,191,1,pred_mean,0.05795961990952492,1,0.002058593789115548,201,0.006047035101801157,500,301,1,6,-0.002767515368759632,0.05795961990952492,0.011637541974778287,0.0040528144454583526,0.0229962740233102,post-update
sensitivity,q10_seed0,reviewer11_experiments/results/sensitivity/q10_seed0.json,qpinn,hard,uniform,fixed,0,10,5,0.005,500,191,1,pred_std,0.02646053023636341,1,0.6387196779251099,201,0.6979846954345703,500,1,500,6,0.02646053023636341,0.6979846954345703,0.5279501828675469,0.6619835495948792,0.2670650653784296,post-update
sensitivity,q10_seed0,reviewer11_experiments/results/sensitivity/q10_seed0.json,qpinn,hard,uniform,fixed,0,10,5,0.005,500,191,1,pred_norm,0.9029146432876587,1,9.03290843963623,201,9.871366500854492,500,1,500,6,0.9029146432876587,9.871366500854492,7.554680685202281,9.361924648284912,3.579302307690726,post-update
sensitivity,q10_seed0,reviewer11_experiments/results/sensitivity/q10_seed0.json,qpinn,hard,uniform,fixed,0,10,5,0.005,500,191,1,wf,1.0,1,1.0,201,1.0,500,1,1,6,1.0,1.0,1.0,1.0,0.0,pre-update
sensitivity,q10_seed0,reviewer11_experiments/results/sensitivity/q10_seed0.json,qpinn,hard,uniform,fixed,0,10,5,0.005,500,191,1,wb,0.0,1,0.0,201,0.0,500,1,1,6,0.0,0.0,0.0,0.0,0.0,pre-update
sensitivity,q10_seed1,reviewer11_experiments/results/sensitivity/q10_seed1.json,qpinn,hard,uniform,fixed,1,10,5,0.005,500,191,1,grad_q,1.1146360957958799,1,2.5471591823157236,201,3.6748514148639084,500,401,101,6,0.8178467174789956,34.54045692523323,7.462185961729065,2.3126623085011877,13.305340731555772,pre-update
sensitivity,q10_seed1,reviewer11_experiments/results/sensitivity/q10_seed1.json,qpinn,hard,uniform,fixed,1,10,5,0.005,500,191,1,grad_classical,5.685005749201197,1,30.163264812220095,201,2.460738768060286,500,500,101,6,2.460738768060286,156.4933951914598,34.594478763847384,7.971732581726532,60.612256370438885,pre-update
sensitivity,q10_seed1,reviewer11_experiments/results/sensitivity/q10_seed1.json,qpinn,hard,uniform,fixed,1,10,5,0.005,500,191,1,grad_total,5.793246412375512,1,30.2706221282644,201,4.422642672199748,500,401,101,6,2.636086606429301,160.25986990870268,35.64155145950659,8.130043720721705,61.882534709669706,pre-update
sensitivity,q10_seed1,reviewer11_experiments/results/sensitivity/q10_seed1.json,qpinn,hard,uniform,fixed,1,10,5,0.005,500,191,1,loss_logged,787.7261352539062,1,17.031503677368164,201,5.229581356048584,500,500,1,6,5.229581356048584,787.7261352539062,162.08339381217957,12.006763219833374,311.6825913724638,preserve logged branch status in checkpoints.csv
sensitivity,q10_seed1,reviewer11_experiments/results/sensitivity/q10_seed1.json,qpinn,hard,uniform,fixed,1,10,5,0.005,500,191,1,objective_reconstructed,787.7261352539062,1,17.031503677368164,201,5.229581356048584,500,500,1,6,5.229581356048584,787.7261352539062,162.08339381217957,12.006763219833374,311.6825913724638,pre-update
sensitivity,q10_seed1,reviewer11_experiments/results/sensitivity/q10_seed1.json,qpinn,hard,uniform,fixed,1,10,5,0.005,500,191,1,lf,787.7261352539062,1,17.031503677368164,201,5.229581356048584,500,500,1,6,5.229581356048584,787.7261352539062,162.08339381217957,12.006763219833374,311.6825913724638,pre-update
sensitivity,q10_seed1,reviewer11_experiments/results/sensitivity/q10_seed1.json,qpinn,hard,uniform,fixed,1,10,5,0.005,500,191,1,lb,0.0,1,0.0,201,0.0,500,1,1,6,0.0,0.0,0.0,0.0,0.0,pre-update
sensitivity,q10_seed1,reviewer11_experiments/results/sensitivity/q10_seed1.json,qpinn,hard,uniform,fixed,1,10,5,0.005,500,191,1,rel_l2_51,1.0028903484344482,1,0.07551172375679016,201,0.04943709075450897,500,500,1,6,0.04943709075450897,1.0028903484344482,0.2698702458292246,0.06713969632983208,0.38161305747689395,post-update
sensitivity,q10_seed1,reviewer11_experiments/results/sensitivity/q10_seed1.json,qpinn,hard,uniform,fixed,1,10,5,0.005,500,191,1,pred_mean,0.048231590539216995,1,0.009400253184139729,201,0.030834775418043137,500,201,1,6,0.009400253184139729,0.048231590539216995,0.027556819065163534,0.03150804340839386,0.014694042433956922,post-update
sensitivity,q10_seed1,reviewer11_experiments/results/sensitivity/q10_seed1.json,qpinn,hard,uniform,fixed,1,10,5,0.005,500,191,1,pred_std,0.021950528025627136,1,0.6553635597229004,201,0.7018417119979858,500,1,500,6,0.021950528025627136,0.7018417119979858,0.5349654033780098,0.6721587181091309,0.27046959650889424,post-update
sensitivity,q10_seed1,reviewer11_experiments/results/sensitivity/q10_seed1.json,qpinn,hard,uniform,fixed,1,10,5,0.005,500,191,1,pred_norm,0.7509651780128479,1,9.269198417663574,201,9.935163497924805,500,1,500,6,0.7509651780128479,9.935163497924805,7.64473741253217,9.51192331314087,3.6622426724474764,post-update
sensitivity,q10_seed1,reviewer11_experiments/results/sensitivity/q10_seed1.json,qpinn,hard,uniform,fixed,1,10,5,0.005,500,191,1,wf,1.0,1,1.0,201,1.0,500,1,1,6,1.0,1.0,1.0,1.0,0.0,pre-update
sensitivity,q10_seed1,reviewer11_experiments/results/sensitivity/q10_seed1.json,qpinn,hard,uniform,fixed,1,10,5,0.005,500,191,1,wb,0.0,1,0.0,201,0.0,500,1,1,6,0.0,0.0,0.0,0.0,0.0,pre-update
sensitivity,lr5e-3_seed0,reviewer11_experiments/results/sensitivity/lr5e-3_seed0.json,qpinn,hard,uniform,fixed,0,5,5,0.005,500,106,1,grad_q,12.680956311572839,1,5.796503815420965,201,0.7614833015675504,500,500,101,6,0.7614833015675504,31.82491629508072,9.16890909022496,4.370312575383492,11.942166699538086,pre-update
sensitivity,lr5e-3_seed0,reviewer11_experiments/results/sensitivity/lr5e-3_seed0.json,qpinn,hard,uniform,fixed,0,5,5,0.005,500,106,1,grad_classical,22.821160689876287,1,47.35541478361119,201,2.5832509265888186,500,500,101,6,2.5832509265888186,184.98570566564962,46.39440667631554,19.60537001581635,69.80200827854812,pre-update
sensitivity,lr5e-3_seed0,reviewer11_experiments/results/sensitivity/lr5e-3_seed0.json,qpinn,hard,uniform,fixed,0,5,5,0.005,500,106,1,grad_total,26.10770055384376,1,47.7088541657631,201,2.693147260787684,500,500,101,6,2.693147260787684,187.70332068934542,47.53568097492206,21.37980609948316,70.61995740582948,pre-update
sensitivity,lr5e-3_seed0,reviewer11_experiments/results/sensitivity/lr5e-3_seed0.json,qpinn,hard,uniform,fixed,0,5,5,0.005,500,106,1,loss_logged,789.0296630859375,1,25.440509796142578,201,5.87786340713501,500,500,1,6,5.87786340713501,789.0296630859375,174.27894854545593,17.69679307937622,311.3905634268343,preserve logged branch status in checkpoints.csv
sensitivity,lr5e-3_seed0,reviewer11_experiments/results/sensitivity/lr5e-3_seed0.json,qpinn,hard,uniform,fixed,0,5,5,0.005,500,106,1,objective_reconstructed,789.0296630859375,1,25.440509796142578,201,5.87786340713501,500,500,1,6,5.87786340713501,789.0296630859375,174.27894854545593,17.69679307937622,311.3905634268343,pre-update
sensitivity,lr5e-3_seed0,reviewer11_experiments/results/sensitivity/lr5e-3_seed0.json,qpinn,hard,uniform,fixed,0,5,5,0.005,500,106,1,lf,789.0296630859375,1,25.440509796142578,201,5.87786340713501,500,500,1,6,5.87786340713501,789.0296630859375,174.27894854545593,17.69679307937622,311.3905634268343,pre-update
sensitivity,lr5e-3_seed0,reviewer11_experiments/results/sensitivity/lr5e-3_seed0.json,qpinn,hard,uniform,fixed,0,5,5,0.005,500,106,1,lb,0.0,1,0.0,201,0.0,500,1,1,6,0.0,0.0,0.0,0.0,0.0,pre-update
sensitivity,lr5e-3_seed0,reviewer11_experiments/results/sensitivity/lr5e-3_seed0.json,qpinn,hard,uniform,fixed,0,5,5,0.005,500,106,1,rel_l2_51,1.0014833211898804,1,0.12065738439559937,201,0.054284531623125076,500,500,1,6,0.054284531623125076,1.0014833211898804,0.2945942214379708,0.09134109318256378,0.38244851538404895,post-update
sensitivity,lr5e-3_seed0,reviewer11_experiments/results/sensitivity/lr5e-3_seed0.json,qpinn,hard,uniform,fixed,0,5,5,0.005,500,106,1,pred_mean,0.02644132263958454,1,0.01999920979142189,201,0.033508360385894775,500,201,500,6,0.01999920979142189,0.033508360385894775,0.02691881110270818,0.027347163297235966,0.005973710014546731,post-update
sensitivity,lr5e-3_seed0,reviewer11_experiments/results/sensitivity/lr5e-3_seed0.json,qpinn,hard,uniform,fixed,0,5,5,0.005,500,106,1,pred_std,0.012363513000309467,1,0.6257719993591309,201,0.6996814608573914,500,1,500,6,0.012363513000309467,0.6996814608573914,0.5144764316889147,0.6517213881015778,0.27492326781209,post-update
sensitivity,lr5e-3_seed0,reviewer11_experiments/results/sensitivity/lr5e-3_seed0.json,qpinn,hard,uniform,fixed,0,5,5,0.005,500,106,1,pred_norm,0.4136413335800171,1,8.854293823242188,201,9.906387329101562,500,1,500,6,0.4136413335800171,9.906387329101562,7.322796086470286,9.223186492919922,3.804621349214572,post-update
sensitivity,lr5e-3_seed0,reviewer11_experiments/results/sensitivity/lr5e-3_seed0.json,qpinn,hard,uniform,fixed,0,5,5,0.005,500,106,1,wf,1.0,1,1.0,201,1.0,500,1,1,6,1.0,1.0,1.0,1.0,0.0,pre-update
sensitivity,lr5e-3_seed0,reviewer11_experiments/results/sensitivity/lr5e-3_seed0.json,qpinn,hard,uniform,fixed,0,5,5,0.005,500,106,1,wb,0.0,1,0.0,201,0.0,500,1,1,6,0.0,0.0,0.0,0.0,0.0,pre-update
sensitivity,lr5e-3_seed1,reviewer11_experiments/results/sensitivity/lr5e-3_seed1.json,qpinn,hard,uniform,fixed,1,5,5,0.005,500,106,1,grad_q,6.502610839899962,1,6.609240316049878,201,1.5088139221065904,500,500,101,6,1.5088139221065904,40.14286787487181,10.265360891808532,5.625830335665569,14.793949428596017,pre-update
sensitivity,lr5e-3_seed1,reviewer11_experiments/results/sensitivity/lr5e-3_seed1.json,qpinn,hard,uniform,fixed,1,5,5,0.005,500,106,1,grad_classical,15.501091424867143,1,42.5461972585067,201,5.5472930677562875,500,500,101,6,5.5472930677562875,181.7565045692567,44.414890641343845,14.661337201280706,68.59320224121352,pre-update
sensitivity,lr5e-3_seed1,reviewer11_experiments/results/sensitivity/lr5e-3_seed1.json,qpinn,hard,uniform,fixed,1,5,5,0.005,500,106,1,grad_total,16.80975261856266,1,43.05648567538998,201,5.7488242129256,500,500,101,6,5.7488242129256,186.13671533164447,45.66215901317131,15.712229289511317,70.11077797609175,pre-update
sensitivity,lr5e-3_seed1,reviewer11_experiments/results/sensitivity/lr5e-3_seed1.json,qpinn,hard,uniform,fixed,1,5,5,0.005,500,106,1,loss_logged,789.7645263671875,1,22.345876693725586,201,0.8505131602287292,500,500,1,6,0.8505131602287292,789.7645263671875,175.22643116116524,16.582838535308838,313.08149635465446,preserve logged branch status in checkpoints.csv
sensitivity,lr5e-3_seed1,reviewer11_experiments/results/sensitivity/lr5e-3_seed1.json,qpinn,hard,uniform,fixed,1,5,5,0.005,500,106,1,objective_reconstructed,789.7645263671875,1,22.345876693725586,201,0.8505131602287292,500,500,1,6,0.8505131602287292,789.7645263671875,175.22643116116524,16.582838535308838,313.08149635465446,pre-update
sensitivity,lr5e-3_seed1,reviewer11_experiments/results/sensitivity/lr5e-3_seed1.json,qpinn,hard,uniform,fixed,1,5,5,0.005,500,106,1,lf,789.7645263671875,1,22.345876693725586,201,0.8505131602287292,500,500,1,6,0.8505131602287292,789.7645263671875,175.22643116116524,16.582838535308838,313.08149635465446,pre-update
sensitivity,lr5e-3_seed1,reviewer11_experiments/results/sensitivity/lr5e-3_seed1.json,qpinn,hard,uniform,fixed,1,5,5,0.005,500,106,1,lb,0.0,1,0.0,201,0.0,500,1,1,6,0.0,0.0,0.0,0.0,0.0,pre-update
sensitivity,lr5e-3_seed1,reviewer11_experiments/results/sensitivity/lr5e-3_seed1.json,qpinn,hard,uniform,fixed,1,5,5,0.005,500,106,1,rel_l2_51,1.0086508989334106,1,0.10340911149978638,201,0.019620362669229507,500,500,1,6,0.019620362669229507,1.0086508989334106,0.285629032800595,0.07965889945626259,0.395383599594987,post-update
sensitivity,lr5e-3_seed1,reviewer11_experiments/results/sensitivity/lr5e-3_seed1.json,qpinn,hard,uniform,fixed,1,5,5,0.005,500,106,1,pred_mean,-0.080941341817379,1,0.004962925799190998,201,0.009902114048600197,500,1,401,6,-0.080941341817379,0.03383605554699898,-0.008250728365965188,0.0005939468974247575,0.039004669764698796,post-update
sensitivity,lr5e-3_seed1,reviewer11_experiments/results/sensitivity/lr5e-3_seed1.json,qpinn,hard,uniform,fixed,1,5,5,0.005,500,106,1,pred_std,0.0368981771171093,1,0.6348721981048584,201,0.6986448168754578,500,1,500,6,0.0368981771171093,0.6986448168754578,0.5185507206867138,0.6578243970870972,0.2679737126456919,post-update
sensitivity,lr5e-3_seed1,reviewer11_experiments/results/sensitivity/lr5e-3_seed1.json,qpinn,hard,uniform,fixed,1,5,5,0.005,500,106,1,pred_norm,1.2606136798858643,1,8.978724479675293,201,9.881327629089355,500,1,500,6,1.2606136798858643,9.881327629089355,7.459323922793071,9.303254127502441,3.5283347249875674,post-update
sensitivity,lr5e-3_seed1,reviewer11_experiments/results/sensitivity/lr5e-3_seed1.json,qpinn,hard,uniform,fixed,1,5,5,0.005,500,106,1,wf,1.0,1,1.0,201,1.0,500,1,1,6,1.0,1.0,1.0,1.0,0.0,pre-update
sensitivity,lr5e-3_seed1,reviewer11_experiments/results/sensitivity/lr5e-3_seed1.json,qpinn,hard,uniform,fixed,1,5,5,0.005,500,106,1,wb,0.0,1,0.0,201,0.0,500,1,1,6,0.0,0.0,0.0,0.0,0.0,pre-update
